group_key,s0,da,db,dk,dall
AAGFPTSOPGCENQ,0.007782676006382608,0.0047231581901891,0.003779636480982994,0.00683285769773782,0.007698801471589177
ADWTYURAFSWNSU,0.026605718160846628,0.020305286793521338,0.02503749750736112,0.025613368982223127,0.02607907367632582
AEKQMJRJRAHOAP,0.009248179970627593,0.004314176228070231,0.00028615756175939984,0.004139324354644386,0.009001124061368874
AEOCXXJPGCBFJA,0.003881177703801954,0.0011400230754640183,0.0037083307988166987,0.0030201184004818235,0.0038801261116528873
AFAIELJLZYUNPW,0.00807826159247824,2.5261695746851137e-06,0.0041330427935851125,0.0018650521667855254,0.00799836121405344
AFYCEAFSNDLKSX,0.005801202843398834,0.002602140009419181,0.005655662030227567,0.00512243726357442,0.005705115363597699
AGOYDEPGAOXOCK,0.12958519996863285,0.11632559916884742,0.12916650193968504,0.0008054583211193067,0.12954021340396973
AHMMSNQYOPMLSX,0.022381812124829852,0.0138536477382215,0.02201084096131401,0.0005053107579446985,0.022356289798441804
AHOUBRCZNHFOSL,0.007662207435638037,0.0007422392973852679,0.007384874351105702,0.005113219347410316,0.007660947862754485
AKNNEGZIBPJZJG,0.0796106394792799,0.07614481263233734,0.07836478743141267,0.07880743397228364,0.07896534095566261
AKNQMEBLVAMSNZ,0.05344904871637547,0.040439626526586364,0.052899917614194734,0.04924816298225788,0.053103802399059534
ALZOLUNSQWINIR,0.02949541573382674,0.010927239541399451,0.02378263833090294,0.020295933684112068,0.02470418675630582
AMEKQAFGQBKLKX,0.04141306090969628,0.004722170375208945,0.010450751644739263,0.0005546412290912267,0.0412722308901905
AMFGTOFWMRQMEM,0.015189776090411555,0.01486598613435841,0.009327769339741668,0.013177851127769315,0.015184850807491828
AMRQXHFXNZFDCH,0.2025410105189871,0.194493564662934,0.19427035082689123,0.189898090213941,0.19975396769242987
ANJTVLIZGCUXLD,0.003872143450473528,0.00047893871942903884,0.003484262625105208,0.002218209943764461,0.003854363131012101
AQHHHDLHHXJYJD,0.006221717261913426,9.913043555677056e-05,0.004159370058890817,0.001206548803901965,0.006215421826593667
AQSQFWLMFCKKMG,0.0004976623415728957,0.0003829842113678348,0.0004480117096128312,0.0004719570235161959,0.0004976373624908164
ASDAXOTYWQZBDR,0.017674897643973113,0.0024055157720107353,0.014541725981869816,0.013839238948559839,0.017645607728917295
ASOKPJOREAFHNY,0.004662333447953486,0.0027490897944665088,0.004315462762867541,0.004154029015578456,0.004616890139834947
ATROHALUCMTWTB,0.0006851630657341429,0.00031654747241923424,2.831992611218169e-06,0.00017636084614672622,0.0006810515801357208
ATWWYGQDYGSWQA,0.017200166129197177,0.014257899758959507,0.014221621499404227,0.01666215640338551,0.016739317677182574
AUFSOOYCQYDGES,0.13275686212737697,0.1322096123829357,0.1323294052824325,0.1326085557743269,0.13260966342291342
AUGQEEXBDZWUJY,0.0012697474241030763,0.0009712838415687385,0.00019480819774662125,0.0007216450037244632,0.0012673275804416751
AUMLVMKWJGCERZ,0.0005710815386428953,0.0004767088236809228,0.0002640779410087917,0.000451768763769924,0.0005233491537784667
AUQAUAIUNJIIEP,0.06576971658889141,0.06366021352617902,0.06371445696915128,0.06575650545846272,0.06575868351871961
AWYOMXWDGWUJHS,0.009603686933210471,0.007974759309120508,0.006223939296383676,0.008799042292493307,0.009146997258046335
AWZOLILCOUMRDG,0.0010642518192836591,0.00036636631549338383,0.00101692969227207,0.0006703016802402807,0.0010310673557820198
BACYUWVYYTXETD,0.0012668629325940132,3.3087775169553767e-07,0.0006864428878486411,3.9315424246888974e-05,0.0012590601608262
BAFQDKPJKOLXFZ,0.004264146418181782,0.003130419332647882,0.003544226251998091,0.0038373434330134927,0.0042312618538259735
BBXXLROWFHWFQY,0.006626895739873461,0.004940755280527768,0.002509273620610498,0.0052642774386727495,0.006592048341970821
BCGWQEUPMDMJNV,0.001429740128431276,4.1145352414648055e-07,0.0014075105454702784,0.0002644966413047785,0.0014186758787045955
BCTQJXQXJVLSIG,0.011875396759400775,0.008435682033396303,0.011385454201930871,0.011128832363555757,0.011598905506829146
BDNFQGRSKSQXRI,0.005761081548705868,0.005172566030908039,0.005510681865330118,0.005718270020229312,0.005728502804510934
BEAXWKCHSPVXQB,0.09640550738100222,0.09183976657041787,0.09606176026321954,0.000912230858956628,0.09639914608327085
BEOZJBLIRPRMJM,0.004220117756348555,0.0007781375066560989,0.0038801317447006377,0.002636861737035203,0.004089383913997716
BEZZFPOZAYTVHN,0.03641602863378677,0.0279513777147967,0.03481751467804494,0.034596253788327105,0.03546884005276794
BGRWYRAHAFMIBJ,0.03202318389205606,0.029161714834000832,0.03076994655662601,0.031860028470711246,0.03202269087009681
BHAAPTBBJKJZER,0.01197381072332749,0.010238315742980703,0.010354750193333696,0.011483453755103479,0.011938293406150425
BHHGXPLMPWCGHP,0.039184333370879953,0.0385403251297383,0.03569955204712275,0.03888456642403144,0.039172001212538145
BIXJFIJYBLJTMK,0.019689222454896863,0.005841396593415571,0.018908687502363138,0.014084961306530329,0.019623754054308027
BJQHLKABXJIVAM,0.0019366194877867486,0.0018589218197608637,0.001652713409830424,0.0012638285900175212,0.0019264958241390754
BLGXFZZNTVWLAY,0.008735589371367133,0.0031988539164770277,0.008689841195705489,0.006928729787248341,0.008713790573455452
BMLIZLVNXIYGCK,0.010564811926015157,0.0020340768543371975,0.009126754130541424,0.005631696001455381,0.010530146203539563
BOFHKBLZOYVHSI,0.0013876470163647085,4.1190494344230675e-05,0.0006918699699730961,7.115339286369688e-05,0.0013794988971150188
BPICBUSOMSTKRF,0.003561705554340105,0.00017267776352108272,0.0013462318000805945,0.00014613493782458364,0.0034986401385926373
BQGRVFPPZJPWPB,0.007052370202503455,0.005998466405516725,0.006775681281398241,0.006971321649678693,0.007031537173372658
BQYJATMQXGBDHF,0.029299420861109517,0.02776622853528825,0.012833749169654293,0.022594172042729614,0.029279543001236752
BUGYDGFZZOZRHP,0.011798983115640212,0.008397803394084132,0.01067101335119638,0.011165346561521187,0.0117748587560192
BUXRLJCGHZZYNE,0.0414815379288231,0.03686012847329706,0.03946356620016242,0.04133442262325119,0.04146541098942038
BUYMVQAILCEWRR,0.0033708846786374477,0.003357380875237677,0.003334880991263098,0.001650030304818281,0.0033666808306391524
BWHOZHOGCMHOBV,0.03033038069819851,0.027951712812359385,0.028260331746014895,0.03030127481218751,0.03032866301736393
BWQSLRZZOVFVHJ,0.00389609923763325,6.280517393063463e-05,0.00290326336249969,0.0010854228764935218,0.0037921100317549073
BXEHUCNTIZGSOJ,0.0007249215764789662,1.4835003931580365e-05,9.06158853509546e-05,4.601857590591529e-05,0.0007183286808673729
BXFOFFBJRFZBQZ,0.0033114313405920416,5.10509182130494e-07,0.0016902618096105784,7.049604481568867e-05,0.0033034131591147733
BXNANOICGRISHX,0.016583921446484066,0.01365549988250339,0.01299525255833424,0.015107545861515023,0.01527179135325245
BZKPWHYZMXOIDC,0.012902807381094275,0.005920567911441032,0.0007652778682746171,0.0008982975025016784,0.012834015620694153
CABMTIJINOIHOD,0.012873109152931475,0.0006345094897202454,0.010272150004476614,0.005585490868377323,0.012697568473487538
CAWXEEYDBZRFPE,0.006986896707023781,0.0023650412132047664,0.00038847557812893545,0.000702050738495187,0.006981689216401848
CBVCZFGXHXORBI,0.09410857353310897,0.0005660911891785247,0.0923883862174775,0.026160019604916304,0.09410212387739728
CCGPUGMWYLICGL,0.014203840609543012,0.00011511846154631938,0.011513231924828764,0.007227039791104705,0.013660017812758237
CEAZRRDELHUEMR,0.01527702713867015,6.0968783138286645e-05,0.013578007769882314,0.0024767250429550153,0.015159882310201397
CEEDFYRUPAWDOU,0.0913095507392965,0.08819569352947337,0.09113790946737302,0.0009451464459404868,0.09129049353374903
CEIZFXOZIQNICU,0.0010035237815880097,0.0005363529160077651,2.2115979143690675e-06,0.0002642048024638612,0.001003393029880059
CEQFOVLGLXCDCX,0.03059874065121777,0.020021076030498502,0.029983542166708555,0.028114546548820646,0.03015897163718137
CGSLYBDCEGBZCG,0.012428756499665157,0.0006994945314089882,0.004562905556620884,5.361168081662038e-07,0.01236599278478408
CHIFOSRWCNZCFN,0.004542934740569123,0.004101022879393876,0.0008691782019442,0.00298295357677279,0.004538091030378724
CIEXPHRYOLIQQD,0.005736302391688685,0.00046109249374589375,0.0025684809547097546,0.005729941738687502,0.005734956211171653
CIFWZNRJIBNXRE,0.0049274393865506635,0.0026182821233329033,2.7304000646859e-05,0.0004508395508015725,0.0048661847398369235
CIGKZVUEZXGYSV,0.006735295238945654,0.0038468910550903085,0.005760345231122052,0.005616946905449794,0.006476248794201545
CJCSPKMFHVPWAR,0.033617613990462286,0.03323455387467167,0.025039521865212945,0.032290452011096135,0.033610796421188964
CJHXCRMKMMBYJQ,0.01127454233150825,0.005435118257012082,0.006013773891414633,0.010775252297948809,0.011252316537069356
CJIASZBWXIFQMU,0.13821250278952232,0.13180076453793152,0.13779351146777358,0.001094062288665515,0.1381898509101671
CJJOSEISRRTUQB,0.004112759946312804,6.130521071011884e-06,0.0018003468875240005,3.155729549315922e-05,0.004111896768694949
CJPQIRJHIZUAQP,0.0014584499580688572,0.0012306475044893124,0.0005534586971353087,0.0011087078839635478,0.0013853357808526982
CLKZWXHKFXZIMA,0.008020667720991994,0.0028030773519850914,0.0068988559490876745,0.005582137042551681,0.006984717611412121
CLSJYOLYMZNKJB,0.002865557629936561,0.0003137692413132855,0.002300140611963411,0.001367441019547015,0.0028582642069553453
CMEWLCATCRTSGF,0.0013038962629313212,0.0002192824578859901,0.0011733610036725357,0.0008948598036128833,0.0012860087744330985
CMGDVUCDZOBDNL,0.012486899693528881,0.004180051026305406,0.012022437778294327,0.009602098770837134,0.012383367139230834
CMWTZPSULFXXJA,0.05074828225637941,0.049416205219934374,0.046551098364556745,0.05046168845824107,0.05074763901415061
CNIGFESSDPOCKS,0.003808835748331938,1.1939489100447516e-05,0.003146282333976387,0.0005811816900734438,0.0037600558398705173
CNKHSLKYRMDDNQ,0.3232591652867338,0.23578735829535113,0.2351075221791952,0.2110666248669198,0.32111071591744983
CNWSQCLBDWYLAN,0.04169324269749322,0.038828440524845825,0.0306553493192755,0.03808313875567197,0.04162264629706523
COYBRKAVBMYYSF,0.06312921622803203,0.059259071052248494,0.06196675750627291,0.06269962378277466,0.06287844268734159
CPEUVMUXAHMANV,0.010022040095455629,0.002777908293236515,0.0068298995447423246,0.008753624710570828,0.009328573128761728
CPHJEACXPATRSU,0.08519573559287877,0.008729771533286593,0.06095877597904274,0.0688342586319084,0.08518778537602627
CQIUKKVOEOPUDV,0.0005464003964634532,0.00017754870025436863,0.00020266665186365247,0.0003610748616731093,0.000518649081899332
CSMYCLLHRFFFLG,0.0016352818456973977,1.350299059858914e-06,0.0009375072151639814,7.972472314872318e-05,0.0016352805358793414
CSWIKHNSBZVWNQ,0.0026405474024919244,0.002066308407076059,0.0019696832428375646,0.0024368765366667502,0.0024472448169358062
CULUKMPMGVXCEI,0.02118956374628339,0.0038047570672078146,0.0163453135709322,0.016802149203120974,0.021176970738049247
CVXBEEMKQHEXEN,0.016379384566460823,0.012910320935537734,0.005982622361660901,0.010133029098302177,0.016058784754081123
CXJSOEPQXUCJSA,0.022084596208447174,0.020311030404624127,0.010309112950419853,0.01716627841416049,0.021868456376112493
CXXVJZRGOOIVOD,0.06554512361052196,0.04573842205720404,0.0643772963416779,0.0004070422559340342,0.06551819856578046
DBEPLOCGEIEOCV,0.055601760864553665,0.009498318343930473,0.03988408893957196,0.05034943913175691,0.055601198110979855
DBXFMOWZRXXBRN,0.00039976900537808964,1.3050604435495272e-07,0.00019995780121631244,1.2422965598148474e-05,0.0003901194527130638
DCOPUUMXTXDBNB,0.023622637419694267,0.023178970164080475,0.014089401682408147,0.020494257671597235,0.023469736082778605
DFPAKSUCGFBDDF,0.0019962636864635534,0.0007964929125589475,0.0015441350248217365,0.0012912475438193768,0.0019560827316578797
DGFTWBUZRHAHTH,0.00290373600884817,0.0003460483082641675,0.0006809105942384699,5.324424695449161e-05,0.00287859781743143
DGFVZQGXKQCQGK,0.03298504708221575,0.032554585954230816,0.028012151265249335,0.03199183874394929,0.03289811585656949
DIOYAVUHUXAUPX,0.03587754239505779,0.03208212717901835,0.03512240185647847,0.0004511821820536166,0.03587393268042338
DIRFUJHNVNOBMY,0.040232851147854125,0.04016149877735062,0.040171993193350346,0.0380611278504475,0.0402105334338338
DIZKGJLRHOCMTP,0.12426859237656677,0.11641624641229761,0.12279273797975632,0.11965110805019301,0.12387795208972031
DJNZZLZKAXGMMC,0.01664768621317614,0.01582039318972623,0.006380950525956528,0.012520711117157787,0.01656397424081305
DJRKHTCUXRGYEU,0.0023949498672812567,0.0007261724942729203,0.00042397847763229156,4.2147991991502154e-08,0.0023503520963951688
DKNWSYNQZKUICI,0.014052053190582944,0.013787826936146625,0.008822540257651156,0.012927029173411911,0.014004371604868828
DKYWVDODHFEZIM,0.031959232447499354,0.025811373007007,0.031190322456069584,0.031230820475843954,0.03195909684740471
DLAPIMGBBDILHJ,0.0019184942083270184,3.988866024868263e-06,0.0010763533237624916,0.00021145312292305987,0.0017789026320044312
DMBHHRLKUKUOEG,0.006732872753989124,3.313778745649143e-06,0.004289196514494621,0.0018857464922916222,0.006731379582575095
DMJNNHOOLUXYBV,0.01981707225976207,1.4502693489459872e-05,0.018832711894717705,0.002163382829706382,0.019817063333063444
DNDNWOWHUWNBCK,0.004157518623034963,5.210504223154833e-06,0.0034833430424687653,0.0004678274808587032,0.004127653838967743
DNRJTBAOUJJKDY,0.025506355527289873,0.02447328749471449,0.013395644587396149,0.02162813859018015,0.02461698421588273
DNTGGZPQPQTDQF,0.007793686971553688,1.4323821223259647e-06,0.005014304722325518,0.0014646693854715237,0.007793279781262362
DNUAYCRATWAJQE,0.005997847946160525,0.005495187890518396,0.0009391601016166522,0.0037719758713970334,0.0059976182486505885
DOIRQSBPFJWKBE,0.078441278482372,0.07131008508484594,0.06282114611717597,0.06810772552784981,0.07549830552028153
DOLQYFPDPKPQSS,0.013570375478351233,0.009344467611174957,0.013266214109419089,0.012998624434264113,0.013534029307125479
DPJCXCZTLWNFOH,0.00837563286072255,0.007681992590717146,0.005933960095294663,0.007973072545059412,0.008373949446800184
DPWPWRLQFGFJFI,0.10939811446310169,0.10685274097240834,0.10916114313876464,0.10905550112960738,0.10938446147402102
DQFPEYARZIQXRM,0.0028746212535868815,3.2352027777148885e-05,0.002785739892045071,0.0009619020333394759,0.0028726431525299637
DSKJPMWIHSOYEA,0.0018030355359344107,0.0002435756188899959,1.2474914124233506e-06,0.0002351435633478928,0.0009025219096949321
DSRNRYQBBJQVCW,0.0003756815810096705,7.144005720199757e-06,1.2007466818647725e-05,0.0001741992096565411,0.0002987099599367813
DTAPQAJKAFRNJB,0.06931641828999133,0.06791893452545192,0.06873766748878576,0.06926542763745515,0.06929685868382796
DTDSAWVUFPGDMX,0.016868007013749686,0.01589795362726295,0.01681259499390817,0.00036438736272827177,0.01681488529423268
DTHPMNDYKOSVFR,0.019765141134611145,0.016758956712436452,0.017427881866729014,0.01966762041307016,0.019743190912814176
DTRCGMNODLDAAK,0.04101750273823,9.156269646849735e-06,0.02006173337446934,0.00017006587301168774,0.03983288322029803
DUFVKSUJRWYZQP,0.007552042947729142,0.005528361726748098,0.007520357577537904,0.007023983911601531,0.00752487984219087
DUOHVNSMLSPTMI,0.008527999154305662,0.00761144458970314,0.00589661824420083,0.008273787833490098,0.008469582098739048
DVOODWOZJVJKQR,0.01222960659013049,0.011228614151854813,0.009480240096657946,0.011956843731461345,0.012118032961012153
DVXZVCNEGRKLMW,0.047533909691254705,0.005759366459064566,0.03151703216169291,0.040797552065545147,0.04742278053583416
DWFZBUWUXWZWKD,0.0011134056712438175,0.0009675100700669833,0.000648661137481009,0.0010016355422955495,0.001047050091049441
DWRKFAJEBUWTQM,0.02248916759916117,0.010990687296370167,0.020752256421404994,0.016994770308285955,0.02236392624144703
DWSPRBSLSXQIEJ,0.07295623777241719,0.0716573906824721,0.06338570423937051,0.06950347635696635,0.07189611431781677
DXGLGDHPHMLXJC,0.04841386897096359,0.046864248922791375,0.04368704235054482,0.04769354665397946,0.04806613318902024
DZUPKTNAUCDVTL,0.059105947808209394,0.05848925649407515,0.049756132166475966,0.05588331309874423,0.0588111931540068
FAOZLTXFLGPHNG,0.01088189719405477,0.010628327003741146,0.008511463135655525,0.010659477567493506,0.010881091681017868
FBOUIAKEJMZPQG,0.03527785501950374,0.0008249846133308869,0.02674514964485395,0.024091132671693043,0.035276620957357854
FCBQJNCAKZSIAH,0.01472567874815675,3.3820406978675097e-05,0.009630995777902145,0.00076064161159148,0.01471476508428532
FCOAHACKGGIURQ,0.00030527178706957556,3.2881180280027356e-06,4.6017501375021066e-05,0.00024196251252982354,0.0002611777329725499
FFGPTBGBLSHEPO,0.03464130800390758,0.03269562076673794,0.03407479033873844,0.0343096867528871,0.03445590623105855
FFHQNQNMELQOEF,0.009349319915272781,6.563910044617496e-05,0.00826895719928514,0.0024542304548944294,0.008673054576988014
FFSSWMQPCJRCRV,0.006533667971929946,0.004908731468007984,0.0007182145993618735,0.002096758184732571,0.006428000161149656
FHIVAFMUCKRCQO,0.011508227028973188,0.009842409623622402,0.009044937516576756,0.010891304120921716,0.010987507512975895
FIQMHBFVRAXMOP,0.0121627685287793,0.006672088556665524,0.0042164475112518845,0.009439016232026651,0.0119618117717325
FKNXQNWAXFXVNW,0.04116482560469905,0.034209595905483746,0.04015038154399326,0.04042802745976873,0.04109876768875657
FLEFKKUZMDEUIP,0.039946185074558604,0.0005564909889626685,0.02960112791205931,0.005112810388645625,0.039933893006128096
FMGZEUWROYGLAY,0.008977596654257295,0.00618724770232907,0.002055059200352396,0.004394336877946671,0.008975637211053149
FMJYNECHJIZSCE,0.0023795785909639564,0.0007188953287495003,0.001817545978865086,0.0015420063037968812,0.0019297601032915084
FMKMKBLHMONXJM,0.0056888540537523066,0.00032743237338088427,0.004636545093789978,0.00289411903646549,0.0056867110277875055
FNCMBMZOZQAWJA,0.044907921779755826,0.04427568490175847,0.03714185301367672,0.04391101724411754,0.04490668724342038
FNYLWPVRPXGIIP,0.010992485190658147,0.006375670034157481,0.004952206551347009,0.009624985089349352,0.010989973897683516
FOXFZRUHNHCZPX,0.0031932815218322537,0.0019742950458431947,0.002532053482168649,0.003034979450112039,0.00318667362192369
FQEBOQLYHASAOY,0.06570427648548569,0.0615929313881263,0.06559841833319363,0.0648397060062057,0.06568395991090262
FQNKTJPBXAZUGC,0.0506519180229779,0.04830407885493789,0.04657581214481249,0.050240345432128866,0.05037831355570005
FQVNMXZPGWLUFZ,0.008404055804477686,0.004785474662209377,0.007023289354957515,0.007020452073397605,0.007350421051324111
FQXXSQDCDRQNQE,0.004350690085235207,0.0038257112138144955,0.003828569872545813,0.0017904194117626475,0.004114343992062636
FSAVDKDHPDSCTO,0.006255923143964699,0.00505024779299699,0.0058923035379411185,0.004818102409048814,0.006110328708495741
FSVJFNAIGNNGKK,0.0014860304233592103,0.0010876619835890526,0.00010109157465514333,0.0007451652785709659,0.0014851946283502687
FTLQSQQQFMZPKO,0.0202616149960539,0.013654702288908662,0.020223572582430634,0.018641224779382393,0.020239184887964837
FULZLIGZKMKICU,0.03811582566919644,0.0362516157245112,0.0338154947653205,0.03787867064297612,0.03803329128812589
FUSNMLFNXJSCDI,0.006725532007450155,0.006178118777835138,0.0026601718281207077,0.00501030984957143,0.0067255299073179075
FWQYJOPJMIEKHZ,0.07980151507605762,0.07970348549706033,0.0703388507957844,0.07674021946098326,0.0797936295250086
FXKFFTMLFPWYFH,0.0010414318992328301,0.0007047678447996771,0.0005942782213619964,0.0008346648417704992,0.0008499787358381247
GBAWQJNHVWMTLU,0.04408658524202696,0.0439566867843119,0.04212622745106748,0.043699350954097084,0.044071998790090654
GCAOVMKRBUCSET,0.00970185574028958,0.000440393718059387,0.003888773675432158,0.0004981506384377863,0.009009433179349588
GDDNFNQRHNCJAZ,0.013137281700119595,0.0024225250034106416,0.010005646263061654,0.01143170265086789,0.013093309546202657
GDLIGKIOYRNHDA,0.0057643140645422634,0.004364339923116892,0.005690919142643769,9.737520163592434e-05,0.005744649834225062
GECHUMIMRBOMGK,0.007151645302629829,0.005182623415234925,0.006722805798604757,0.0068197830007592376,0.007077090995374828
GEPDYQSQVLXLEU,0.09043765277273252,0.09015238990080213,0.08987913212039919,0.09037333939012751,0.09039582212616647
GFNANZIMVAIWHM,0.008594984410115213,0.007976917152302846,0.00733110863737611,0.008497794889425805,0.008516375374399223
GGLIEWRLXDLBBF,0.020811680450659738,0.011392649142025165,0.020394033103698538,0.018544576624544087,0.020565819593732552
GGRWZBVSUZZMKS,0.03283086545350746,0.028293781071367347,0.031154240044931197,0.032500146628408444,0.0326798199377888
GHOKWGTUZJEAQD,0.004927541846559784,0.004581265236197805,0.0030961520171600265,0.004589976093625914,0.00484350341897203
GJTKAAFWJZWEPS,0.06090444198373261,0.001150605504265656,0.05834186604245165,0.026810840513127834,0.06082433684557292
GLTMLPGXPMAIOI,0.04000324896290908,0.037456384640516316,0.036420525211214506,0.03946438475654304,0.03956155371104925
GMBRUAIJEFRHFQ,0.005669832447237851,0.0015935761652105954,0.004500885566329854,0.00498664919602201,0.005567660690671483
GNBHRKFJIUUOQI,0.0050550185102046325,0.0032970010489467667,0.0006123188233820194,0.001939810268048466,0.005014761391512346
GNOIPBMMFNIUFM,0.05676639920368771,0.05606072696333173,0.051142736733777394,0.05517369110043558,0.056184518313136
GNTVZNNILZKEIB,0.010447060823013027,0.009936177314527157,0.005890983725245737,0.009548660794184873,0.010431192867212547
GOCUAJYOYBLQRH,0.008811247662372658,0.00015123328828877194,0.004216033557820007,0.0019433032718643196,0.005757534956155185
GOJCZVPJCKEBQV,0.030861331633718812,0.028986148731143926,0.027273743025533273,0.02641616130520378,0.029945232775724046
GONRXGWUUBPRKF,0.011077006175967756,0.0009342762742760354,0.006555336918827363,0.008010570581647376,0.010959792528491942
GPMHHSJZGVOEFS,0.007878064958151933,0.002751763486658924,0.0011145584801492752,0.004578656636436064,0.00787416653156336
GPNAVOJCQIEKQF,0.0043319246455076985,0.0026656161594699364,0.002929673567919157,0.003572868771083469,0.003681864066519108
GPXLRLUVLMHHIK,0.0642143167600055,0.06374330451478796,0.062184695481102815,0.06392367591050334,0.06413734359278309
GSLOLTKGVZFNKZ,0.0005071778528946905,0.0002434086329790777,1.875816501861478e-05,0.0001718046947547225,0.00046024654733529616
GTKRZJVAXAQBMB,0.002286127063497575,0.002176936122011016,0.0014699727506074847,0.0022035815091461736,0.00227276133351019
GTZCKTIZOGTWQO,0.0034697910622243245,0.0019183432955054017,0.0014196383483949353,0.002966871091829631,0.0034374107310936354
GVDRRZOORHCTAN,0.002058602124965329,1.243705917914565e-05,0.0012635859891330264,0.00030392148185294423,0.0016157577663669844
GVGYEFKIHJTNQZ,0.0036506976168045467,0.003515235955282556,0.0014096022790805467,0.0030690585002095543,0.003647774685908488
GWLFIMOOGVXSMZ,0.003695299401724558,0.001917332812288879,0.00034517930634345596,0.00027318412265453723,0.003687173011818648
GYSCAQFHASJXRS,0.06622077731367636,0.05614279963243164,0.0640890985958099,0.0005090745976257666,0.06621615485879828
GYSSRZJIHXQEHQ,0.03912925163719622,0.03881468593147068,0.032527471754013375,0.038051266161006236,0.03910267430704675
GZGZVOLBULPDFD,0.07223502935347016,0.06796005303253105,0.07107674238553446,0.071934069068638,0.07217948747210759
GZUITABIAKMVPG,0.07722680766130618,0.0006802975351042351,0.06988113409401547,0.030268972832940763,0.07718232821596434
GZVHEAJQGPRDLQ,0.005981377986105268,0.0003078381960329368,0.002531341696488377,0.0005837170273562285,0.005978833710509239
HAORKNGNJCEJBX,0.009917819568107783,0.00615525358671741,0.0021261646143493594,0.006002710001092463,0.00988514335575632
HBBVCKCCQCQCTJ,0.010100469160372915,1.4846616095810436e-05,0.00673225558597808,0.000538679113208743,0.010100153270358682
HBPDKDSFLXWOAE,0.005339026464859117,0.005251476028408368,0.0014607707487683096,0.003904160674497399,0.005314548138006035
HDDSHPAODJUKPD,0.0015335854444081523,1.5621479873477277e-06,0.0005720940692019174,0.0001417455416177682,0.0015295198843120325
HDHLIWCXDDZUFH,0.005173982084540025,4.243454680846921e-05,0.004193006671886232,0.0014144812685528045,0.005171162776317351
HDOVUKNUBWVHOX,0.0063263832786659485,0.006204827479438696,0.005351149267757026,0.00619617759734959,0.006313013919047261
HDVAWXXJVMJBAR,0.006227103821547548,0.0037671453011018886,0.0029428595202441793,0.005071706140773288,0.006173642085709574
HEZNVIYQEUHLNI,0.042490620837315,0.03270897920548289,0.042292773967317926,0.04020516772758889,0.04232557084403177
HFCYZXMHUIHAQI,0.04258694175777339,0.039882129167433146,0.04204100911653138,0.04198804662757769,0.04222872917442693
HGBGXSPIBLZGHS,0.015071192025859461,0.013317351905186684,0.01443563943663691,0.014755814674221993,0.014806753921722586
HJJPJSXJAXAIPN,0.011917171914138231,0.0004961934632820523,0.009574709599269971,0.009396648563941814,0.011917171212901185
HKPHPIREJKHECO,0.0008365139420267962,7.752575234433088e-06,0.00011866012901578268,0.00044157728734930854,0.00045528868087577827
HKQYGTCOTHHOMP,0.004797336626831589,3.781041371017299e-06,0.00280833659813062,0.0013744101413408357,0.004710829079507648
HLFSDGLLUJUHTE,0.0012007046703495406,7.859517743401701e-05,0.0004400398226025345,7.438561442773065e-05,0.0011906403583893848
HMXDWDSNPRNUKI,0.005618010053997857,0.004312836969564482,0.00022335044219492887,0.002548710106717494,0.005582345318873466
HOMGKSMUEGBAAB,0.0038836601392729124,0.0011336841519787818,0.0022845168743093874,0.0024880975659965425,0.0028590792502584004
HPDHKHMHQGCNPE,0.007281145036731315,0.0013139286118687204,0.00592575130761691,0.005618196685894581,0.00678885667258569
HRKAMJBPFPHCSD,0.007468741327942952,0.007376170289299565,0.0074651022776202405,0.0056424514322888485,0.007468135393699623
HSHNITRMYYLLCV,0.0036592510755076653,0.0007251353145401374,0.0007577961052712139,2.8648952939372852e-05,0.003655671015393092
HSMVPDGQOIQYSR,0.0731156543411901,0.0668079321483602,0.07166283841864866,0.0006938985623107935,0.07250723855123963
HTJGLYIJVSDQAE,0.0029636687909584047,0.0021919703641052756,0.00013684782636724357,0.0014035391942953798,0.002961618780062786
HWVNEWGKWRGSRK,0.014899143142153749,0.011633269927493747,0.0019781653469052394,0.007982383323811099,0.0148885424516287
HXHWSAZORRCQMX,0.010022972178936928,0.007694300857556031,0.009231739897070159,0.009909147259521496,0.009997390403231558
HXTGXYRHXAGCFP,0.016062344748393062,0.00311689530161445,0.010056029574360298,0.015197536921966612,0.015922452146394112
HYAFETHFCAUJAY,0.006607048672905772,0.0011152575427225229,0.0006898288273097311,0.005069938821175466,0.006408777148373759
HYYBABOKPJLUIN,0.008549955374750591,0.008197618638167262,0.006762341965582883,0.008220138611272697,0.008549633447251926
HZJKXKUJVSEEFU,0.0005637682904957933,3.8191688361745996e-08,0.0002646920803254837,5.445699708314991e-05,0.0004815266712179513
IAJNXBNRYMEYAZ,0.050908031873930726,0.04278675244422602,0.05042371865653502,0.0496903506288104,0.05090784692831692
IAKHMKGGTNLKSZ,0.0175242947674547,0.012810015904258756,0.016194183797393846,0.017058582585347506,0.017356244107204787
IANUJLZYFUDJIH,0.006031880320575839,0.005323014750501768,0.005761191892767228,0.005888187121115152,0.005911614353701747
IBXPYPUJPLLOIN,0.034216770316109285,0.02480968928798317,0.033397683061549145,0.03224623652153847,0.034207765661238475
ICFJFFQQTFMIBG,0.009988875246463927,0.00025418598619791725,0.006594253944849655,0.002349414144206233,0.009646449054246609
IDIMIWQPUHURPV,0.013464212475673112,0.0018171529278246216,0.010536987555842581,0.011551782604291716,0.013434976767761989
IEDVJHCEMCRBQM,0.0053647745123425,0.003122175092519901,0.004231628128143724,0.004909598404809267,0.00515471322083069
IFOLNWVBRSCJOJ,0.000272236584506752,0.0001895645925583811,7.321070714161017e-05,0.00019883290830067217,0.0002705316632699017
IIAGSABLXRZUSE,0.0006639229101170316,0.0005390881682935982,0.00018236741211361798,0.0004454949501154081,0.000645829108013199
IIBYAHWJQTYFKB,0.0003307022955182713,4.4618454962832123e-07,1.6843654383853638e-05,3.3286366293475795e-07,8.099083823613276e-05
IIMUEPCADBPEMF,0.009476992256908824,0.008823354545734671,0.009179148389135522,0.009403305687239379,0.00941093683252969
IIQKUGXEGMZCLE,0.004615204480150179,3.698321024425948e-05,0.0017584088355210026,0.0010666534600466734,0.004294149437475887
IITCWRFYJWUUPC,0.02744202244397969,0.02641239151316802,0.01897933514426716,0.025746034845187192,0.027125771711054757
IKVXBIIHQGXQRQ,0.011824029792590774,0.009987359608232663,0.011027716171917756,0.00024690451013845323,0.011821764151055018
ILBONRFSLATCRE,0.006349709380133591,0.005165577634902204,0.003394165665990631,0.005360716312772403,0.005817458433886066
IMTMBDXEKMXETQ,0.0006673525014189854,0.00037814363344036,4.442177550637559e-05,0.0002886664749433732,0.0005944132620783238
INFDPOAKFNIJBF,0.07981959605982326,0.07884888453346807,0.07181319593389772,0.0772026578781046,0.0788791628836785
IOPTXXRNXCPJGO,0.01821000786312602,0.01819140385811611,0.01741771592349282,0.017139536627484457,0.018200397559018103
IOUNQDKNJZEDEP,0.03427878337657823,0.03034986964910647,0.03387312874890051,0.00040710715276317394,0.03427741835550019
IPEHSCPRVOWQFQ,0.002392648507866489,0.00018100204030213358,0.0006835707783956878,2.6770184101700643e-06,0.0023732149015857273
IPKKHRVROFYTEK,0.10823446487959652,0.10525571834178478,0.1019548454628363,0.10241154505337163,0.10655152802000582
IPRJXAGUEGOFGG,0.01751989296969033,0.013888772115259464,0.01742779595209796,0.016831882634615616,0.01748030512351549
IRGFNBRYIWLUOO,0.025745616701356003,0.0007366801607486366,0.024577807749423537,0.013629944103495396,0.025434710769108925
IRIAEXORFWYRCZ,0.0016226728348982791,1.1807707256284751e-05,0.0005390463840547115,1.3539381969649399e-06,0.0016172093979247263
IRJQWZWMQCVOLA,0.006882588911297859,0.005003270584899038,0.0007998506283528502,0.0033779003588267345,0.006882541317488413
IRSCQMHQWWYFCW,0.11862684373296899,0.11854370706545043,0.11554268211523057,0.11740483534848493,0.11859224720702
ISRUGXGCCGIOQO,0.06322395764814791,0.06128660560486109,0.05084914128314966,0.05679616649255399,0.06321545552244656
ISZQNKFXNXQTTF,0.01305264542760954,0.01301959168609293,0.010990596247110549,0.01233152853450901,0.013050850357756045
ITYMTTQVNYAJAA,0.002747622277912822,2.9623918981628097e-06,0.0014162292645781716,9.133426280223287e-05,0.0026995344437756677
IUBSYMUCCVWXPE,0.0013579864897471274,0.0007372840486118414,2.100377073635507e-05,0.000630685886493772,0.0013109031032993343
IUHMIOAKWHUFKU,0.007794306483502473,0.007206877082307712,0.006040859164256019,0.007653507109019201,0.007740142922206515
IVUXTESCPZUGJC,0.0076849681416386526,5.142993190673968e-05,0.0066631617441806085,0.004082219916171332,0.007683969142118245
IXBQSRWSVIBXNC,0.10366417535659242,0.0974276025864844,0.10035098586805452,0.0010143582949846547,0.10347803881579462
IXSZQYVWNJNRAL,0.002146712884176012,0.00013986954237933062,0.0014329774962164492,0.0006057768023401346,0.001844682018316355
IYAZLDLPUNDVAG,0.022085395987935234,0.005509618268185228,0.01030851797455047,0.021524772506982953,0.021817708129738687
IYIKLHRQXLHMJQ,0.1616015541874023,0.1596997193476597,0.1614739941039154,0.0014370236288843707,0.16159271347142326
IZFZCMFMJKDHJZ,0.0036255426306485905,0.0010602511776317647,0.0005150420860399346,0.001211102823687461,0.001686263982079238
IZXSCPRWPYQTJH,0.004313674039736077,0.0016248118167256505,0.0018804838715566993,0.004206331598524212,0.004265061385106133
JAEZSIYNWDWMMN,0.10584706168907236,0.10560995173302352,0.10476736901809307,0.10556046299361292,0.10583158435401607
JALVTHFTYRPDMB,0.09331220242744845,0.013972879293876167,0.039406840771449556,0.09232909204872282,0.09330599227930902
JBDHZKLJNAIJNC,0.004716722128953734,0.002432217673772387,0.003955248408128446,0.003737818655664989,0.00406213103252338
JBIJLHTVPXGSAM,0.0001954391381547687,7.726288556783355e-05,6.578817493980581e-06,8.162670471548162e-07,0.00019474707575445268
JCCNYMKQOSZNPW,0.037498311643626464,0.021610039413353713,0.03668494361992843,0.03200405533115406,0.037362036392495086
JEJREKXHLFEVHN,0.006042884358317718,0.005847081133670454,0.0038044922735751734,0.005652803357536907,0.006018223067297106
JHSPCUHPSIUQRB,0.001688384162856124,0.0010527817060495461,3.285213642060928e-05,0.00035749175855583916,0.0013386552972290888
JHWNWJKBPDFINM,0.02315920308721596,0.008126843456223786,0.014627794895431836,0.02283790938394365,0.02313758539183609
JIIOLEGNERQDIP,0.04199687324503159,0.03390703208789899,0.041676821626981365,0.040687475223609354,0.04198713097139017
JJAPPCJXQFKMJL,0.0012040698013077126,0.00010516676275481641,0.0009518768370462875,0.0007394818552387688,0.0012031226962079483
JJCFRYNCJDLXIK,0.027043177688351218,0.0028441675550277858,0.022088866631400403,0.012743510123627837,0.02684990406305114
JJJPNTQYUJPWGQ,0.004520909389814692,0.0023055620716612487,1.5858481756543183e-05,0.0005622652405812669,0.004370865117865819
JLFNLZLINWHATN,0.11351588174601052,0.004276765301575558,0.0027725147476538037,5.327243000674553e-05,0.048287277288180525
JLRGJRBPOGGCBT,0.0032517547135065576,0.0031465633039129497,0.001699436385565846,0.0026844193766194955,0.003246618933870008
JLYFCTQDENRSOL,0.008287682451222692,0.006836468712104565,0.0068769424321063494,0.008078609057938016,0.008283557501488842
JNELGWHKGNBSMD,0.0080351425918668,0.004508851717861861,0.0018791694422819992,0.00719646823948836,0.008033556616029119
JNMRHUJNCSQMMB,0.004532853539552028,0.00421801266064481,0.003443029747276229,0.004453292582286797,0.004496446149132521
JNRLEMMIVRBKJE,0.01246531164622371,0.005858360329774897,0.011875860566878761,0.010118180025300749,0.012353639696697281
JNTOCHDNEULJHD,0.08066372614260608,0.07826461244446205,0.08012275941186196,0.08047381206671443,0.08062412217023966
JOFDPSBOUCXJCC,0.0483991223484077,0.0401650254867332,0.048314016660302765,0.046616885321311335,0.04838133946692418
JOOMJVFZQRQWKR,0.01504270947275466,0.01406616154330087,0.00948230221661315,0.013507943164943028,0.014757675450843903
JRBJSXQPQWSCCF,0.006964927336830271,0.0030717812631552155,0.0069280197605560345,0.006005672530750976,0.0069570511748179705
JRBPAEWTRLWTQC,0.004118186065994289,4.413133552622073e-06,0.002552380400599954,0.0011344195811144229,0.004074173683964201
JRRUSQGIRBEMRN,0.014479929568037429,0.010976888177052165,0.012290577309088536,0.013474839608629843,0.01436476691505904
JSJCTEKTBOKRST,0.05061257680804902,0.046802851260351226,0.048069343818845166,0.05054633256356022,0.05057775215052196
JTEGQNOMFQHVDC,0.062097849785085715,0.06172874017883621,0.05971946403869377,0.060501566134122935,0.06205534199415104
JTMLMJOBCBXFES,0.004922984015854432,0.0011531738200885894,2.3612495753293564e-05,0.000526945852319956,0.004874218175305639
JUVSRZCUMWZBFK,0.027174897864186216,0.01321070402986918,0.02677155239586407,0.022741732386940605,0.02716311606147709
JWAZRIHNYRIHIV,0.0050689683938369146,0.003726041169479696,0.004921568422024368,0.0049526126474605135,0.0050533292743414025
JWUCHKBSVLQQCO,0.000930485726098177,0.000517435319739935,0.0007099965501169255,5.12669363938803e-05,0.0007922762160999406
JWYUFVNJZUSCSM,0.0018456514472749625,0.0013527175676677225,0.00041046836182639674,0.0016262679769605015,0.0018447941678116026
JWZZKOKVBUJMES,0.02574297511859547,0.021689175425484535,0.02397267025671629,0.025581829994590122,0.025732919374282195
JXCGFZXSOMJFOA,0.0015002995319368015,4.0365141833457845e-05,0.00014195762030479327,0.00016223577100452058,0.001497409556810241
JXHJNEJVUNHLKO,0.023681683212617693,0.02176344884927776,0.021233637431695637,0.023288126347473757,0.02334315278757188
JXUDZCJTCKCTQK,0.03835590454723879,0.02631779048927247,0.03823981213656028,0.03548529673591652,0.03825698973513529
JYIJIIVLEOETIQ,0.010450844476385831,0.005639325300335257,0.00644541460196758,0.00988558427510571,0.010337488445670562
JZCPYUJPEARBJL,0.033283367166791054,0.024437510648253422,0.02979546364646728,0.029830272893826226,0.03035068310116408
KAJICSGLHKRDLN,0.009968499774148862,0.0008999860320436058,0.009803301574013152,0.005600259682146525,0.009891550271204542
KCFYEAOKVJSACF,0.049903084840977455,0.04383062117986974,0.04842491726841933,0.04905463229114569,0.04945690235191772
KCXZNSGUUQJJTR,0.020041214282499772,0.016526051293578446,0.009587655650950417,0.013391443827493334,0.02004098691609268
KDGDTPNBDMVKHC,0.005906626795096797,0.005673748372041801,0.002690486735290487,0.004729175570610059,0.005905117288380783
KDLRVYVGXIQJDK,0.008022878598648607,0.00015810044286577833,0.00692080816469565,0.005595346679674334,0.007913857593724635
KEMXXQOFIRIICG,0.033765642750163596,0.029884896721331582,0.031758705284521495,0.03340541040565213,0.0334754891571772
KFFQABQEJATQAT,0.00047703952266253024,0.00022511909960032627,0.0004735290664331554,0.00034017034404156096,0.0004770112406991413
KGNGTSCIQCLKEH,0.02485672208476048,0.019215620986641695,0.010139665345230062,0.015161674265682502,0.024847739029885796
KGOIKOVSEVRHNH,0.06165227158248775,0.05888139906869668,0.058851127612134596,0.06160093754674539,0.06160756438768794
KGXUEPOHGFWQKF,0.028026226749054577,0.027059287636100885,0.02601931260923543,0.027489754846192375,0.027643259623401
KIDWGGCIROEJJW,0.025400154873578384,0.025161738233509215,0.024337828985599046,0.0252582761840994,0.02537813615559408
KIEDNEWSYUYDSN,0.0824041837145849,0.08064360089790039,0.0819288729363358,0.08193777867652967,0.08208076751676768
KJCVRFUGPWSIIH,0.04864234698324003,0.047024608747242014,0.04706222602757003,0.048599776718245294,0.04863924368885617
KJFMBFZCATUALV,0.030978944920025057,0.03078528850186196,0.017841672079321698,0.027325317158679648,0.030814493084766446
KLGMSAOQDHLCOS,0.0022691756440171916,0.0022364551808481143,0.0015623928902202366,0.002175053926114774,0.00225889053808032
KMYKHQRQBUANHP,0.07570497222468384,0.07289779393295243,0.07391063365039867,0.0009551845480509497,0.07406856894815138
KNHGNICBXADRMC,0.0014615803706569388,1.5755455915361129e-06,0.0004922385905087895,0.000318231396885581,0.0009215545095373386
KOKXXPKAPFSRCR,0.001567916645242664,1.7409913213973106e-05,0.0007335453542839401,0.000312762229448719,0.0013660332212203227
KQSABULTKYLFEV,0.0008275016704590149,2.4750495315208586e-07,0.00046483264921878624,0.00024813237541219924,0.0008238040816170943
KRNUKKZDGDAWBF,0.021817396127790795,0.011458061262783885,0.02165008220739761,0.018870801178686645,0.021811429802977934
KTALPKYXQZGAEG,0.014229719717328348,0.010866170306560756,0.013283743603313069,0.013505712583799016,0.013825775832788753
KUBCEEMXQZUPDQ,0.05766102796580648,0.051567167741240205,0.055692984999098576,0.05663498715090529,0.05754523868289539
KUBUBYBFFRVFHD,0.006922647431132648,0.0051591826719016845,0.0003552894108992434,0.003228672794150159,0.006911533835229759
KULDXINYXFTXMO,0.016564502474578288,0.014898547141316222,0.01176585813171958,0.015757126368936312,0.016272008160885323
KUMXVBFFVVLQFX,0.020725160320040896,0.01917757796960042,0.013994643628004202,0.01892336724571644,0.020556341407684305
KVDJTXBXMWJJEF,0.03727949781857136,0.0350767754946394,0.03681805151738924,0.03690400098048648,0.037063873632600323
KVJXBPDAXMEYOA,0.021746550530793336,0.014662578872751545,0.016687820379118992,0.017658189225838825,0.020750406329645612
KWAPEXIWYNEGAV,0.04866820295816254,0.042688632059419584,0.04763199336905739,0.04795065946342786,0.04864651741043655
KWGRBVOPPLSCSI,0.0521151665952565,0.04768125618894585,0.05020423088220979,0.05190645585646652,0.05211485658415554
KWVISVAMQJWJSZ,0.019839168051792217,0.00441416032395206,0.014321060385277,0.017853367820160202,0.019698377255629437
KXGYBSNVFXBPNO,0.027838601507744122,0.0017876933311514534,0.02649248495719935,0.015906934935456946,0.027811380487532022
KYFWUBJMTHVBIF,0.07076272824103585,0.06958022076812698,0.06185145445342491,0.06780333843029408,0.06987210478644952
KYGZCKSPAKDVKC,0.0009823981210012721,0.0001137404582759894,7.269171250338523e-05,3.270604368553064e-05,0.0007492357005129894
KZHGPDSVHSDCMX,0.00029815996128045665,0.00023481168900423664,8.202520664735461e-06,4.6510011672843776e-05,0.00029437891512664117
LAKWINYVWJPHQW,0.026259339555450702,0.015456333047714644,5.039420452617946e-05,0.0059763177298279395,0.026252463408488837
LBGPXIPGGRQBJW,0.0068713413731572425,0.004028246073130056,0.00045720961063907585,0.0022902813903696844,0.006626137550828853
LCOVYWIXMAJCDS,0.0068115858118225365,0.005721951682132745,0.006420210122899451,0.00670620917098504,0.00678908328566265
LESVOLZBIFDZGS,0.0062983994681104945,0.00016474550013430983,0.002106216926105393,9.697475189286708e-07,0.006289739506197483
LFULEKSKNZEWOE,0.054508258537847715,0.038925371477771274,0.054259380941508444,0.04976871867317363,0.054495537267662035
LGBYJXBCVZKJBL,0.004701514831484846,5.18903844975039e-06,0.003697564915980757,0.00042828831317424324,0.00469386584783035
LIAWQASKBFCRNR,0.044570892654764105,0.041943504866937736,0.04182956676571616,0.04456452143214498,0.04457044709970908
LJOZMWRYMKECFF,0.012939846921737884,0.005083219407046334,0.0007236466457569615,0.0015339949397381834,0.01293513616659212
LKJPSUCKSLORMF,0.09691005873696545,0.09667194588873908,0.09446843158787248,0.09651907862090196,0.09689899782799472
LLEMOWNGBBNAJR,0.017866804768972778,0.01139760548430998,0.01772854460041345,0.01585986331645402,0.017863524732119804
LLYYNOVSVPBRGV,0.050082342512600624,2.119691752257985e-05,0.04775761859211324,0.003727970910080508,0.050081703399495345
LMEKQMALGUDUQG,0.0418754241859398,0.041192404093815624,0.038220284563269855,0.041472159690698555,0.04185361089041529
LMOINURANNBYCM,0.0154030541062229,0.011843952263603423,0.01418510250614889,0.01522168478511802,0.015401058401329803
LMTIGABGABPAGU,0.02816174791445841,0.022018366099579377,0.0274888453297204,0.02753850536124185,0.028160003642560504
LNJNFVJKDJYTEU,0.022271365487212758,0.0192201192651073,0.02057492346294555,0.022179912061948238,0.02225745877482567
LNOOSYCKMKZOJB,0.005488163138957808,0.004355586360240084,0.0035388958055151756,0.004540942859320545,0.005451390366761889
LOUPRKONTZGTKE,0.007390268420272647,0.0026239817846831874,0.00042061382765699006,0.0006491625174370524,0.007373757129998284
LPEPZBJOKDYZAD,0.0067630899781054585,0.00645161773134883,0.0028780566627098917,0.0048545434261708376,0.006762600238888319
LQDARGUHUSPFNL,0.0027778053288334136,0.0015093656876821436,0.002442350912006595,0.002187232932220548,0.002493070024629541
LQOLIRLGBULYKD,0.0023114842575226247,0.0013385959469772177,0.00010500725783263096,0.000805043446351813,0.002300140541466979
LRUDIIUSNGCQKF,0.015465356878585936,0.0062937787078639965,0.015142364415843532,0.012577958357210615,0.015372968690682947
LUBJCRLGQSPQNN,0.0446071041778257,0.036921285713002766,0.034791898832303395,0.037019276605832256,0.03723251089423547
LUQMWGMGWJEGAT,0.026835929255810194,0.025303013260600565,0.019832293938417313,0.02553262453670614,0.02642241494606841
LUVXHMJTVXZFPD,0.00918685873446512,0.004563557414818275,0.0006068627121695019,0.005154697604540143,0.009083879775238342
LVNYJXIBJFXIRZ,0.003711276556076688,0.0029955687655013104,0.00023162301510189567,0.0018709150326180661,0.003710550400265853
LVQDKIWDGQRHTE,0.00012270276373829673,0.00010933204608222743,4.033750588101205e-05,0.00010419353291381644,0.00012057802762321013
LVXYAFNPMXCRJI,0.004931421486767756,0.0012966853844127903,0.004329955077983311,0.0029196972044463606,0.004602038980476601
MBIZFBDREVRUHY,0.007549337447792716,0.007028985242595696,0.003129354017073347,0.005247197214385432,0.007542120806619474
MBMQEIFVQACCCH,0.02504983362156265,0.022468811589625968,0.023093163494022566,0.024780259031267304,0.024793287141318274
MCJGNVYPOGVAJF,0.001159563601769891,0.0006450003173130212,0.00018503235170128605,0.0004972512739369032,0.0010664716617756042
MESJRHHDBDCQTH,0.005817387993200425,0.004890206918849547,0.005702694948789574,0.005695598648023614,0.005811487362906249
METKIMKYRPQLGS,0.002196846335756677,8.460649301916465e-05,0.001004585625683037,8.317189720670774e-05,0.002140384219452463
MEZLKOACVSPNER,0.059197445497554305,0.05290454086390948,0.059093636253179094,0.05713391880328588,0.059195762611585566
MFOUDYKPLGXPGO,0.005783194872706901,0.004425868775611222,0.004188035505808587,0.004975085662420695,0.005781578563757264
MGWAVDBGNNKXQV,0.03347456643359267,0.03179725503933662,0.0329906136396271,0.032202779613022245,0.033123468668372985
MIZMDSVSLSIMSC,0.05736796452553809,0.036032489058966055,0.04994888307186146,0.0001654738916034154,0.05736009684954858
MKUXAQIIEYXACX,0.09098536653171477,0.09092055171156693,0.08452662131446911,0.08915761087143721,0.0909558586193306
MLBZKOGAMRTSKP,0.031139188667445826,0.008584346510249117,0.001119064357504737,0.002904173345104809,0.03098887813146279
MLKCGVHIFJBRCD,0.002981505854103122,0.0020283898777304103,0.0026309257073460577,0.00289895268114463,0.0029656549599017625
MMCJEAKINANSOL,0.06275974616669097,0.061975712931843216,0.06147386301531789,0.06257321681329008,0.06261467115821331
MMOXZBCLCQITDF,0.03233667899509694,0.02538627894251771,0.031055373528805785,0.03119953914713491,0.03184675553295906
MOUVJGIRLPZEES,0.06527283118292745,0.06424150978432776,0.060799596149418614,0.06487097001911468,0.06523966364538406
MPNJTIZLDHWBFX,0.03670328224016389,0.0003467225110080005,0.03602229697129214,0.008697867884429236,0.03670328075894842
MROJXXOCABQVEF,0.058632180126280534,0.04517126420339834,0.05856815752296722,0.05477803384059334,0.05862569267921131
MRQIXHXHHPWVIL,0.05999444782078364,0.05688442450487829,0.05740816424801735,0.059903401096082526,0.0599107292306065
MVQUJEUCFOGFJU,0.022510885637699103,0.012136810382641475,0.022392998564861988,0.01989875269949619,0.022487793450478164
MWKVXOJATACCCH,0.09452946294394021,0.09176089463195197,0.09376081936747822,0.09437450079687741,0.09452772283524784
MWYHLEQJTQJHSS,0.004814645386080896,0.0030348430208244903,0.0003836139284712379,0.001947515653216238,0.004808599656977668
MXHTZQSKTCCMFG,0.00014315988040204133,1.6270714271807775e-05,2.349082515327132e-06,2.1200206361410206e-05,0.0001107933236359297
MXMXHPPIGKYTAR,0.0009733998015844763,0.0001977198746756859,9.796290803885217e-05,0.00026124453971167856,0.00037082613331287527
NBMKJKDGKREAPL,0.015030138163815532,0.013694690594998477,0.013594867064969466,0.014901476575472044,0.014909258894260084
NBNTWDUNCHRWMT,0.018682074285344616,0.0051457734242272655,0.0008373230931283393,0.012490933249548648,0.018673426374167634
NDAUXUAQIAJITI,0.04294994618981961,0.041880348089357186,0.037816898957591744,0.042401882407001,0.042862476010894046
NDNUANOUGZGEPO,0.0002356486509743214,2.3333306776273088e-05,0.00019634419435613938,8.978688294826342e-05,0.000227906249122618
NEBPTMCRLHKPOB,0.0004658021051281235,0.0004518287964749247,6.727162853844171e-06,0.00019482307845555645,0.0004657103268104491
NHDHVHZZCFYRSB,0.0022659611714185676,0.0021508601130469963,0.0011575780797856599,0.001781203410846898,0.002265650342136017
NHKWRRHZTGQJMT,0.03781773448425396,0.00102302091580498,0.037524243818045415,0.013989189863990871,0.03781450417391533
NHOWDZOIZKMVAI,0.01433449323661123,0.00881029670355173,0.01351024939761383,0.01296501857683108,0.013825208228494734
NHUHCSRWZMLRLA,0.005568078855027586,0.00533682318440878,0.003900117897892811,0.005159049674162544,0.005510074340693973
NHZLNPMOSADWGC,0.0009841354227523914,4.1146715368900336e-05,0.0006621688352504697,0.00016947362744138992,0.0008478820388260502
NIBCDDKWFDEBEP,0.08524233755145741,0.000759420273100303,0.0823493817820584,0.029086833236161222,0.08512812654534915
NJDBZBVQIMZWPP,0.02681989871609701,0.008705229645829385,0.005937576492310068,0.02122278906053459,0.026795288958588227
NJGBTKGETPDVIK,0.0565445229470478,0.05438742967381405,0.05316874291815693,0.05634050020427783,0.056394631437581104
NJKDOADNQSYQEV,0.020183244342995278,0.00041422528567377354,0.0003737317201527729,7.782511993780286e-05,0.00968973733721927
NJPQAIBZIHNJDO,0.035588872379335765,0.00811290065414456,0.018908478761043842,0.035455070011917146,0.03558637583759383
NJXZWIIMWNEOGJ,0.07050090480994232,0.056093308869446364,0.06966719174584561,0.00035700538747203414,0.07049963080053742
NKFNBVMJTSYZDV,0.06132855870498307,0.008037642104980432,0.043023205422442215,0.052741693442682196,0.06132822505716475
NKRQJWQYBNTAEV,0.014212819350005153,0.002011789573044114,0.012019945118199924,0.011404462882102905,0.014204192102155275
NLYNUTMZTCLNOO,0.10414057158624572,0.10406764579843641,0.10032157666251887,0.10305155062666164,0.10413585526324114
NNCAWEWCFVZOGF,0.001289952037682359,0.000704011471131565,5.42066349125468e-06,0.00016938087389671,0.0012777775809684028
NNJVILVZKWQKPM,0.0028710515435604496,0.0020815407518517833,0.0027820054838169376,0.0026778215575800146,0.0027938370036565867
NNKVPIKMPCQWCG,0.01393273046245918,0.013181123560621056,0.0032908512515020614,0.00919886095348377,0.013913502938849817
NOCJXYPHIIZEHN,0.010948816352419295,0.009975573655633377,0.002949678670499993,0.00739657128168166,0.010945228684383934
NPAGDVCDWIYMMC,0.0011988432213241688,0.0002708175128395482,0.0011230120271039493,0.0007142698177606858,0.0011689760357982745
NPECRXRQVYMQGY,0.023242741475337184,0.01576674843520498,0.023159516358294042,0.021685999275508624,0.02322797531873687
NQCPECCCWDWTJJ,0.005238280474821148,0.0042457088424256075,0.0039343557150558406,0.005182349659962682,0.00523306801258536
NQLVQOSNDJXLKG,0.0030456922026881215,0.0012946838703757552,0.0028826098438581122,0.002305611920491994,0.0030183892226353383
NQSMEZJWJJVYOI,0.01613112709871517,0.014030782751362554,0.010351631648221903,0.013569860364470561,0.016074925870782818
NRZWQKGABZFFKE,0.016697053748187377,0.011079855174407826,0.01652046685033431,0.015874158088504592,0.016689558002497072
NTAFJUSDNOSFFY,0.02562310662614255,0.018435933013947824,0.023858472994719698,0.02405252226138844,0.024682089458339437
NUPJIGQFXCQJBK,0.0035536049593218773,6.346463677957877e-05,0.0017360640508511803,0.00043485103667890556,0.003131907828566083
NVEPPWDVLBMNMB,0.0027886574765070156,0.000269123497760797,0.0008471950340947438,0.00013318546446460574,0.0025816900659171933
NVGOPFQZYCNLDU,0.011011196343504708,0.006326674979072166,0.002897674069937746,0.008231508113099525,0.010991645512358924
NVKAWKQGWWIWPM,0.01153819109559138,0.010934013868123062,0.008678606004782576,0.011372375880928022,0.01153557985474005
NWBJYWHLCVSVIJ,0.00731661379918771,0.001335531462738672,0.0010630596722706652,0.00031449141044207363,0.007309182312742553
NWIVYGKSHSJHEF,0.019621421867255198,0.0007401432631433599,0.00917899651036156,0.002589717504221767,0.019432713989813714
NWUWYYSKZYIQAE,0.0016539923190851632,0.0014536593029100587,0.0006799002064678223,0.0011549459721144763,0.0016494899535229254
NXJCRELRQHZBQA,0.0025497211783367234,7.579133018771394e-05,0.001210173147770477,0.000483290322247957,0.0025024574788745915
NXQDBZGWYSEGFL,0.005504607686734846,0.005380368344683429,0.0036187129416452544,0.005039340907413171,0.005480512644723032
NXQMCAOPTPLPRL,0.008814415289693641,0.005754516017140943,0.0009158999552796743,0.0036175499947856534,0.00876636726369272
NYPJDWWKZLNGGM,0.008376711186297323,0.0032368900080300394,0.007557701215497845,0.0003648987120874886,0.008373898176953677
NYRMIJKDBAQCHC,0.020220302935666356,0.005023378633444053,0.019076079048611163,0.013623524644145076,0.02021112518141554
NZCRJKRKKOLAOJ,0.12402123565646744,0.1222459217939419,0.12319769525369524,0.0012954629940005735,0.12400194483770108
OCQDPIXQTSYZJL,0.032961307707392716,0.02647998215461439,0.03231289246724553,0.03183920525062208,0.03270583231848521
OEMJXSVJXPIFMA,0.009738568883378877,0.0018160319410689824,0.0015935170790885942,3.0356016124551827e-05,0.00952442367771293
OIJHFHYPXWSVPF,0.0021819375694014736,0.0006365070126970308,0.0018749531974013504,0.0015830651577051636,0.002099141649086612
OIKHXEKXIIAQKY,0.011738936485211201,2.0821674363786027e-05,0.010894967421877148,0.0033858273375250575,0.011737678909110967
OJMMVQQUTAEWLP,0.002928226712988863,4.3989540554891134e-05,0.0025231768758655422,0.0019915460830956387,0.002763632752838462
OJPDDQSCZGTACX,0.02362360270130826,0.01208364055334714,0.023458070062771737,0.020417961709529232,0.02360171096394905
OMNKZBIFPJNNIO,0.10911688891411717,0.10905453904939987,0.10883776176374006,0.10840182696162932,0.10907657159960293
OMOLDRXZKFFGJI,0.02738613448156707,0.026929508088236968,0.026606850139158304,0.027213872523000508,0.027250742960701433
OMSPUVWUIHNYCS,0.002044745320989599,7.901736289351799e-06,0.0012311128239279414,0.00011951030911632973,0.0020447173061741647
ONCZDRURRATYFI,0.00210026471369643,0.0013226390929489678,0.00016900853537438155,0.0008550610660478268,0.0020997109957882304
ONWXNHPOAGOMTG,0.015288893439854798,0.00016497715746246165,0.014751747019611778,0.004182620676021568,0.01521402284796015
OSUHJPCHFDQAIT,0.010177523821490876,0.006554440971225688,0.00958884054156844,0.009440491728737274,0.009960751943952335
OUDSBRTVNLOZBN,0.00614070956363022,8.823190380897496e-06,0.004295194404142284,0.00042775006983831413,0.006134057386038883
OUGIDAPQYNCXRA,0.013758426051039847,0.006969476206150703,0.0021067244884824324,0.0074490163227755495,0.013752758630606335
OUPZKGBUJRBPGC,0.009998606600632131,0.00028516855153491207,0.0033319443469519913,1.257989118298719e-06,0.009859300213617455
OVEMTTZEBOCJDV,0.0038515682451759747,0.0016801523568994855,4.593953931724196e-06,0.0004933457642932624,0.003805437632573369
OWDLFBLNMPCXSD,0.05023209497983999,0.044992606450930665,0.049136052696493904,0.04972509415090404,0.05009247385851241
OWNAXTAAAQTBSP,0.010063019524993388,0.00036213493120967194,0.009769107953391356,0.00581947251307851,0.010055146408854921
OWRCNXZUPFZXOS,0.009748661626358663,0.0027779471850704358,0.009150419715561823,0.0071540784833675295,0.00943201188273194
OWUREPXBPJFMOK,0.06301341829515969,0.04318727083375275,0.05585225637442984,0.00026910556986596557,0.06299234345233323
OXEUETBFKVCRNP,0.006308147740856311,0.0029521157914581112,0.006050015147970156,0.005121992423059014,0.006294991026026161
OZMMLYFAEKBWEE,0.01912745838001135,0.005182130894481976,0.011506092944014305,0.018476828225012135,0.019065235379327753
PFEFOYRSMXVNEL,0.0009589562561542008,6.159241070455887e-05,0.0008673134928490321,0.0003372844193775833,0.000932074966931321
PFFIDZXUXFLSSR,0.05816376909190207,0.054194163492299774,0.05706428210935586,0.05789691036993092,0.05809542337661006
PFRYFZZSECNQOL,0.015916465340413806,0.008128454416642934,0.01567499252433291,0.013405507034071385,0.015718608090187863
PHNUZKMIPFFYSO,0.033585078846927824,0.031089024379757257,0.030267747924973137,0.033440916796431026,0.033562422656207354
PJEIIBXJUDOMAN,0.031191512173317282,0.022618213513359128,0.03113018749278052,0.029374958305814814,0.03118682179127599
PJVWKTKQMONHTI,0.04626536230147245,0.045029779965735615,0.027756317151091975,0.03895447587203524,0.04619457695112741
PKKMITFKYRCCOL,0.0006132705138223464,0.0005033455386812917,0.00018273675863168175,0.0004254147242649185,0.0005926074639546545
PKOFBDHYTMYVGJ,0.011514751115304582,0.0054288405370482,0.011479665126408637,0.009303162273027143,0.011514621221649118
PLYQBXHVYUJNQB,0.02937280989514471,0.0146914065373202,0.02495822110403244,0.0003701346805698516,0.029367713012708584
PMCVMORKVPSKHZ,0.048202923891199914,0.04729151704439431,0.04499609467943318,0.04792341054185922,0.048166773117161346
PNKLMTPXERFKEN,0.0051715802365423945,4.256446909579013e-06,0.0036138624836828414,0.00029634288799145186,0.005171209308110524
PNRAZZZISDRWMV,0.04180707923083728,0.01978691789495407,0.03993814161920127,0.03289741367230793,0.041628245176999645
PNVJTZOFSHSLTO,0.017481485310832743,0.016234614285685473,0.013874254646633794,0.016732194126993487,0.017121537012697835
PNVNVHUZROJLTJ,0.0033142228694285052,9.772565038902725e-07,0.003157853306467776,0.0005926600529255425,0.0033099376138124525
PNXBXCRWXNESOV,0.0230009535636664,0.01274559527524568,0.022980025104002225,0.020495115136620067,0.022988847514188292
POFWRMVFWIJXHP,0.006930962421415756,0.0006178557258196262,0.006382060426619306,0.003576486189809774,0.006928991937564552
POZRVZJJTULAOH,0.0010240225140589628,0.00020864748721979636,0.0001151671191759625,4.779129223139722e-05,0.0009068145662147595
PQDRCVHHJPMGKO,0.04233635764740587,1.0954853295191969e-05,0.03906920605295,0.0024809641600112634,0.04233635212471201
PQFRTXSWDXZRRS,0.007360098241972961,0.0007896150131946117,7.921284459874028e-05,0.00015021152032521686,0.004505050431370427
PRGILOMAMBLWNG,0.014479929568037429,0.010976888177052165,0.012290577309088536,0.013474839608629843,0.01436476691505904
PRLVTUNWOQKEAI,0.014781648220055331,4.443856827950413e-06,0.014691492253180612,0.0018121748102195665,0.014779858094101438
PRUGWHGQBHEDAX,0.0033088227339165975,2.9655254019263916e-05,0.00226881422254065,0.0007963115181575616,0.00328401723788239
PTCGDEVVHUXTMP,0.016628984016785458,6.872528496633043e-05,0.010042449486822161,0.0022024510310099284,0.01651264606931558
PTOAARAWEBMLNO,0.05710246810237615,0.056971504561432525,0.05439910514410303,0.0564850324258489,0.05706188641788517
PUFYZCKVLOYPHL,0.005424176663787951,0.00020814681611219452,0.0025925187732228593,8.126256357698924e-05,0.005387762787697907
PUIYMUZLKQOUOZ,0.003286338131817104,8.358950268357035e-06,0.002007566968597196,0.00039233436236593136,0.0032850888423825537
PVNIIMVLHYAWGP,0.0005638928843046806,2.8050392685447802e-05,0.00028650604289144697,0.00015132332296515725,0.0005283157268356768
PVTHJAPFENJVNC,0.030290606560236785,5.5498581975274575e-06,0.028279889891267753,0.0017700108685075634,0.030281903776267556
PXMNMQRDXWABCY,0.01789534111742747,1.577607158846292e-05,0.01677661686622311,0.003655722196359774,0.017886616654627922
PXWNBAGCFUDYBE,0.029618868222358655,0.02912562869254432,0.026508066326715565,0.029219831432611768,0.02956197232089728
PZBPKYOVPCNPJY,0.006984155114787411,0.003967098503536598,0.006748470806405929,0.00607649297097572,0.006813307942207288
PZRHRDRVRGEVNW,0.0021292646325951,0.0011363961207657674,1.8996359825006887e-07,0.00019071433111981367,0.0021120083678837025
PZYDAVFRVJXFHS,0.009123732840421167,0.0020558147702167866,0.008798248269611939,0.0060382778422386745,0.009123691563868016
QAHFOPIILNICLA,0.07751887704174698,0.06594190046083834,0.0770186464938631,0.07347247854399967,0.07729874317903537
QASFUMOKHFSJGL,0.049251775488523795,0.003003830521177371,0.034537425215039996,0.039373002077168,0.04911371814096259
QAXBVGVYDCAVLV,0.021452148690479244,0.0195027859777776,0.018026731018483653,0.020933299754515793,0.02145155216487591
QAYICIQNSGETAS,0.0023011618796708344,5.2522222513758446e-05,0.0019810597143008037,0.0009807803766672737,0.002265106482688162
QBAYIBZITZBSFO,0.05677956969898913,0.054314650578961135,0.05317773090340246,0.05634361193309628,0.05640922409064977
QBSJMKIUCUGGNG,0.06322924519093953,0.06080484137922099,0.062318581305145566,0.06308624325776972,0.06315516033458088
QCAWEPFNJXQPAN,0.007009471967279369,0.00018985881015769635,0.002037384092166223,1.2476279874608712e-06,0.007002744802700358
QEGVVEOAVNHRAA,0.0027166096161322048,7.404707393813626e-05,0.0014158540173354762,0.0003396421871077883,0.0026237350790456098
QEVHRUUCFGRFIF,0.022802836343799655,0.00010661987746929391,0.022445108373423915,0.005469708529757075,0.02273229572054883
QFMJFXFXQAFGBO,0.0198074304884995,0.01438605208880963,0.018989824631403633,0.018993451857736238,0.019611765161204563
QGHREAKMXXNCOA,0.006605561866065078,0.0062560397351525045,0.0040882074649445915,0.005641145417807007,0.006537094846122148
QGTOTYJSCYHYFK,0.008071743653128455,4.776211127184918e-06,0.003577657391195546,5.348851567171624e-05,0.008069387704830547
QGWIQIAWOCJRPI,0.10494566126605014,0.09539221808346768,0.10492984473414114,0.0007541402452879847,0.10493055060233923
QHMTXANCGGJZRX,0.04023893308915552,0.027865255292254983,0.03977700589148034,0.0359685693212851,0.04019468224303298
QHOQHJPRIBSPCY,0.007282702370154919,0.001381801615711063,0.006850054053212003,0.004483542202720535,0.007032108116945631
QIKYZXDTTPVVAC,0.020990389580619648,0.020968898003215965,0.014235753340849738,0.019398333722318556,0.020990387300286246
QIWQQMZFTOCFGF,0.06446628543360972,0.0631531035675283,0.058378280290250995,0.06286997205057812,0.06360858813316063
QJACRCAPQIYMIH,0.0569153925115108,0.055925911449425665,0.056845908874524106,0.05555967240203314,0.05691313569633699
QJVOZXGJOGJKPT,0.015240592756686634,0.012290571012052751,0.013276205250141936,0.014550644293291424,0.014591394302797822
QLHULAHOXSSASE,0.023611892639864115,0.022458884776367878,0.011862253051676803,0.018681433330220633,0.023608259227272093
QMBJSIBWORFWQT,0.0021622073750556603,0.0019261985913732356,0.00041196766054112056,0.0014768271021569322,0.0021332665985186747
QMGGMESMCJCABO,0.0035268409487742235,0.0002110818842313831,0.0029311347817739526,0.0016835472456292464,0.003452523000022325
QMGVPVSNSZLJIA,0.01637590569967297,0.007922208008001757,0.003738878002536937,0.010433388746473635,0.016279303780751115
QNXAVFXEJCPCJO,0.010602252429193812,0.010182000186581549,0.00920212190268577,0.00998968897916198,0.010317214249273086
QPFYXYFORQJZEC,0.004466885860215296,0.003314534162964779,0.0009409933718723474,0.00325869441663525,0.004464900655105957
QPQKUYVSJWQSDY,0.019510531855326224,0.004794070568545491,0.017980398403153245,0.01224536961391199,0.019510490514695774
QRUDEWIWKLJBPS,0.0003844520160935857,5.8523527915419437e-05,4.302713970199721e-05,0.00010726956316711142,0.0003284053477202105
QTCRXZRCLRRRCO,0.00311642262908651,0.0014455516849420109,0.0009696849654501527,0.0027908951509234997,0.002996823146066199
QTDRLOKFLJJHTG,0.00271037992920778,0.001364690670146318,7.538690966298707e-05,0.0009476334221658579,0.002509219765774039
QUAMTGJKVDWJEQ,0.018926269201672667,0.004644529151416025,9.562968258762516e-07,0.002187846151218323,0.010743833601099408
QULLOTSYPAOTIW,0.0009732107164335406,5.107323653011364e-06,0.0007186390991805614,0.0001674442525382788,0.0008941561587873695
QVBOTMGSBYXVJQ,0.04864389477296441,0.04252310169250319,0.04765939786485436,0.04787262952146101,0.04861408686062413
QWGDMFLQWFTERH,0.021923293659392964,0.013720269087769755,0.021359891999631467,0.02022432891137888,0.021629235766851666
QXKHYNVANLEOEG,0.0014634672285505665,0.00023725134318489192,0.0007142746673105047,0.0008214249651205673,0.0012558886398548242
QXWJDGMLSMFETH,0.011388648951095207,1.01183687630374e-05,0.009844095018811241,0.001168377038206091,0.011315329884960751
QYMMJNLHFKGANY,0.007319526826408812,0.006791368800734041,0.004614115706378875,0.006621795927574232,0.0073018305476786356
QYPNKSZPJQQLRK,0.002452367466674525,6.924805330322257e-05,0.002352620170600542,0.0011405271203599428,0.0023673683516387536
QZCLKYGREBVARF,0.024170450244204267,7.734142593498333e-06,0.018329451114321715,0.00102825727172599,0.024154488998581383
QZXATCCPQKOEIH,0.002734568711774887,0.002475828631509943,0.002364812055717756,0.0025526528213390865,0.002596013055340091
RAOCRURYZCVHMG,0.010299690975700522,0.008486968270928923,0.00801000347964331,0.009899598077453105,0.01003090055562216
RBNIGDFIUWJJEV,0.0015623584190900509,0.0009184839323804297,0.0011774454677296023,4.675741326574576e-05,0.0015556717381569939
RCLXAPJEFHPYEG,0.008043340040128225,0.001630849174745287,0.0005438350433364884,0.0005077237832767671,0.008042667262840251
RDCAZFAKCIEASQ,0.0030307128858155213,0.00021803319622908015,0.0017326605929983718,0.0030003681950648395,0.003027939702184125
RDJQCOBTKKAQAH,0.0004074091194258965,9.07826777419012e-07,0.00019558953579908837,9.52331269866134e-06,0.00040739507793452294
RECCURWJDVZHIH,0.04207642106010983,0.03130825029658264,0.041918194000883306,0.03983940477910274,0.042021247296828566
RFHAOTPXVQNOHP,0.010018181082137447,0.00892131856236602,0.008337589370191242,0.009879227677935072,0.01001467667336469
RGCLLPNLLBQHPF,0.0033184835955174905,0.0032526633525165258,0.002461562868163618,0.0032337621875609163,0.0033168790191701937
RGOVYLWUIBMPGK,0.024969322860156143,0.02458159065560938,0.020741827240451517,0.023021787119047652,0.024967592991300358
RHVBIEJVJWNXBU,0.017617709663662353,0.016698574774302345,0.014592248339901397,0.017507184743304018,0.017616608571071283
RIZMRRKBZQXFOY,0.0006537594096472733,2.4768199639988884e-06,0.0005145049412569141,0.0001197694656914917,0.0006140065053428089
RJBJMKAMQIOAML,0.0437590094561522,0.04359500406137087,0.042622244099963486,0.04354306494290871,0.04372103279479603
RJKCKKDSSSRYCB,0.006069908064054471,0.0008203483619200367,0.005053862709189557,0.0026605405548814267,0.006057667750093523
RJMIEHBSYVWVIN,0.0015620381721979807,0.0009388577216574922,0.00025968854790103736,0.0005738156120667212,0.0009728050417091179
RMFNNCGOSPBBAD,0.008659777286901524,0.0074257585255072135,0.0012947880664444262,0.004856566676216753,0.008656252780215517
RMOGWMIKYWRTKW,0.00672786581523886,7.737441565132397e-07,0.00651658358380884,0.0007525960829943478,0.0067261860651427665
RNVCVTLRINQCPJ,0.005558505759015175,0.0034766506725205306,0.0052789945422762816,0.0053843837404441925,0.005530719150862004
ROVGZAWFACYCSP,0.0009906448946214548,0.0002466912211831838,3.509684141180685e-05,0.00010044099219961818,0.0009906430727160808
RQDJADAKIFFEKQ,0.0007575931956746614,6.178749930789255e-07,0.0005796334818530203,0.00029137728238083025,0.0007066832658171175
RQVGAIADHNPSME,0.0035061208056275444,9.749969860166872e-07,0.0020691354406921344,0.00010627364221883501,0.003505847222639127
RQZAXGRLVPAYTJ,0.029605424549889146,0.028175343661494538,0.02696688274903367,0.029489948945922956,0.029562927807883454
RRKTZKIUPZVBMF,0.005312440473938281,0.0029482876639769645,0.00011529727138014437,0.0003507751203852393,0.005215387989494826
RRNIZKPFKNDSRS,0.025073925767359433,3.263749399187721e-05,0.0212359234090272,0.002069666448890145,0.025051108044537578
RROQIUMZODEXOR,0.007934448977182457,0.005684218329994724,0.0014236101206313249,0.0039236967388780524,0.007899960340863321
RRVIAQKBTUQODI,0.06930063697059607,0.06894434382193147,0.06474757949022854,0.0686388897135755,0.06929291393605039
RSIHSRDYCUFFLA,0.014676504242995981,0.013764551015972907,0.013353524726646582,0.014518327055773652,0.014554810066316294
RWCCWEUUXYIKHB,0.06518108142836443,0.06212041092123567,0.06417250567793967,0.06496449668510838,0.06508019376523179
RXCPQSJAVKGONC,0.005280247373617861,0.002902615039159348,0.004958646538287229,0.004418767521877185,0.004969869075149722
RXZBMPWDPOLZGW,0.20095496413318487,0.19843975994854063,0.2008729777747675,0.0015908342505915885,0.2009549333458805
RYAUSSKQMZRMAI,0.004959037889207602,0.0022413269101158894,0.000523565057933455,0.0031346875368459606,0.004957910666574223
RYVIXQCRCQLFCM,0.009021889178847052,3.528685684255593e-05,0.006338878131453412,0.0007552802054486222,0.009008346763165073
RZILCCPWPBTYDO,0.0033938069402325937,0.00013586853147281794,0.00034289857231276305,0.0003916929875655735,0.003350874920611522
RZVAJINKPMORJF,0.015735679424255106,0.013295106812273152,0.01300775219018977,0.015558077257114302,0.015617646245989242
SAPGTCDSBGMXCD,0.01284088119619363,0.002683874156858574,0.012007782761033422,0.008179676663859891,0.012767013773256536
SBDNJUWAMKYJOX,0.022883574198811728,0.022686075114538275,0.014058154191473457,0.02029268910965795,0.022802461109413873
SBUJHOSQTJFQJX,0.006987649991576768,8.390790218664249e-05,0.004752413150937539,0.0010628338603615234,0.006007803485665063
SCABKEBYDRTODC,0.04912793557022224,0.038437423521776516,0.047696936515670904,0.00029955750542928067,0.049126720015521166
SCCDDNKJYDZXMM,0.004045766056023894,0.00344787476783014,0.0014579031760091855,0.0026098905980449856,0.003897433057992875
SDMSCIWHRZJSRN,0.001934337980767789,0.0018667194437484646,0.00123046864812628,0.0017706851447342564,0.0019234943545667173
SGUAFYQXFOLMHL,0.0010432287392907738,5.61639820028108e-05,0.0006238720241777408,0.00014253977818192538,0.0008534159539329688
SHCRDCOTRILILT,0.005803150450025307,1.2419952634054598e-06,0.005134702280714511,0.0004221715327165426,0.0058006403510027955
SJDACOMXKWHBOW,0.07033805650918135,0.07012991341146635,0.06045868101947714,0.06777696066234672,0.07033294732226908
SLCGUGMPSUYJAY,0.006149627453211797,0.005506564866821173,0.0059693052200097095,0.00019752102183960042,0.006145725185613427
SLDQOBRACOQXGE,0.031229582394765622,0.02054550866299967,0.030976263164066712,0.02854896081503676,0.03108936146024066
SMWDFEZZVXVKRB,0.00239044322615186,0.001699382490947561,0.000673964329917683,0.001679972430917266,0.0023904194331452024
SNHRLVCMMWUAJD,0.0007266932379412495,4.368724151063185e-05,0.00017366741518458145,2.486433122882506e-06,0.0006924099773426896
SNPPWIUOZRMYNY,0.052999804653227275,0.04729073880435763,0.05163201425463958,0.05240646620048563,0.052999451034508774
SOUGWDPPRBKJEX,0.08132282930428122,0.08097022970247643,0.07749707595973311,0.07975389483866152,0.08106870288158799
SPNQRCTZKIBOAX,0.0059728201410264485,0.005634400218077963,0.004135603667582701,0.00586744760479014,0.005972778636335868
STECJAGHUSJQJN,0.00032376398923598157,0.00011087848349244762,1.5661152171989458e-06,6.581206719497018e-05,0.0002937793471348248
STJLVHWMYQXCPB,0.025567532711485673,0.022408865929846526,0.024205752263940474,0.02237859267944734,0.02482658582820866
STJMRWALKKWQGH,0.04620820083115402,0.03809711723082219,0.04551550773114854,0.044899834530578976,0.046159454693602595
STMIIPIFODONDC,0.004686694458200743,0.0028120402598162206,0.004414805212487638,0.00021795784486221097,0.0046322781777206916
STUSTWKEFDQFFZ,0.00803560026519787,0.001220204223357453,0.0012711764828660316,4.011782967345244e-05,0.00803362139288027
SUBWVHAACKTENX,0.11921615775305423,0.11324301654896947,0.11684904596557542,0.00108224437012433,0.11920203644706327
SWAJJKROCOJICG,0.07397285254761168,0.07278849000527142,0.07148007982227704,0.07387098468079994,0.07396216237467029
SYJGKVOENHZYMQ,0.018707769068823,0.0001808500171504579,0.01706698388729507,0.004012214246435487,0.018433853816951114
SZINUGQCTHLQAZ,0.03358711101239442,0.03212994990209935,0.03101989714606306,0.033490942162867104,0.033550240131896995
SZRPDCCEHVWOJX,0.0003060415041479136,8.708799181256287e-06,0.00015886927573227115,3.3153564111458133e-05,0.00028070017131070086
SZWKGOZKRMMLAJ,0.00197316611793615,0.00040944090112185645,0.0008237393387412909,0.0009129812406918616,0.0011051739757006187
TUBQDCKAWGHZPF,0.039836250546160835,0.03859942139646302,0.03363931874524322,0.03919197558628319,0.03978227993291834
TVLSRXXIMLFWEO,0.008456742170679866,0.00012170519374656366,0.004129024891929821,0.0061398527180275,0.007431041921549962
TVVXHFWWAYXBNC,0.023373839746346384,0.023297556213429486,0.01844465335188627,0.022390313685946107,0.02336979525097735
TWFZGCMQGLPBSX,0.019127946098027312,0.018250807065839796,0.014636188274070146,0.017907754455925615,0.01846559242333554
TWHBYJSVDCWICV,0.06006048527654142,0.041914664964482956,0.05268865966445306,0.00030316213083531746,0.06003451178367443
TWMFGCHRALXDAR,0.052587096865598676,0.004139184579004446,0.04600802739186568,0.03042965801231228,0.05258543872509576
TWPMMLHBHPYSMT,0.010927177067147157,0.0005625911905580028,0.008591266223614245,0.005034632581173716,0.0109267558118182
TYMLOMAKGOJONV,0.00845903882389032,0.007712809352492827,0.006072009035178625,0.008076093353557494,0.008455534908635669
TZBPRYIIJAJUOY,0.01044509736914503,0.008665014951805047,0.0017552566242977161,0.006233499791944486,0.010402783532342535
UACOXBQBNWQWOK,0.013523484126078381,0.00010867748909160722,0.0074302892009812035,0.002920425244877324,0.013417055657001239
UAFDGCOOJPIAHN,0.0009601252923310866,0.0008372062865809745,0.0007147484579434879,0.000893023974190017,0.0009105629816843575
UBCHPRBFMUDMNC,0.01300118715769897,0.010809954745031946,0.010944464761946769,0.012748086758679222,0.012987864358673681
UBCKGWBNUIFUST,0.061950201281115565,0.06016727330316937,0.060083009005077244,0.051540182244096996,0.06193163493323565
UDCDOJQOXWCCSD,0.03526567182491415,0.034889234153722914,0.03369407393872505,0.03507211485150153,0.03525294645502648
UDKABVSQKJNZBH,0.040760983083325555,0.03894644322251811,0.038385086531153786,0.04073649199318258,0.04075552960420725
UELITFHSCLAHKR,0.013729424197418853,0.007511225439424919,0.013556253549185743,0.011892308549663697,0.013574471283759163
UFEODZBUAFNAEU,0.006026697396147941,0.00019310547254905702,0.005015256108677904,0.001698163344298345,0.005448141530165728
UFFBMTHBGFGIHF,0.013518294017844146,0.009428394919582913,0.013196173220105654,0.01299902565980428,0.013491024754466285
UFNOUKDBUJZYDE,0.003298094514420434,3.8993142894455136e-05,0.0014460862335266508,0.002743942721460039,0.003085995158306003
UHBUSMAHWHZQKS,0.0017059959418471255,0.0009710824418745136,0.00033618432150299676,0.0008644127440698453,0.0013509596942530295
UIKROCXWUNQSPJ,0.005622004913362508,0.00018106851198532517,0.00278191283776709,0.0006700959094309853,0.005621624690709862
UIOFUWFRIANQPC,0.0027506528183935328,0.0003973753821121485,0.0002455034618621234,9.976964503240855e-05,0.0027316409129350366
ULSLJYXHZDTLQK,0.0020898567888815002,0.0015007070101377882,0.00040956809789542085,0.0013273896963785989,0.0018818932786037754
UNYCSANQWMNNCS,0.03614518922670603,6.340948680627623e-06,0.03471580343405657,0.0022386554783810006,0.03613518471236238
UQCSETXJXJTMKO,0.061294626090807915,0.04257634815833568,0.05355270593545549,0.0003048211137967466,0.06128420972939539
URDNHJIVMYZFRT,0.020409408000291954,0.01687115197560329,0.020014013807177985,0.00023726753706046141,0.020356553380127203
UREBDLICKHMUKA,0.0016172107951457466,0.0013552054843169092,0.0003050136748703981,0.0010387974854851613,0.0016165410278138057
USRKFGIXLGKMKU,0.0011713335165069406,0.0009864373987098901,0.0010630755226319851,0.0011497296949554655,0.0011532561193412128
USSIQXCVUWKGNF,0.003222562096222905,1.7890622583478268e-05,0.0020670222762511803,0.0004682571025458118,0.003218032245813081
UTOHZQYBSYOOGC,0.03149281114636816,0.030857335980221452,0.02473776580189791,0.030538073697199075,0.03145350681698011
UURAUHCOJAIIRQ,0.020515796077914362,1.1895531106139584e-05,0.015420916475692135,0.000980274628290003,0.020515762676707433
UVBUBMSSQKOIBE,0.12144358299997118,0.11592310209001785,0.1177423611818098,0.0011953599683175165,0.12112072883830392
UVLBAPBHAHFJSY,0.005514775163539491,0.0004170242277297025,0.004633868369581999,0.0030623887033361767,0.00551468665426418
UWFYSQMTEOIJJG,0.007279460549871983,0.006814432549678846,0.005921769908982799,0.00723897960005714,0.0072758628201528164
UWVQIROCRJWDKL,0.027278935439500558,0.020065207314989366,0.025243245898784718,0.02430211956948567,0.02673925766282674
UWYHMGVUTGAWSP,0.00390777469471877,0.00042967662486349334,0.0005327896198894385,9.061512690101622e-05,0.003888134977362219
VACCAVUAMIDAGB,0.0026930860063516127,0.002552722538164881,0.001161569146377723,0.002234544396905975,0.002669875501076291
VAIZTNZGPYBOGF,0.002758103781770207,0.0015070540801381924,0.002533453369530212,0.0023507150907863166,0.002633835497608082
VAOCPAMSLUNLGC,0.031011716772989018,0.028992826258221308,0.026312923953603073,0.030697449709676704,0.030900291182534727
VBCVPMMZEGZULK,0.00899595789124997,7.975046041903272e-07,0.0064456204389686,0.0002616385070425154,0.008992889408010983
VDTNNGKXZGSZIP,0.0023634667453526614,0.0018313961237448194,0.00045843306950657395,0.0013072982580744602,0.00233636116863219
VEQOALNAAJBPNY,0.003143142070467268,0.0010400705578444253,0.00039239255233037337,5.096132823707335e-06,0.003141117173322539
VEVZCONIUDBCDC,0.014176632743340373,0.007286487799841753,0.014141732176312965,0.012632759914441918,0.01417005715840252
VGHPMIFEKOFHHQ,0.01101711103074193,0.0057696229781647665,0.010453321007718978,0.009083354401249754,0.010494305153005394
VHCNQEUWZYOAEV,0.0019078595547424352,0.00021864840719762837,0.0017003936954996855,0.0010013571992202313,0.0018396390583086582
VHRSUDSXCMQTMA,0.01325737834067921,0.012722939888661624,0.011117215467369584,0.01313499379326978,0.013247270109621071
VJYFKVYYMZPMAB,0.032822228696687425,0.02712045129387361,0.032662936991624446,0.0318535218011746,0.03281395030783872
VKHAHZOOUSRJNA,0.00633150199289817,0.005586331747073518,0.005553971758863962,0.0063103130259666235,0.006314495360523019
VLTNWNUPWHBSQY,0.016471239837662834,0.014464234592730354,0.015362692734732558,0.016416054032253852,0.01646283261831569
VLYWMPOKSSWJAL,0.0018282483485033804,0.0015545524036924524,0.0012244520246867576,0.0017119609647135298,0.0017350807553140914
VNENJHUOPQAPAT,0.0014239140602116378,0.0011403879263065964,0.00032125439120451104,0.0007451950961743385,0.0013490463784103647
VNKBTWQZTQIWDV,0.01064061963653449,0.010504842813707928,0.006740560380267998,0.00970282572476811,0.010616338446947286
VOEYXMAFNDNNED,0.09379681822192143,0.09337507214047638,0.09034233909980065,0.09331913772062561,0.09379594962370394
VOVIALXJUBGFJZ,0.003523325157922504,0.0033367041104150736,0.002507852449855602,0.003362689711901683,0.003485771178771684
VOWAEIGWURALJQ,0.03717905741319898,0.037086422098393475,0.036121257559257436,0.036169527964820314,0.037116180955206246
VTFZEBCYVXMEBB,0.004252977630858877,0.0009457470826238681,0.0008476370610883432,8.456411490933083e-05,0.004192600672679224
VUNOFAIHSALQQH,0.01195742981979793,0.005903568266651234,0.006956133694966976,0.011598736574575086,0.011955187856181826
VUTHWSUXEOILTN,0.0015624451540048748,0.0003935163825424359,0.0014963804999402592,0.0009540603758442016,0.0015555741037346993
VVBLNCFGVYUYGU,0.013644525915394917,0.0086825698681248,0.010992716016529933,0.0118614940658036,0.012069244591111928
VWUXBMIQPBEWFH,0.03369724456081133,4.825379783039707e-05,0.033643909868408865,0.005799929094264709,0.03369414979320134
VXTGHWHFYNYFFV,0.03783887710198807,0.034872429914357794,0.03442830849869039,0.037762438671747486,0.03778686884814418
VYBKAZXQKUFAHG,0.07608591930897596,0.0751435640926733,0.07368524744108454,0.07597767104118791,0.0760752169503897
VYUUPUMKBLIKJV,0.0013713212966493962,0.00045673774431823327,7.491555690088223e-07,0.00026640400857006656,0.0012737679292540924
VZFRNCSOCOPNDB,0.0025591912695201047,0.0024420797486182184,0.001674788039590835,0.0025131447314418374,0.0025577516882947697
VZRKEAFHFMSHCD,0.005277525419843758,0.004133813900844031,0.004367384301233797,0.005014422274843442,0.005043585678021286
WAIJIHDWAKJCBX,0.019508883979561773,0.019037576009916336,0.015880356455626923,0.018891245014001468,0.019446679147851677
WCCIEZDFRJREQJ,0.004479943049172913,0.003125100483989075,0.004262872666045947,0.004389210772236001,0.00447891713941586
WDQFELCEOPFLCZ,0.02463342686090654,0.02356247969670869,0.01882691323785201,0.02367406148561228,0.024624413783643686
WECDUOXQLAIPQW,0.02498244910637116,0.0036111992685788144,0.021237935576365868,0.014216357909449608,0.024957406483149012
WFDXOXNFNRHQEC,0.0006762572569301848,0.00016779086995066383,0.00014117448794268386,4.622140869930437e-06,0.0006653420966703397
WFKSADNZWSKCRZ,0.019946300682651876,0.0168874602443481,0.017232642835136647,0.019192636480853946,0.019888742346595566
WFTHOCDLKYPFJX,0.043718848706214244,0.04264135479579849,0.03896510354054916,0.042779519996653734,0.0433755800590635
WGZDBVOTUVNQFP,0.012590233869959905,0.009465703216738685,0.011432159070109648,0.01245764416911693,0.012588115854903756
WINHLTQNRABBSW,0.004406077075443312,1.317051707099351e-06,0.0009466604186134635,8.703781285128616e-05,0.0043720633673232645
WJCNZQLZVWNLKY,0.002840035558773195,0.0022273731906308305,0.0010243137040926525,0.002429448302402765,0.002828925319074991
WKBPZYKAUNRMKP,0.005715894876397791,4.235663145676395e-06,0.000784192403295002,0.0012601082958603538,0.0018843358964852033
WKEDVNSFRWHDNR,0.04358774775515298,0.03695217443475876,0.04228780122395662,0.041752845691354804,0.042498091160370725
WKGKFWXGAHXMCE,0.004769606982560273,1.7551513459222387e-05,0.004657937652291769,0.0012731966228736176,0.004763025353388739
WKSAUQYGYAYLPV,0.0022052440441650036,0.00043503596989899734,0.0003222026066705098,2.3707196054626074e-05,0.002074103856844531
WLFDQEVORAMCIM,0.05860073975702899,0.05834584920079565,0.05256273686740125,0.05724068184414356,0.05850568196659163
WMYINDVYGQKYMI,0.0025546334643507056,2.3020246981559234e-05,0.0024718739113271503,0.0008281310105691952,0.0025544748774896787
WPCVRWVBBXIRMA,0.003767501997089718,0.002302078234006257,0.0013283354027988684,0.002753216929822712,0.0037454273314335975
WPPOGHDFAVQKLN,0.007054243320827166,0.0043417206193625876,0.0007122490127759494,0.004149497925678709,0.007043897718051061
WRPIRSINYZBGPK,0.0037561059106518886,0.0026791516093703028,0.00011366466924298815,0.0009435036428974931,0.00351823938092097
WTLBZVNBAKMVDP,0.06139247344380873,0.057614828174731174,0.05999954533675779,0.0007325995096308241,0.06071868608900704
WTOYNNBCKUYIKC,0.018499443038743138,0.014605174215794674,0.01744841555286332,0.018197883318868943,0.0184934770889022
WTPBIYSMFKUQKY,0.01896090328589793,0.006608391570970424,0.018441115101330844,0.014509424500456579,0.01883380377997165
WTPSHLVHJOJDIF,0.011869560926321951,0.006696718390330167,0.0038580450468832447,0.008190663092744686,0.011833984611046214
WUADCCWRTIWANL,0.003146235974608795,0.0004575086758841847,0.0008854241951783914,0.00018984720333090847,0.0030205642215488664
WURBVZBTWMNKQT,0.0029718326966344435,4.525770732248524e-05,0.00246284498747473,0.0022897694229582063,0.002970387941631572
WURGXGVFSMYFCG,0.002883451811328877,0.0016122627619577674,0.0028413900811431274,0.0024425156606603135,0.002842300011770588
WUZNHSBFPPFULJ,0.0030352397385023065,6.83535949468168e-05,0.00253022924703338,0.001091501680393703,0.0030330871997833833
WVLAAKXASPCBGT,0.020530094753054687,0.017242624722973332,0.011279545018025163,0.016573250176221282,0.0187450226169399
WVQBLGZPHOPPFO,0.005257242549591669,0.0038796770551168414,0.004344499289660365,0.0048630543642936555,0.005251086625682499
WWYNJERNGUHSAO,0.003631633524242874,0.0028910691910119055,0.003112079756010642,0.0035203015614897167,0.0035527486899273567
WXURHACBFYSXBI,0.012755631485999465,0.012224024847890159,0.010955688698767849,0.012600137340400632,0.012719633259062155
WXWCDTXEKCVRRO,0.007134219293098523,0.006713726374534084,0.005731475677627296,0.006992307120759731,0.007131754319600813
WXZVAROIGSFCFJ,0.02017204983423477,0.01849833113115432,0.01953463884120517,0.019998302916221945,0.020158558525378786
WYEHFWKAOXOVJD,0.05014137222267219,0.04837764297505735,0.0369559754589891,0.04562616550452055,0.0486578030797937
WYKYKTKDBLFHCY,0.007492464922545119,0.003003994337586413,0.00039011331380012053,0.0003307592324077492,0.007492105840107152
WYMSBXTXOHUIGT,0.011414879615759536,0.010503119970087089,0.0019008889784753093,0.007027011120136756,0.011389767162335066
WYVVKGNFXHOCQV,0.12436405015095231,0.1239122070373189,0.1238620466530909,0.11958900042325835,0.12435411911267102
WYWHKKSPHMUBEB,0.0006641638762225262,4.353271712375273e-06,0.00042513096911186944,0.00027582474846229164,0.000652803810338023
WYWZRNAHINYAEF,0.04251232308901812,0.020759843459929796,0.040752336430146405,0.03380254875232559,0.0423470642966893
WZKXBGJNNCGHIC,0.024980689335931082,0.011650186152254008,0.02257172533290304,0.01962602354477819,0.023536783294460347
XBZBRCVCSVLJJZ,0.025740377583009316,0.010073138804055748,0.02457678944291657,0.01981341919940177,0.025737184125432633
XCGSFFUVFURLIX,0.004262213512637372,0.003999635701351785,0.0036198483017262748,0.0042264402987228925,0.004250277761257421
XCSGPAVHZFQHGE,0.008648276360940736,0.0008444646393304667,0.006921618185756135,0.004996319165239472,0.008640730460283231
XDNBJTQLKCIJBV,0.018661943455783217,0.016921667106888486,0.015340731106734016,0.01853163743379977,0.018617483413807662
XGXOSJSGDNPEEF,0.06308349824154565,0.06215731108697018,0.05091762626639196,0.05891022389558199,0.06259765136904173
XIXHUNCZQIRQOG,0.10722336328703504,0.10569672566621732,0.10600984969481902,0.10668502522370318,0.1066878383250432
XKJMBINCVNINCA,0.10527769387195618,0.10475841436396374,0.10283513887204661,0.10478133421212339,0.10506588928162902
XKNKHVGWJDPIRJ,0.020349017836643144,0.01612024931029893,0.019545699080032706,0.019660445213228038,0.020043333639707558
XLDBGFGREOMWSL,0.03390689798615042,0.031843785280509206,0.032374431171319815,0.03372714740625555,0.03373143233914998
XMAYWYJOQHXEEK,0.08292202163196748,0.0032924807755946722,0.06209136186557989,0.057716873470330304,0.08255064454143445
XMJFVIGTHMOGNZ,0.036675331243222684,3.921370255177692e-07,0.0321699620420807,0.0006355235610882304,0.03667274162497878
XMTQQYYKAHVGBJ,0.00169115378382681,6.238787906003799e-05,7.369772727557999e-05,0.0003492576760389676,0.0016781340722998312
XNKARWLGLZGMGX,0.008433531440058073,1.551551185170405e-05,0.006341553072743457,0.0006937163657225274,0.008388240797021088
XOGPDSATLSAZEK,0.0023777267563329495,4.852848699421833e-05,0.0017230169016372635,0.0010380378045261064,0.0023752055804507595
XOXHILFPRYWFOD,0.0016038108682146822,0.0013268467517470006,0.00033094377024347555,0.0010371607557398174,0.0015700838248916018
XOZLRRYPUKAKMU,0.005213654227073878,8.100649323797629e-05,0.005203342211691009,0.0021841479635100894,0.005212712582874044
XPAZGLFMMUODDK,0.010514919921518172,0.006892999130034718,0.010136254076825326,0.009473842191991051,0.010307336098220514
XQYZDYMELSJDRZ,0.00748322272824379,0.002194533454016263,0.007123465645167678,0.005783956632845724,0.007271786538205795
XQZXYNRDCRIARQ,0.016415823398979477,0.009989555921003108,0.009985393685265201,0.0004334496829645068,0.013395805002902092
XRHGWAGWAHHFLF,0.005386410850706502,0.003580571683553393,0.005283568610983138,0.004923858188859271,0.0053009815972869636
XVOKUMIPKHGGTN,0.00653151835975224,7.97728678513486e-06,0.003971917604572935,0.0013975046892528292,0.006213260103579426
XVPBINOPNYFXID,0.0038738122982179607,0.00010728937630299137,0.0015992254899301018,0.0004141868712907895,0.003577190066389826
XWALNWXLMVGSFR,0.010449151865081933,0.00976891790347677,0.00940615932382349,0.010388571005813273,0.010410657679223985
XWIYFDMXXLINPU,0.002860683061901085,0.00019655431546777846,0.0023918390532904174,0.0014770572039610958,0.0027818844059465313
XWMMHXRGYYPFAV,0.011916037319249617,0.003002180213632976,0.010949639899327587,0.007357369518591568,0.011806392822756619
XWTYSIMOBUGWOL,0.03091040838735086,0.02959815467983458,0.026095165417078924,0.030631329041459064,0.03087962450690819
XXOYNJXVWVNOOJ,0.031532763182077636,0.019307062358925656,0.03116138690504437,0.0273212552440959,0.03153240514310482
XZZNDPSIHUTMOC,0.006049479957677217,0.0022555575302443324,0.00025009801696807,0.0006454227642943341,0.0058904814360745865
YBBLVLTVTVSKRW,0.025805903450915622,0.025514800949264303,0.014005997955514389,0.022351420738289905,0.025550785519042028
YBJHBAHKTGYVGT,0.006234530553512091,0.0009383216182877914,0.001772593628508943,0.0034021728009734587,0.00603202992682897
YEZNLOUZAIOMLT,0.01482668549018677,0.012717419779712996,0.011657424909870834,0.013495995173599465,0.014587739909824371
YFAGHNZHGGCZAX,0.0016607133187305305,0.0003903463184677142,3.398985604963689e-05,0.00015307417650036554,0.001658611665164378
YFBPRJGDJKVWAH,0.04050088486656979,0.0382313252500157,0.03872295677822924,0.04046458908358846,0.040468474208223096
YFGYUFNIOHWBOB,0.001826533569135,0.0017874153848250033,0.0011253498632111591,0.0017573701311188986,0.0018217588645574494
YFNCATAIYKQPOO,0.002507045583734982,0.0005347843478334113,6.284735584208409e-05,0.0002305578399427492,0.002461197427601251
YGUFQYGSBVXPMC,0.006884523541850691,0.006219094868918879,0.005214409712886926,0.006442966722242589,0.0068558450732805745
YIJZJEYQBAAWRJ,0.013346192708955843,0.001877293718794592,0.010541939814251212,0.007624995287358335,0.011823931486596774
YILJWHUIUCRKEU,0.03987257812080804,0.03964470947124059,0.0382746164336808,0.03964789756247091,0.0398719680601144
YJFCKXVXEKHSEC,0.020382979853615812,0.020270348113311472,0.016817900308409548,0.01946375723951216,0.020301077454579246
YKBZOVFACRVRJN,0.02005629147955091,0.019915008169360406,0.014654170653642044,0.018543977998598207,0.019931322589959014
YKKQAXQGZIBJFS,0.07614991637141555,0.074888806837533,0.07262597032111659,0.07596357030583356,0.0761368368536523
YLDDCEXDGNXCIO,0.02748722017029455,0.02671666265649479,0.020472658577841907,0.02655299952950836,0.02741755786672291
YLJREFDVOIBQDA,0.0013640866521601215,0.0010169677639623991,8.216425406983659e-05,0.0011079628705302565,0.0013638555035709282
YNVKAENVJKEMOU,0.006613721134521791,0.006063688105611064,0.0029059634921694485,0.00547417529417578,0.0065239619567465925
YOSHYTLCDANDAN,0.015340336571864321,0.007806040407418022,0.01491507652943936,0.012674069556349742,0.015014698896274466
YOUGRGFIHBUKRS,0.07675087606534986,0.06850536204407193,0.07615577357186791,0.07438002347616335,0.07617792482150829
YOWNVPAUWYHLQX,0.0024132185356287865,2.2210802671628754e-07,0.0015153756394180242,6.523468859196465e-05,0.0024128042977994615
YPEWWOUWRRQBAX,0.149679235987082,0.12596731321624888,0.1255599578742586,0.12548629435081102,0.13276420932951738
YQIGLEFUZMIVHU,0.011608417139437234,0.008388629403634277,0.011256504938119137,0.011083174365806744,0.011593826917590663
YREQHYQNNWYQCJ,0.012598971692955527,0.012218808431681076,0.010221232741640874,0.012412774936973625,0.012596150501491106
YRRKLBAKDXSTNC,0.027980667590380655,0.02172182646756617,0.026391481675137184,0.024717199775720247,0.026628073172668645
YTRMTPPVNRALON,0.00911439795304622,0.0059145763204649605,0.0037198294893765176,0.007075366195968711,0.009064777688860609
YUAUPYJCVKNAEC,0.004069098196848755,1.5639451479377772e-06,0.002406411657007063,0.001045643128561891,0.003981444317435486
YVIXXPCJZAUQHJ,0.006866475935724375,3.654536294071895e-05,0.005537082677280126,0.0008920725529968599,0.006865829702383556
YWBVHLJPRPCRSD,0.0024535932933973568,0.0020718617239030117,0.0008268850060700107,0.0015893742239972601,0.002443989349650583
YXALYBMHAYZKAP,0.00022926285948417772,0.0002123310162595187,6.546234282201645e-05,0.00017191034432617282,0.00022923123783521137
YYJNOYZRYGDPNH,0.014013486420545004,0.0006020881106808835,0.013328560621262451,0.007977244518071972,0.013656022123701188
ZACLXWTWERGCLX,0.007438774245365076,0.00043316537974206863,0.0023281594522725326,0.0011087369502232993,0.0027416805512125494
ZBBHBTPTTSWHBA,0.005462468989963973,0.0012429340632051367,0.0003090036803725443,0.0004334181886417538,0.005457655237011606
ZBRHTUMWSDPCMI,0.006229798219313265,0.004143595260112593,0.006116203450472493,0.0001678563146651612,0.006184744590422602
ZCJPOPBZHLUFHF,0.042802451546102405,0.0425235280980779,0.030358031585422142,0.03956945378258435,0.04274456327567693
ZCTYHONEGJTYQV,0.04480836826710628,0.04149892277107889,0.04197408583616692,0.04479943441869408,0.0448041473920508
ZDHCJEIGTNNEMY,0.004054710651489276,0.003478869034260767,0.003130559553645778,0.003998461003962707,0.0040136143227423125
ZDHYERRNXRANLI,0.011884533632014785,0.011085799051533781,0.008931213672750866,0.011316698403436042,0.011677423988698893
ZEGLQSKFSKZGRO,0.042087789775093004,0.020638585150822713,0.03817290011196288,0.0010446123451343034,0.04208760988400457
ZETBBVYSBABLHL,0.009082896731659625,0.0021775329954135366,0.000676178793469099,0.0006823515185230451,0.009082866984248638
ZISFCTXLAXIEMV,0.007506838636993413,0.007070359044177714,0.005535985471522733,0.006085176630659397,0.00750636384537604
ZIWFCOIGUNPHPM,0.005201892661613405,0.0029543161821342714,0.0002640205953195786,0.001789511240494444,0.005193752077227052
ZJJXGWJIGJFDTL,0.022634013845035307,0.00018250213302298257,0.022274665565856177,0.0059822731907577635,0.02260891652754903
ZKLXUUYLEHCAMF,0.0048720278542945085,0.004282902654218632,0.004408998189991832,0.0026699801730778977,0.0045072570241471484
ZLCUIOWQYBYEBG,0.003399863198059629,0.0002347756844562109,0.0010626046868265349,0.0002690948405766379,0.003380239644256488
ZLIBICFPKPWGIZ,0.004721292118490947,0.003216407890941484,0.00039420708425522925,0.001646680484190526,0.00464367006638859
ZNNLBTZKUZBEKO,0.005928138628758141,3.497722513198017e-05,0.004622005783302088,0.000902461161842354,0.005693983916894399
ZNOLGFHPUIJIMJ,0.007575368308680098,0.004834138795147398,0.0008784616600492241,0.003129967532495513,0.00753261643512476
ZNRZGJAHNMGWQN,0.0011895004705027986,0.0009915491348253108,0.0008495824394113129,0.0011689874586906877,0.0011781613589019635
ZOGDSYNXUXQGHF,0.026002410692376392,0.0003116284311149957,0.02576063758118258,0.007572030251133628,0.025996827934348293
ZPUCINDJVBIVPJ,0.0030444627810007905,0.0018687000741023265,1.6854869238100076e-05,0.0010465460974324512,0.0030391641693132804
ZQEIXNIJLIKNTD,0.044115651105598314,0.041042565841861896,0.04158611855157994,0.04410209791810705,0.04410906859946399
ZRKZFNZPJKEWPC,0.02035517772130388,0.0023642826443106384,0.013722191644461524,0.01818621859335793,0.02035468598387772
ZRVUJXDFFKFLMG,0.002687649169754762,0.00024949474527536514,0.0002243366038969497,6.606072916344897e-05,0.002683287843115155
ZTMKADLOSYKWCA,0.0944024253399009,0.09433563460505626,0.08803818707253483,0.0924708712601773,0.09437234297117982
ZTWZVMIYIIVABD,0.05728796820356686,9.758665646384529e-05,0.05724083333196138,0.009367341175711058,0.057274923228380355
ZUBPKHVCBGWWGO,0.035351696764268144,2.1964905873507468e-05,0.0350566524586588,0.004936783549931541,0.03532955029782634
ZWJNEYVWPYIKMB,0.03895657763235373,0.03790157234310382,0.03071276144581387,0.036551676699342915,0.03840714214016081
ZXDDPOHVAMWLBH,0.03630899005152548,0.03372021769838885,0.030026275667663235,0.034788503448831,0.03533786395033506
ZXSWTMLNIIZPET,0.0044116497406977845,0.0036234484162628914,0.0035863620186472947,0.004357550750730817,0.00437875403462792
ZYGHJZDHTFUPRJ,0.02076620374641062,0.012419851779701917,0.020480760534082546,0.019095523471387033,0.020649291719221873
ZZYSLNWGKKDOML,0.015117056124675173,0.0035857037910490205,0.004681435521858183,0.014393634358886711,0.01486880358468671
