cluster,complexity,expr,seed,test_r2_unweighted,test_r2_weighted,test_spearman,valid_r2
0,8,sqrt(inv(heteroatom_fraction) + aromatic_ring_count) / total_atom_count,1211763600,0.4241105803558445,0.4458827505112207,0.6473145831804685,0.35620230962572397
1,19,(((ring_count + 12.242892) / ((heteroatom_fraction + precursor_mz) - -2.4705117)) + (aromatic_ring_count + -1.2916353)) / (total_atom_count + total_atom_count),1211763600,0.4322756634510174,0.4781369639926091,0.6503471243184522,0.36393164546246515
2,13,(inv(heteroatom_fraction + 1.8428123) / ((ring_count * -0.14489745) + total_atom_count)) / 0.31103617,1211763601,0.4485187010001712,0.4963562614737612,0.6811312766201978,0.4327657007231741
3,16,(inv(heteroatom_fraction + 1.7845356) / (total_atom_count + ((sqrt(rdbe) * -0.14493348) * ring_count))) / 0.31391418,1211763601,0.44542424019523197,0.511368957941909,0.6807407858487899,0.44001775931891973
0,8,sqrt(aromatic_ring_count + inv(heteroatom_fraction)) / total_atom_count,1211763602,0.4241105803558445,0.4458827505112207,0.6473145831804685,0.35620230962572397
0,10,(1.0238297 / total_atom_count) * sqrt(inv(heteroatom_fraction) + aromatic_ring_count),1211763602,0.4107000430504253,0.4489232482161457,0.6473145831804685,0.3655905762824547
0,8,sqrt(inv(heteroatom_fraction) + aromatic_ring_count) / total_atom_count,1211763603,0.4241105803558445,0.4458827505112207,0.6473145831804685,0.35620230962572397
0,10,sqrt(inv(heteroatom_fraction) + (aromatic_ring_count * 1.0580765)) / total_atom_count,1211763603,0.414994391863857,0.4450218920193302,0.6444636472680079,0.35675353287097067
-1,16,((rotatable_bonds * -0.18487826) + (((aromatic_ring_count + 3.410905) + (heteroatom_fraction * -1.0148776)) / total_atom_count)) * 0.47080785,1211763603,0.4556606559102945,0.4817173288823986,0.6578268590994487,0.35156473040340674
4,18,((aromatic_ring_count * -0.13026062) + ((ring_count * -0.067671396) + -0.34458193)) * (((heteroatom_fraction + -4.2422395) / total_atom_count) + 0.5266613),1211763604,0.4601884000783777,0.5008740395633611,0.6657848162648853,0.38640698819271047
0,8,sqrt(inv(heteroatom_fraction) + aromatic_ring_count) / total_atom_count,1211763605,0.4241105803558445,0.4458827505112207,0.6473145831804685,0.35620230962572397
0,10,sqrt(aromatic_ring_count + (1.0398384 / heteroatom_fraction)) / total_atom_count,1211763605,0.419783481788939,0.4495412810787679,0.6476675272208585,0.36410528424213184
5,11,((aromatic_ring_count + 2.9092515) / total_atom_count) / (heteroatom_fraction + 1.6300658),1211763605,0.4351941211570016,0.48537775842199127,0.6550702242059353,0.36602007426343164
-1,19,(aromatic_ring_count + 1.780512) * ((((1.8127755 / total_atom_count) / (heteroatom_fraction + 2.2668147)) - -0.038427774) - (rotatable_bonds * 0.052383218)),1211763605,0.4480750049462011,0.4842790826780248,0.660548477407414,0.36118067509542784
-1,20,(((3.2797227 - heteroatom_fraction) + (aromatic_ring_count - (rotatable_bonds * (rdbe * 0.41531533)))) / (total_atom_count - -0.08725996)) * 0.5741015,1211763606,0.5150530254719423,0.5272222268929401,0.6931242252153839,0.4192292679293791
0,10,sqrt(inv(heteroatom_fraction) + aromatic_ring_count) / (total_atom_count + -0.024068808),1211763607,0.4087274113359807,0.4486637400789012,0.6467197507675698,0.3682813079862076
-1,19,inv(total_atom_count) + (((aromatic_ring_count * (total_atom_count - 1.5197179)) - (tpsa * 0.28954142)) * ((heteroatom_fraction + sqrt(total_atom_count)) + -2.666769)),1211763607,0.4524211612765323,0.48781043934831125,0.6415818544454209,0.36189983248611435
-1,20,((((aromatic_ring_count - -2.1901839) / total_atom_count) / square((heteroatom_fraction * 0.25013906) - -1.2373317)) - (sqrt(rotatable_bonds) * 0.26854616)) - -0.31282148,1211763608,0.4553265252515982,0.5100662840286856,0.6691742883666999,0.4287673370768701
6,14,log((((aromatic_ring_count * ring_count) + 1.1863569) / (heteroatom_fraction * cube(total_atom_count))) + 1.6842036),1211763609,0.42954666779436,0.4731406911082091,0.6571442920735242,0.39007049710939856
5,11,(aromatic_ring_count + 2.6687188) * (inv(heteroatom_fraction + 1.4369371) / total_atom_count),1211763610,0.4359504706037418,0.4892061657933102,0.6524003242452264,0.3664986182257113
7,20,((inv(heteroatom_fraction + (0.5043351 - ((rotatable_bonds * rdbe) * -0.32226345))) - 0.22303718) + sqrt(aromatic_ring_count + 0.26735136)) / total_atom_count,1211763610,0.4428775963340482,0.46449439815646,0.6491949629119728,0.3710909737203446
8,15,((sqrt((ring_count + 2.859893) + aromatic_ring_count) + (heteroatom_fraction * -0.47520375)) / total_atom_count) - 0.27028403,1211763611,0.44851830429600714,0.49769994880371904,0.6654075321171069,0.39065017693365556
8,17,(((sqrt((ring_count + 2.5299253) + aromatic_ring_count) + (heteroatom_fraction * -0.4545732)) / total_atom_count) - 0.2905302) / 0.9452512,1211763611,0.44682801947772344,0.4962808468687582,0.6626950416514267,0.38329610551634163
-1,20,square(sqrt(((3.4540842 - heteroatom_fraction) + aromatic_ring_count) / total_atom_count)) * ((rdbe * ((rotatable_bonds - 0.98695916) * -0.061811917)) + 0.42528316),1211763612,0.5014287782087792,0.5136206960108292,0.6851647467429,0.40001656283251863
9,8,(rdbe + 0.51814216) / cube(precursor_mz + 0.45727682),1211763613,0.4728024112480229,0.49428877874224153,0.6888209210215881,0.39809302868689855
10,17,((aromatic_ring_count - -3.2654655) / total_atom_count) / ((precursor_mz * (rotatable_bonds + -1.2176223)) + (heteroatom_fraction + 2.1275213)),1211763614,0.4916347615577503,0.5278080683721511,0.6885835974832057,0.47128155304798824
11,9,(2.3900623 - sqrt(heteroatom_fraction)) / total_atom_count,1211763615,0.4009914621201953,0.44552699584198807,0.656445964844863,0.3885103265167674
12,16,(((aromatic_ring_count / (rotatable_bonds + 1.736208)) + 2.0681012) - sqrt(heteroatom_fraction)) / total_atom_count,1211763616,0.49811418231621785,0.51007324989951,0.6813285286025843,0.39891005294474147
12,17,(((aromatic_ring_count / (square(rotatable_bonds) + 1.8059121)) + 2.065086) - sqrt(heteroatom_fraction)) / total_atom_count,1211763616,0.5141881024599468,0.5143417304940588,0.6979975026007547,0.4043648985495948
-1,16,(rotatable_bonds * -0.08315177) + ((aromatic_ring_count + (3.3278806 - heteroatom_fraction)) / (total_atom_count / 0.4806594)),1211763617,0.45302742002711327,0.47956443184519226,0.6548663955850271,0.3467030816271095
13,18,((aromatic_ring_count + 3.1572225) - heteroatom_fraction) / ((total_atom_count * 1.9991425) + (rotatable_bonds * (precursor_mz - 0.4311714))),1211763617,0.498593915844895,0.4966879115422457,0.6763538287328495,0.3560083725731392
0,10,sqrt((inv(heteroatom_fraction) + aromatic_ring_count) + 0.08461567) / total_atom_count,1211763618,0.4050768158920265,0.44700863604905505,0.6462542297487797,0.3667398681627726
14,14,(sqrt(((tpsa / square(heteroatom_fraction)) + aromatic_ring_count) + 0.8947356) / total_atom_count) + -0.3347111,1211763618,0.4102628074138036,0.42243090881776046,0.6314910324746943,0.36869660417561556
15,16,(sqrt((tpsa / square(heteroatom_fraction)) + ((ring_count * aromatic_ring_count) + 0.941515)) / total_atom_count) + -0.336608,1211763618,0.36860998901602915,0.4247278931905649,0.6278901014322233,0.3654143772215567
16,18,(sqrt((((ring_count + 0.09871659) * aromatic_ring_count) + 1.1520171) + (tpsa / square(heteroatom_fraction))) / total_atom_count) + -0.44500336,1211763618,0.37930107269585334,0.4252504598458212,0.6280178911270132,0.3623320092081589
15,20,((sqrt((((ring_count + 0.2414026) * aromatic_ring_count) + 1.264208) + (tpsa / square(heteroatom_fraction))) / total_atom_count) + -0.41154984) * 0.94009805,1211763618,0.36820248797450694,0.4196847133782079,0.6252065178416366,0.3592287457659631
17,17,(sqrt(inv((rotatable_bonds + 0.74615437) + cube(heteroatom_fraction))) + ((aromatic_ring_count + 0.79868495) * 0.4872855)) / total_atom_count,1211763619,0.4320133008282522,0.4830159581293578,0.644416537475797,0.3967200571807814
0,10,sqrt(inv(heteroatom_fraction) + aromatic_ring_count) / (total_atom_count - 0.015917594),1211763620,0.4146247874143256,0.4483280673780342,0.6462481445067039,0.3645561136692447
18,15,sqrt(aromatic_ring_count + inv(heteroatom_fraction + 0.10950846)) / (total_atom_count - (square(ring_count) * 0.045366354)),1211763620,0.38964710138103176,0.45473342725349497,0.6390174187642439,0.3687806096750482
-1,13,(0.53713715 / precursor_mz) - (aromatic_ring_count * (sqrt(rotatable_bonds) - 1.5624166)),1211763621,0.4428563753800068,0.5118043162550788,0.686538963921758,0.46534064315139434
-1,15,(0.5631032 / precursor_mz) + (-0.088473395 - (aromatic_ring_count * (sqrt(rotatable_bonds) - 1.5989498))),1211763621,0.4504896733679724,0.5115764150181505,0.6857950459072134,0.45912959251175334
19,8,(1.9421024 - (heteroatom_fraction * 0.524925)) / total_atom_count,1211763622,0.4125026889497919,0.4482151998656865,0.6639217074798347,0.3802262106919252
0,8,sqrt(inv(heteroatom_fraction) + aromatic_ring_count) / total_atom_count,1211763623,0.4241105803558445,0.4458827505112207,0.6473145831804685,0.35620230962572397
0,10,sqrt(aromatic_ring_count + (1.0397042 / heteroatom_fraction)) / total_atom_count,1211763623,0.41979932921875396,0.4495303423361072,0.6476675272208585,0.36408035825913543
-1,16,((aromatic_ring_count + 3.2244766) - heteroatom_fraction) * ((0.500473 / total_atom_count) - (rotatable_bonds * 0.03459636)),1211763623,0.47044976820367546,0.4877498933760761,0.6625124848057276,0.35754034072787433
20,12,(sqrt((inv(heteroatom_fraction) + aromatic_ring_count) + ring_count) / total_atom_count) + -0.31057382,1211763624,0.3960520859196476,0.4602613345674309,0.6537745944002609,0.379245212768317
21,18,((((aromatic_ring_count + 2.346544) + (tpsa / (cube(heteroatom_fraction) + 0.19375913))) / total_atom_count) + -0.9250559) / 2.3056593,1211763624,0.40057287472532077,0.4323636070669087,0.604427000685274,0.380375123872307
11,9,(2.3900673 - sqrt(heteroatom_fraction)) / total_atom_count,1211763625,0.40098905946229857,0.445527577700393,0.656445964844863,0.3885116197973558
0,10,(sqrt(inv(heteroatom_fraction) + aromatic_ring_count) + 0.034688774) / total_atom_count,1211763626,0.4070009558729092,0.4480613872294458,0.6467593048410619,0.3666741069058268
0,8,sqrt(inv(heteroatom_fraction) + aromatic_ring_count) / total_atom_count,1211763627,0.4241105803558445,0.4458827505112207,0.6473145831804685,0.35620230962572397
0,10,sqrt((aromatic_ring_count * 1.189567) + inv(heteroatom_fraction)) / total_atom_count,1211763627,0.39137171341483346,0.4394842919303522,0.6424524747619923,0.3549904085106993
-1,18,((aromatic_ring_count * ((9.902912 - cube(rotatable_bonds)) / 5.9007616)) + 3.2847264) / (total_atom_count * (heteroatom_fraction + 2.1542337)),1211763627,0.46072229557125355,0.4910375171893341,0.6801632065178349,0.3594127375844084
0,10,(sqrt(aromatic_ring_count + inv(heteroatom_fraction)) + 0.043154843) / total_atom_count,1211763628,0.40225932886102345,0.4480454646177475,0.6469205637560677,0.3687077690860041
0,10,sqrt(aromatic_ring_count + (1.0398384 / heteroatom_fraction)) / total_atom_count,1211763629,0.419783481788939,0.4495412810787679,0.6476675272208585,0.36410528424213184
-1,18,((((heteroatom_fraction / -1.233814) + aromatic_ring_count) + 2.631156) * (0.58031017 / total_atom_count)) + ((rotatable_bonds * -0.15000123) * aromatic_ring_count),1211763629,0.4929696410229074,0.49638910439064476,0.680914732770924,0.364665570098357
-1,20,((0.55011475 / total_atom_count) * ((aromatic_ring_count + 2.6905382) + (heteroatom_fraction / -1.2601349))) + ((aromatic_ring_count * (rotatable_bonds - 0.4975412)) * -0.20756936),1211763629,0.4908898057546941,0.4955344828306093,0.6878899308891689,0.3692314460690034
