group_key,scaffold_group,precursor_mz,total_atom_count,rotatable_bonds,ring_count,aromatic_ring_count,rdbe,tpsa,heteroatom_fraction,n_N,n_O,n_S,n_halogen,source
AAGFPTSOPGCENQ,O=C1C=CC[C@@H]2[C@H]3CCCN4CCC[C@@H](CN12)[C@@H]34,247.180969238281,40.0,0.0,4.0,0.0,6.0,23.550000000000004,0.16666666666666666,2.0,1.0,0.0,0.0,WUR
ADWTYURAFSWNSU,O=C1NCCN1Cc1cccnc1,212.058654785156,24.0,2.0,2.0,1.0,6.0,45.230000000000004,0.35714285714285715,3.0,1.0,0.0,1.0,WUR
AGOYDEPGAOXOCK,O=C1CCCCOC(=O)C[C@@H](O[C@H]2CCCCO2)C[C@@H](O[C@H]2CCCCO2)CCC1,748.484741210938,121.0,8.0,3.0,0.0,5.0,182.91,0.2692307692307692,1.0,13.0,0.0,0.0,WUR
AHMMSNQYOPMLSX,O=C1C=CC2C(=C1)CC[C@H]1[C@@H]3CCCC3CC[C@H]21,453.336151123047,77.0,10.0,4.0,0.0,9.0,43.370000000000005,0.09090909090909091,0.0,3.0,0.0,0.0,WUR
AHOUBRCZNHFOSL,c1ccc([C@@H]2CCNC[C@H]2COc2ccc3c(c2)OCO3)cc1,330.150115966797,44.0,4.0,4.0,2.0,10.0,39.72,0.20833333333333334,1.0,3.0,0.0,1.0,WUR
AKNNEGZIBPJZJG,O=C1O[C@H]([C@@H]2NCCc3cc4c(cc32)OCO4)c2ccccc21,414.15478515625,53.0,4.0,5.0,2.0,12.0,75.69000000000001,0.26666666666666666,1.0,7.0,0.0,0.0,WUR
AKNQMEBLVAMSNZ,c1ccc(C2(Cn3cncn3)OCCO2)cc1,300.030242919922,30.0,3.0,3.0,2.0,8.5,49.17,0.3684210526315789,3.0,2.0,0.0,2.0,WUR
AMEKQAFGQBKLKX,O=C(Nc1ccccc1)C1=COCCS1(=O)=O,268.063995361328,31.0,2.0,2.0,1.0,9.0,72.47,0.3333333333333333,1.0,4.0,1.0,0.0,WUR
AMFGTOFWMRQMEM,c1ccc(-n2cncn2)cc1,314.072418212891,36.0,7.0,2.0,2.0,8.5,58.4,0.4,3.0,3.0,1.0,0.0,WUR
ANJTVLIZGCUXLD,O=c1cccc2n1C[C@@H]1CNC[C@H]2C1,191.117904663086,28.0,0.0,3.0,1.0,7.0,34.03,0.21428571428571427,2.0,1.0,0.0,0.0,WUR
AQHHHDLHHXJYJD,c1ccc2ccccc2c1,260.164611816406,40.0,6.0,2.0,2.0,7.5,41.489999999999995,0.15789473684210525,1.0,2.0,0.0,0.0,WUR
ASDAXOTYWQZBDR,O=C1CCC[C@]2(CO2)C(=O)O[C@@H]2CC[NH+]3CC=C(CO1)[C@H]23,368.170837402344,51.0,0.0,4.0,0.0,7.0,108.42000000000002,0.3076923076923077,1.0,7.0,0.0,0.0,WUR
ATROHALUCMTWTB,c1ccccc1,299.061462402344,34.0,7.0,1.0,1.0,8.0,63.839999999999996,0.3684210526315789,2.0,3.0,1.0,0.0,WUR
ATWWYGQDYGSWQA,O=c1cccc2c(c1)CCCc1ccccc1-2,358.165161132813,49.0,4.0,3.0,2.0,10.5,77.02000000000001,0.23076923076923078,1.0,5.0,0.0,0.0,WUR
AUFSOOYCQYDGES,c1ccccc1,150.127853393555,26.0,3.0,1.0,1.0,4.0,12.03,0.09090909090909091,1.0,0.0,0.0,0.0,WUR
AUGQEEXBDZWUJY,C1=C[C@H]2O[C@@H]3CCC(C2CC1)[C@]31CO1,384.202239990234,52.0,3.0,4.0,0.0,7.0,94.59,0.2692307692307692,0.0,7.0,0.0,0.0,WUR
AUQAUAIUNJIIEP,c1ccccc1,194.117691040039,29.0,1.0,1.0,1.0,5.0,38.33,0.21428571428571427,1.0,2.0,0.0,0.0,WUR
AWZOLILCOUMRDG,O=[PH](Sc1ccccc1)Sc1ccccc1,311.032592773438,34.0,6.0,2.0,2.0,9.0,26.3,0.2631578947368421,0.0,2.0,2.0,0.0,WUR
BAFQDKPJKOLXFZ,c1ccccc1,248.031921386719,26.0,5.0,1.0,1.0,6.0,87.9,0.5,1.0,6.0,0.0,0.0,WUR
BBXXLROWFHWFQY,c1cncnc1,210.160049438477,34.0,5.0,1.0,1.0,4.0,58.040000000000006,0.26666666666666666,3.0,1.0,0.0,0.0,WUR
BCTQJXQXJVLSIG,O=C(Nc1ccccc1)c1ccccc1,270.14892578125,39.0,4.0,2.0,2.0,9.0,38.33,0.15,1.0,2.0,0.0,0.0,WUR
BEAXWKCHSPVXQB,O=C(CN1CCNCC1)c1cccc(-c2nc(=O)c3[nH]ncc3[nH]2)c1,453.261291503906,65.0,8.0,4.0,3.0,14.0,96.35,0.2727272727272727,6.0,3.0,0.0,0.0,WUR
BEZZFPOZAYTVHN,O=S(c1ccccc1)c1ccc2[nH]cnc2c1,316.074935913086,35.0,3.0,3.0,3.0,13.0,84.07999999999998,0.3181818181818182,3.0,3.0,1.0,0.0,WUR
BHHGXPLMPWCGHP,c1ccccc1,122.096481323242,20.0,2.0,1.0,1.0,4.0,26.02,0.1111111111111111,1.0,0.0,0.0,0.0,WUR
BIXJFIJYBLJTMK,C1=C2c3cccc4[nH]cc(c34)CC2NCC1,255.14945220947249,37.0,1.0,4.0,2.0,10.0,39.26,0.15789473684210525,2.0,1.0,0.0,0.0,WUR
BJQHLKABXJIVAM,c1ccccc1,391.284118652344,66.0,14.0,1.0,1.0,6.0,52.60000000000001,0.14285714285714285,0.0,4.0,0.0,0.0,WUR
BLGXFZZNTVWLAY,c1ccc2c3c([nH]c2c1)[C@@H]1C[C@@H]2CCCC[C@H]2CN1CC3,355.201599121094,52.0,1.0,5.0,2.0,11.0,65.56,0.19230769230769232,2.0,3.0,0.0,0.0,WUR
BMLIZLVNXIYGCK,c1ccccc1,199.063400268555,24.0,1.0,1.0,1.0,5.0,32.34,0.3076923076923077,2.0,1.0,0.0,1.0,WUR
BOFHKBLZOYVHSI,c1ccccc1,292.086639404297,37.0,4.0,1.0,1.0,5.0,47.56,0.3333333333333333,1.0,3.0,0.0,1.0,WUR
BPICBUSOMSTKRF,c1ccc(NC2=NCCCS2)cc1,221.110809326172,31.0,1.0,2.0,1.0,6.0,24.39,0.2,2.0,0.0,1.0,0.0,WUR
BQYJATMQXGBDHF,c1ccc(Oc2ccc(C3(Cn4cncn4)OCCO3)cc2)cc1,406.07215881347645,44.0,5.0,4.0,3.0,12.5,58.400000000000006,0.2962962962962963,3.0,3.0,0.0,2.0,WUR
BUGYDGFZZOZRHP,C1C2CC3CC1CC(C2)C3,180.174819946289,34.0,0.0,4.0,0.0,4.0,26.02,0.07692307692307693,1.0,0.0,0.0,0.0,WUR
BUXRLJCGHZZYNE,c1ccccc1,220.144424438477,33.0,4.0,1.0,1.0,6.0,82.07,0.25,3.0,1.0,0.0,0.0,WUR
BUYMVQAILCEWRR,__ACYCLIC__BUYMVQAILCEWRR,378.790283203125,20.0,5.0,0.0,0.0,1.0,44.760000000000005,0.6923076923076923,0.0,4.0,0.0,4.0,WUR
BWQSLRZZOVFVHJ,C1CC2CCCN2C1,286.201507568359,47.0,5.0,2.0,0.0,3.0,70.0,0.25,1.0,4.0,0.0,0.0,WUR
BXEHUCNTIZGSOJ,c1ccccc1,266.157348632813,41.0,5.0,1.0,1.0,5.0,20.310000000000002,0.16666666666666666,1.0,1.0,1.0,0.0,WUR
BXFOFFBJRFZBQZ,C1=C[C@H]2O[C@@H]3CCC(C2CC1)[C@]31CO1,484.254699707031,67.0,6.0,4.0,0.0,8.0,120.89000000000001,0.2727272727272727,0.0,9.0,0.0,0.0,WUR
BXNANOICGRISHX,O=c1ccc2ccccc2o1,363.021911621094,38.0,6.0,2.0,2.0,9.5,57.900000000000006,0.36363636363636365,0.0,5.0,1.0,1.0,WUR
BYYMILHAKOURNM,c1ccccc1,237.07893371582,29.0,2.0,1.0,1.0,7.0,32.34,0.25,2.0,1.0,0.0,1.0,WUR
CAWXEEYDBZRFPE,O=c1nc[nH]c(=O)n1C1CCCCC1,253.166076660156,38.0,2.0,2.0,1.0,7.0,60.13,0.3333333333333333,4.0,2.0,0.0,0.0,WUR
CCGPUGMWYLICGL,c1ccccc1,275.0716552734375,33.0,4.0,1.0,1.0,5.0,32.34,0.29411764705882354,2.0,1.0,0.0,2.0,WUR
CEAZRRDELHUEMR,C1CC[C@@H](O[C@@H]2CCC[C@H](O[C@@H]3CCCCO3)C2)OC1,478.323699951172,76.0,7.0,3.0,0.0,3.0,199.73,0.36363636363636365,5.0,7.0,0.0,0.0,WUR
CEEDFYRUPAWDOU,c1ccccc1,347.118560791016,46.0,9.0,1.0,1.0,5.0,35.53,0.22727272727272727,0.0,3.0,0.0,2.0,WUR
CEIZFXOZIQNICU,O=C1C=CCN1,198.11247253418,29.0,3.0,1.0,0.0,4.0,66.4,0.2857142857142857,1.0,3.0,0.0,0.0,WUR
CHIFOSRWCNZCFN,c1ccccc1,282.144744873047,39.0,6.0,1.0,1.0,6.0,98.31,0.35,3.0,4.0,0.0,0.0,WUR
CIEXPHRYOLIQQD,O=C(Nc1ccccc1)c1ccco1,302.138885498047,41.0,4.0,2.0,2.0,9.5,59.75,0.22727272727272727,1.0,4.0,0.0,0.0,WUR
CIFWZNRJIBNXRE,c1ccc(Nc2ncccn2)cc1,224.118286132813,30.0,2.0,2.0,2.0,10.0,37.81,0.17647058823529413,3.0,0.0,0.0,0.0,WUR
CIGKZVUEZXGYSV,c1ccccc1,330.136962890625,45.0,7.0,1.0,1.0,7.0,83.91000000000001,0.3181818181818182,1.0,5.0,1.0,0.0,WUR
CJHXCRMKMMBYJQ,c1cncnc1,210.160232543945,34.0,4.0,1.0,1.0,4.0,49.25000000000001,0.26666666666666666,3.0,1.0,0.0,0.0,WUR
CJIASZBWXIFQMU,C=C1NC(=O)CCCNC(=O)C[C@H](/C=C/C=C/CCCc2ccccc2)NC(=O)[C@H](Cc2c[nH]c3ccccc23)NC(=O)CCNC(=O)CNC(=O)CNC1=O,1025.5341796875,146.0,13.0,4.0,3.0,24.0,294.53,0.2702702702702703,8.0,12.0,0.0,0.0,WUR
CJJOSEISRRTUQB,O=c1[nH]nnc2ccccc12,339.994659423828,31.0,5.0,2.0,2.0,9.5,66.24000000000001,0.47368421052631576,3.0,3.0,2.0,0.0,WUR
CJPQIRJHIZUAQP,O=C(Cc1ccccc1)Nc1ccccc1,326.175201416016,47.0,5.0,2.0,2.0,10.0,46.61,0.16666666666666666,1.0,3.0,0.0,0.0,WUR
CLSJYOLYMZNKJB,c1ccc2[nH]cnc2c1,298.085388183594,35.0,4.0,2.0,2.0,10.0,101.15,0.4,3.0,4.0,1.0,0.0,WUR
CMGDVUCDZOBDNL,c1ccc2[nH]nnc2c1,134.071075439453,17.0,0.0,2.0,2.0,7.0,41.57,0.3,3.0,0.0,0.0,0.0,WUR
CMWTZPSULFXXJA,c1ccc2ccccc2c1,231.101531982422,31.0,3.0,2.0,2.0,8.5,46.53,0.17647058823529413,0.0,3.0,0.0,0.0,WUR
COYBRKAVBMYYSF,c1ccc2ncccc2c1,336.13623046875,45.0,8.0,2.0,2.0,8.5,48.42,0.21739130434782608,1.0,3.0,0.0,1.0,WUR
CPEUVMUXAHMANV,O=C(c1ccccc1)c1ccc2nc[nH]c2c1,314.093933105469,35.0,3.0,3.0,3.0,13.0,84.07999999999998,0.30434782608695654,3.0,3.0,0.0,1.0,WUR
CQIUKKVOEOPUDV,O=C1C=CC2=COCCC2=C1,251.091583251953,32.0,1.0,2.0,0.0,7.0,83.82999999999998,0.2777777777777778,0.0,5.0,0.0,0.0,WUR
CSMYCLLHRFFFLG,N=C(Cc1c[nH]c2ccccc12)S[C@H]1CCCCO1,465.063568115234,50.0,6.0,3.0,2.0,11.0,202.12999999999997,0.4666666666666667,2.0,10.0,2.0,0.0,WUR
CSWIKHNSBZVWNQ,c1ccccc1,296.141296386719,42.0,7.0,1.0,1.0,6.0,29.54,0.2,1.0,2.0,0.0,1.0,WUR
CULUKMPMGVXCEI,O=c1cccc2n1C[C@@H]1CNC[C@H]2C1,205.133605957031,31.0,0.0,3.0,1.0,7.0,25.240000000000002,0.2,2.0,1.0,0.0,0.0,WUR
CXJSOEPQXUCJSA,O=c1cccnn1-c1ccccc1,341.071990966797,39.0,7.0,2.0,2.0,10.0,62.58,0.36363636363636365,2.0,4.0,1.0,0.0,WUR
DBXFMOWZRXXBRN,c1ccccc1,399.168212890625,54.0,8.0,1.0,1.0,7.0,93.73,0.2962962962962963,2.0,5.0,0.0,1.0,WUR
DCOPUUMXTXDBNB,c1ccc(Nc2ccccc2)cc1,296.023864746094,30.0,4.0,2.0,2.0,9.0,49.33,0.2631578947368421,1.0,2.0,0.0,2.0,WUR
DIRFUJHNVNOBMY,c1ccccc1,208.133361816406,32.0,3.0,1.0,1.0,5.0,38.33,0.2,1.0,2.0,0.0,0.0,WUR
DKNWSYNQZKUICI,C1C2CC3CC1CC(C2)C3,152.142929077148,28.0,0.0,4.0,0.0,4.0,26.02,0.09090909090909091,1.0,0.0,0.0,0.0,WUR
DKYWVDODHFEZIM,O=C(c1ccccc1)c1ccccc1,255.101425170898,33.0,4.0,2.0,2.0,10.0,54.37,0.15789473684210525,0.0,3.0,0.0,0.0,WUR
DLAPIMGBBDILHJ,c1ccccc1,295.022399902344,32.0,5.0,1.0,1.0,6.0,44.760000000000005,0.4117647058823529,0.0,4.0,2.0,0.0,WUR
DMBHHRLKUKUOEG,c1ccc(Nc2ccccc2)cc1,170.096176147461,24.0,2.0,2.0,2.0,8.0,12.03,0.07692307692307693,1.0,0.0,0.0,0.0,WUR
DMJNNHOOLUXYBV,O=C1C[C@H]2CC(S[C@H]3CCNC3)=CN12,384.159149169922,51.0,5.0,3.0,0.0,7.0,110.17999999999999,0.34615384615384615,3.0,5.0,1.0,0.0,WUR
DNDNWOWHUWNBCK,N=C(Cc1c[nH]c2ccccc12)S[C@H]1CCCCO1,449.0690002441405,49.0,6.0,3.0,2.0,11.0,181.89999999999998,0.4482758620689655,2.0,9.0,2.0,0.0,WUR
DOIRQSBPFJWKBE,c1ccccc1,279.1590423583985,42.0,8.0,1.0,1.0,6.0,52.60000000000001,0.2,0.0,4.0,0.0,0.0,WUR
DOLQYFPDPKPQSS,c1ccccc1,122.096313476563,20.0,0.0,1.0,1.0,4.0,26.02,0.1111111111111111,1.0,0.0,0.0,0.0,WUR
DPJCXCZTLWNFOH,c1ccccc1,139.050064086914,16.0,1.0,1.0,1.0,5.0,69.16,0.4,2.0,2.0,0.0,0.0,WUR
DQFPEYARZIQXRM,O=C1C=CCC(c2ccccc2)C1,330.206344604492,51.0,5.0,2.0,1.0,8.0,58.89,0.16666666666666666,1.0,3.0,0.0,0.0,WUR
DSKJPMWIHSOYEA,c1cncnc1,317.1640625,45.0,8.0,1.0,1.0,6.0,84.42,0.38095238095238093,4.0,3.0,1.0,0.0,WUR
DSRNRYQBBJQVCW,c1ccccc1,229.074035644531,28.0,2.0,1.0,1.0,5.0,41.57,0.3333333333333333,2.0,2.0,0.0,1.0,WUR
DTAPQAJKAFRNJB,c1ccccc1,208.133239746094,32.0,2.0,1.0,1.0,5.0,38.33,0.2,1.0,2.0,0.0,0.0,WUR
DTDSAWVUFPGDMX,O=C1OC2(C=C1c1ccccc1)CCCCC2,411.11279296875,51.0,4.0,3.0,1.0,9.0,52.60000000000001,0.2222222222222222,0.0,4.0,0.0,2.0,WUR
DTHPMNDYKOSVFR,c1c[nH]cn1,186.087158203125,24.0,2.0,1.0,1.0,4.5,81.19,0.46153846153846156,3.0,3.0,0.0,0.0,WUR
DTRCGMNODLDAAK,C=C1CCCC2=NCCCC[C@@]23CCC([C@@H]2C=CC(=O)O2)=C[C@@H]3/C=C/CC[C@@H]2CC[C@@]3(CCC[C@]4(CCC[C@@H](C1)O4)O3)O2,706.467956542969,114.0,1.0,7.0,0.0,13.0,106.81000000000002,0.1568627450980392,1.0,7.0,0.0,0.0,WUR
DUFVKSUJRWYZQP,O=C1NCCS1,284.054168701172,34.0,6.0,1.0,0.0,3.0,46.61,0.4375,1.0,3.0,2.0,0.0,WUR
DUOHVNSMLSPTMI,c1c[nH]cn1,186.087295532227,24.0,4.0,1.0,1.0,4.5,81.19,0.46153846153846156,3.0,3.0,0.0,0.0,WUR
DVOODWOZJVJKQR,O=c1ocnn1-c1ccccc1,358.072113037109,36.0,3.0,2.0,2.0,10.5,57.260000000000005,0.3181818181818182,2.0,3.0,0.0,2.0,WUR
DVXZVCNEGRKLMW,O=C1C=C[C@@H](C2=C[C@@H]3C=CCCC[C@@H]4CC[C@H](/C=C/CCC5=NCCC[C@@]53CC2)O4)O1,508.34297180175804,82.0,1.0,5.0,0.0,11.0,68.12,0.13513513513513514,1.0,4.0,0.0,0.0,WUR
DWFZBUWUXWZWKD,O=c1cc(SCc2ccccc2)cn[nH]1,365.145050048828,49.0,3.0,2.0,2.0,9.0,34.89,0.20833333333333334,2.0,1.0,1.0,1.0,WUR
DWRKFAJEBUWTQM,c1ccc(C2(Cn3cncn3)OCCO2)cc1,328.06172180175804,36.0,4.0,3.0,2.0,8.5,49.17,0.3333333333333333,3.0,2.0,0.0,2.0,WUR
DWSPRBSLSXQIEJ,O=C(c1ccccc1)c1cn[nH]c1,363.06242370605503,37.0,3.0,2.0,2.0,10.5,89.26,0.4166666666666667,2.0,4.0,1.0,3.0,WUR
DXGLGDHPHMLXJC,O=C(c1ccccc1)c1ccccc1,229.0859375,29.0,3.0,2.0,2.0,9.0,46.53,0.17647058823529413,0.0,3.0,0.0,0.0,WUR
DZUPKTNAUCDVTL,c1ccccc1,330.146667480469,46.0,8.0,1.0,1.0,6.0,73.86,0.3181818181818182,1.0,5.0,0.0,0.0,WUR
FBOUIAKEJMZPQG,C(=C\n1cncn1)/c1ccccc1,326.081848144531,38.0,3.0,2.0,2.0,8.5,50.94,0.2857142857142857,3.0,1.0,0.0,2.0,WUR
FCOAHACKGGIURQ,c1ccccc1,289.102294921875,39.0,7.0,1.0,1.0,5.0,35.53,0.2777777777777778,0.0,3.0,1.0,0.0,WUR
FFGPTBGBLSHEPO,C1=Cc2ccccc2Nc2ccccc21,237.102127075195,30.0,0.0,3.0,2.0,11.0,46.330000000000005,0.16666666666666666,2.0,1.0,0.0,0.0,WUR
FFSSWMQPCJRCRV,c1ccc2ncccc2c1,241.977172851563,20.0,1.0,2.0,2.0,8.5,50.19,0.3333333333333333,1.0,2.0,0.0,2.0,WUR
FHIVAFMUCKRCQO,c1cncnc1,305.107879638672,40.0,7.0,1.0,1.0,5.0,53.47,0.3684210526315789,2.0,3.0,1.0,0.0,WUR
FIQMHBFVRAXMOP,O=P(c1ccccc1)(c1ccccc1)c1ccccc1,279.093841552734,35.0,3.0,3.0,3.0,13.0,17.07,0.1,0.0,1.0,0.0,0.0,WUR
FKNXQNWAXFXVNW,O=c1ccc2ccccc2[nH]1,291.170440673828,43.0,5.0,2.0,2.0,8.5,85.35,0.23809523809523808,2.0,3.0,0.0,0.0,WUR
FLEFKKUZMDEUIP,c1ccc(C2CC(c3ccc4c(c3)COC43CNC3)=NO2)cc1,581.032348632813,55.0,4.0,5.0,2.0,15.0,85.27000000000001,0.3783783783783784,2.0,5.0,1.0,6.0,WUR
FMGZEUWROYGLAY,O=C(Nc1ncccn1)NS(=O)(=O)c1ccn[nH]1,435.048614501953,43.0,6.0,2.0,2.0,11.5,163.63,0.5357142857142857,6.0,7.0,1.0,1.0,WUR
FMJYNECHJIZSCE,c1cncnc1,278.072509765625,33.0,6.0,1.0,1.0,5.0,65.50000000000001,0.47058823529411764,3.0,3.0,1.0,0.0,WUR
FNCMBMZOZQAWJA,c1ccccc1,242.084609985352,31.0,2.0,1.0,1.0,6.0,55.4,0.3125,1.0,3.0,1.0,0.0,WUR
FOXFZRUHNHCZPX,O=c1cnnc[nH]1,215.096145629883,28.0,1.0,1.0,1.0,5.0,73.8,0.42857142857142855,4.0,1.0,1.0,0.0,WUR
FQKUGOMFVDPBIZ,c1ccc([SiH](Cn2cncn2)c2ccccc2)cc1,316.107360839844,37.0,4.0,3.0,3.0,11.5,30.71,0.2727272727272727,3.0,0.0,0.0,2.0,WUR
FQVNMXZPGWLUFZ,O=C(/C=C/c1ccccc1)OC[C@@H]1CCN2CCC[C@H]12,288.159790039063,42.0,4.0,3.0,1.0,8.0,49.77,0.19047619047619047,1.0,3.0,0.0,0.0,WUR
FQXXSQDCDRQNQE,C1=C[C@@H]2Oc3cccc4c3[C@@]23CCN[C@H](C4)C3=C1,312.159454345703,44.0,2.0,5.0,1.0,10.0,30.930000000000003,0.17391304347826086,1.0,3.0,0.0,0.0,WUR
FSAVDKDHPDSCTO,c1ccccc1,358.977203369141,34.0,7.0,1.0,1.0,6.0,44.760000000000005,0.4,0.0,4.0,0.0,3.0,WUR
FSVJFNAIGNNGKK,O=C(C1CCCCC1)N1CC(=O)N2CCc3ccccc3C2C1,313.191009521484,47.0,1.0,4.0,1.0,9.0,40.620000000000005,0.17391304347826086,2.0,2.0,0.0,0.0,WUR
GBAWQJNHVWMTLU,C1=CC2C=CC2C1,251.023712158203,27.0,4.0,2.0,0.0,5.0,44.760000000000005,0.4,0.0,4.0,0.0,1.0,WUR
GDDNFNQRHNCJAZ,C=C1CCCC(=O)OCC2=CC[NH+]3CC[C@H](OC1=O)[C@H]23,352.176239013672,50.0,0.0,3.0,0.0,7.0,95.89000000000001,0.28,1.0,6.0,0.0,0.0,WUR
GECHUMIMRBOMGK,O=S(=O)(Nc1ccccn1)c1ccccc1,250.064559936523,28.0,3.0,2.0,2.0,10.0,85.08,0.35294117647058826,3.0,2.0,1.0,0.0,WUR
GEPDYQSQVLXLEU,__ACYCLIC__GEPDYQSQVLXLEU,225.05241394043,27.0,5.0,0.0,0.0,3.0,71.06,0.5,0.0,6.0,0.0,0.0,WUR
GGRWZBVSUZZMKS,O=C1C[NH+]=C(c2ccccc2)c2ccccc2N1,287.058532714844,31.0,1.0,3.0,2.0,11.0,55.17,0.25,2.0,2.0,0.0,1.0,WUR
GLTMLPGXPMAIOI,O=C(Nc1ccccc1-c1ccccc1)c1cccnc1,359.035003662109,36.0,3.0,3.0,3.0,13.0,62.22,0.25,2.0,2.0,0.0,2.0,WUR
GNTVZNNILZKEIB,c1ccccc1,293.06074523925804,35.0,7.0,1.0,1.0,6.0,61.830000000000005,0.3888888888888889,0.0,5.0,1.0,0.0,WUR
GONRXGWUUBPRKF,c1ccc(Cc2ccc3nc[nH]c3c2)cc1,316.109100341797,37.0,3.0,3.0,3.0,12.0,87.24,0.30434782608695654,3.0,3.0,0.0,1.0,WUR
GPMHHSJZGVOEFS,O=C(c1ccccc1)c1ccc2nc[nH]c2c1,238.097381591797,29.0,2.0,3.0,3.0,12.0,71.77,0.2222222222222222,3.0,1.0,0.0,0.0,WUR
GSLOLTKGVZFNKZ,O=C1C=CC2C(=C1)CC[C@H]1[C@@H]3CCCC3CC[C@H]21,367.157699584961,51.0,2.0,4.0,0.0,9.0,80.67,0.24,0.0,5.0,1.0,0.0,WUR
GTKRZJVAXAQBMB,c1cncnc1,225.134674072266,32.0,2.0,1.0,1.0,5.0,67.35000000000001,0.375,4.0,2.0,0.0,0.0,WUR
GTZCKTIZOGTWQO,c1ccccc1,279.045227050781,32.0,5.0,1.0,1.0,6.0,61.830000000000005,0.4117647058823529,0.0,5.0,1.0,0.0,WUR
GVGYEFKIHJTNQZ,O=C(O[C@@H]1C[C@H]2CC[C@@H](C1)N2)c1ccccc1,290.138641357422,40.0,3.0,3.0,1.0,8.0,66.84,0.23809523809523808,1.0,4.0,0.0,0.0,WUR
GYSCAQFHASJXRS,O=C1COC(=O)[C@H](Cc2ccccc2)NC(=O)COC(=O)[C@H](Cc2ccccc2)NC(=O)COC(=O)[C@H](Cc2ccccc2)N1,801.442749023438,114.0,9.0,4.0,3.0,19.0,139.83,0.21052631578947367,3.0,9.0,0.0,0.0,WUR
GYSSRZJIHXQEHQ,O=C(Nc1ccccc1)C1=COCCS1,236.074157714844,29.0,2.0,2.0,1.0,7.0,38.33,0.25,1.0,2.0,1.0,0.0,WUR
GZVHEAJQGPRDLQ,c1ccc(-c2ncncn2)cc1,188.093231201172,23.0,1.0,2.0,2.0,8.0,90.71,0.35714285714285715,5.0,0.0,0.0,0.0,WUR
HAORKNGNJCEJBX,c1ccc(Nc2nccc(C3CC3)n2)cc1,226.133941650391,32.0,3.0,3.0,2.0,9.0,37.81,0.17647058823529413,3.0,0.0,0.0,0.0,WUR
HBPDKDSFLXWOAE,c1nncs1,229.11198425293,31.0,1.0,1.0,1.0,4.5,58.120000000000005,0.4,4.0,1.0,1.0,0.0,WUR
HDDSHPAODJUKPD,c1ccc(Sc2ccc3[nH]cnc3c2)cc1,300.0801696777345,34.0,3.0,3.0,3.0,12.0,67.00999999999999,0.2857142857142857,3.0,2.0,1.0,0.0,WUR
HDHLIWCXDDZUFH,c1ncnc(NC2CC2)n1,254.143524169922,36.0,4.0,2.0,1.0,5.0,62.730000000000004,0.35294117647058826,5.0,0.0,1.0,0.0,WUR
HDOVUKNUBWVHOX,O=c1nc[nH]c2[nH]cnc12,325.162200927734,43.0,7.0,2.0,2.0,9.0,151.14000000000001,0.43478260869565216,6.0,4.0,0.0,0.0,WUR
HDVAWXXJVMJBAR,C1CCN2CCCCC2C1,170.15397644043,31.0,1.0,2.0,0.0,2.0,23.47,0.16666666666666666,1.0,1.0,0.0,0.0,WUR
HEZNVIYQEUHLNI,c1ccccc1,226.089996337891,30.0,4.0,1.0,1.0,5.0,38.33,0.26666666666666666,1.0,2.0,1.0,0.0,WUR
HJJPJSXJAXAIPN,C1=CCNCC1,156.10188293457,24.0,1.0,1.0,0.0,3.0,29.54,0.2727272727272727,1.0,2.0,0.0,0.0,WUR
HLFSDGLLUJUHTE,c1ccc([C@H]2CN3CCSC3=N2)cc1,205.0794296264645,26.0,1.0,3.0,1.0,7.0,15.6,0.21428571428571427,2.0,0.0,1.0,0.0,WUR
HPDHKHMHQGCNPE,C=C1CCCC(=O)OCC2=CCNCC[C@H](OC1=O)C2=O,366.192047119141,53.0,0.0,2.0,0.0,7.0,93.14000000000001,0.2692307692307692,1.0,6.0,0.0,0.0,WUR
HRKAMJBPFPHCSD,__ACYCLIC__HRKAMJBPFPHCSD,267.173248291016,44.0,9.0,0.0,0.0,1.0,44.760000000000005,0.29411764705882354,0.0,4.0,0.0,0.0,WUR
HSMVPDGQOIQYSR,C(=Nc1ccccc1)n1ccnc1,346.0931701660155,38.0,5.0,2.0,2.0,8.5,39.41,0.34782608695652173,3.0,1.0,0.0,4.0,WUR
HTJGLYIJVSDQAE,C1CCN2CCC[C@@H]2C1,260.150390625,39.0,3.0,2.0,0.0,3.0,90.23,0.3333333333333333,1.0,5.0,0.0,0.0,WUR
HXHWSAZORRCQMX,c1ccc2[nH]cnc2c1,266.095916748047,33.0,4.0,2.0,2.0,8.0,67.01,0.3333333333333333,3.0,2.0,1.0,0.0,WUR
HYYBABOKPJLUIN,c1ccc(Nc2ccccc2)cc1,242.117362976074,33.0,3.0,2.0,2.0,9.0,49.33,0.16666666666666666,1.0,2.0,0.0,0.0,WUR
HZJKXKUJVSEEFU,c1ccc(CCn2cncn2)cc1,289.121673583984,37.0,6.0,2.0,2.0,9.5,54.5,0.25,4.0,0.0,0.0,1.0,WUR
IAKHMKGGTNLKSZ,O=c1cccc2c(c1)CCCc1ccccc1-2,400.175628662109,54.0,5.0,3.0,2.0,11.5,83.09,0.2413793103448276,1.0,6.0,0.0,0.0,WUR
IANUJLZYFUDJIH,O=C(COc1nncs1)Nc1ccccc1,364.073669433594,37.0,5.0,2.0,2.0,8.5,55.32000000000001,0.4166666666666667,3.0,2.0,1.0,4.0,WUR
IBXPYPUJPLLOIN,c1c[nH]cn1,142.060989379883,17.0,1.0,1.0,1.0,4.5,60.96,0.5,3.0,2.0,0.0,0.0,WUR
IDIMIWQPUHURPV,C=C1CCCC(=O)OCC2=CC[NH+]3CC[C@H](OC1=O)[C@H]23,368.1708679199215,51.0,1.0,3.0,0.0,7.0,116.12000000000002,0.3076923076923077,1.0,7.0,0.0,0.0,WUR
IEDVJHCEMCRBQM,c1ccc(Cc2cncnc2)cc1,291.145294189453,39.0,5.0,2.0,2.0,8.0,105.51,0.3333333333333333,4.0,3.0,0.0,0.0,WUR
IFOLNWVBRSCJOJ,O=c1cc[nH]cn1,154.097213745117,22.0,1.0,1.0,1.0,5.0,57.78,0.36363636363636365,3.0,1.0,0.0,0.0,WUR
IIAGSABLXRZUSE,N=C(Cc1c[nH]c2ccccc12)S[C@H]1CCCCO1,479.079254150391,53.0,7.0,3.0,2.0,11.0,191.12999999999997,0.45161290322580644,2.0,10.0,2.0,0.0,WUR
IIBYAHWJQTYFKB,O=C(NCCc1ccccc1)c1ccccc1,362.1163482666015,45.0,7.0,2.0,2.0,10.0,75.63,0.24,1.0,4.0,0.0,1.0,WUR
IIMUEPCADBPEMF,__ACYCLIC__IIMUEPCADBPEMF,277.033050537109,32.0,8.0,0.0,0.0,3.0,69.67,0.5333333333333333,0.0,5.0,2.0,0.0,WUR
IIQKUGXEGMZCLE,c1ccc(Cc2ccc3nc[nH]c3c2)cc1,298.118621826172,37.0,3.0,3.0,3.0,12.0,87.24,0.2727272727272727,3.0,3.0,0.0,0.0,WUR
IKVXBIIHQGXQRQ,O=C(Nc1ccccc1)c1ccccc1,364.11125183105503,44.0,5.0,2.0,2.0,10.0,46.61,0.24,1.0,3.0,0.0,2.0,WUR
INFDPOAKFNIJBF,c1cc(-c2cc[nH+]cc2)cc[nH+]1,187.1230392456055,28.0,1.0,2.0,2.0,8.0,7.76,0.14285714285714285,2.0,0.0,0.0,0.0,WUR
IOPTXXRNXCPJGO,c1ccccc1,258.079620361328,32.0,4.0,1.0,1.0,7.0,72.47,0.35294117647058826,1.0,4.0,1.0,0.0,WUR
IPRJXAGUEGOFGG,c1ccccc1,214.089553833008,29.0,5.0,1.0,1.0,6.0,46.17,0.2857142857142857,1.0,2.0,1.0,0.0,WUR
IRIAEXORFWYRCZ,O=C(OCc1ccccc1)c1ccccc1,313.143218994141,43.0,7.0,2.0,2.0,10.0,52.60000000000001,0.17391304347826086,0.0,4.0,0.0,0.0,WUR
IRSCQMHQWWYFCW,O=c1[nH]cnc2[nH]cnc12,256.104644775391,31.0,5.0,2.0,2.0,8.0,139.28,0.5,5.0,4.0,0.0,0.0,WUR
ISRUGXGCCGIOQO,c1ccccc1,210.112350463867,30.0,3.0,1.0,1.0,5.0,47.56,0.26666666666666666,1.0,3.0,0.0,0.0,WUR
ISZQNKFXNXQTTF,C(=NOCc1ccccc1)c1ccccc1,395.121368408203,45.0,7.0,2.0,2.0,11.0,80.48,0.32142857142857145,2.0,4.0,0.0,3.0,WUR
ITYMTTQVNYAJAA,O=C1C=CC2C(=C1)CC[C@@H]1C2CCC2CCC[C@H]21,449.233032226563,65.0,4.0,4.0,0.0,9.0,100.90000000000002,0.21875,0.0,6.0,0.0,1.0,WUR
IUBSYMUCCVWXPE,c1ccccc1,268.191680908203,44.0,9.0,1.0,1.0,4.0,50.72,0.21052631578947367,1.0,3.0,0.0,0.0,WUR
IXBQSRWSVIBXNC,C=C1NC(=O)CCCNC(=O)C[C@H](/C=C/C=C/CCCc2ccccc2)NC(=O)CNC(=O)CCNC1=O,825.450378417969,119.0,13.0,2.0,1.0,16.0,284.93999999999994,0.3050847457627119,8.0,10.0,0.0,0.0,WUR
IXSZQYVWNJNRAL,c1ccc(C2=NC(c3ccccc3)CO2)cc1,360.1770935058595,49.0,4.0,3.0,2.0,10.0,30.82,0.19230769230769232,1.0,2.0,0.0,2.0,WUR
IZFZCMFMJKDHJZ,N=C1SC(=Nc2ccccc2)N(c2ccccc2)C1=N,417.060485839844,38.0,2.0,3.0,2.0,12.0,40.32,0.39285714285714285,4.0,0.0,1.0,6.0,WUR
IZXSCPRWPYQTJH,C=C1CCCC(=O)OC[C@H]2CC[NH+]3CC[C@@H](OC1=O)[C@@H]23,354.191528320313,52.0,0.0,3.0,0.0,6.0,95.89000000000001,0.28,1.0,6.0,0.0,0.0,WUR
JALVTHFTYRPDMB,C1CC[C@@H]2CC[C@@H]3[C@H](CCC4[C@H]3C[C@H]3[C@@H]4C[C@H]4CCCCN43)C2C1,400.357452392578,74.0,0.0,6.0,0.0,6.0,23.47,0.06896551724137931,1.0,1.0,0.0,0.0,WUR
JEJREKXHLFEVHN,O=C(Cc1ccccc1)O[C@H]1C[C@@H]2N[C@H](C1)[C@H]1O[C@H]12,320.149780273438,44.0,4.0,4.0,1.0,8.0,82.53,0.2608695652173913,1.0,5.0,0.0,0.0,WUR
JHSPCUHPSIUQRB,c1ccccc1,189.9823684692385,16.0,1.0,1.0,1.0,5.0,43.09,0.36363636363636365,1.0,1.0,0.0,2.0,WUR
JIIOLEGNERQDIP,c1ccccc1,163.123031616211,26.0,2.0,1.0,1.0,5.0,24.39,0.16666666666666666,2.0,0.0,0.0,0.0,WUR
JJCFRYNCJDLXIK,C1=Cc2ccccc2C(=C2CCNCC2)c2ccccc21,288.174835205078,43.0,0.0,4.0,2.0,12.0,3.24,0.045454545454545456,1.0,0.0,0.0,0.0,WUR
JLYFCTQDENRSOL,c1ccsc1,276.082153320313,35.0,5.0,1.0,1.0,4.5,29.54,0.29411764705882354,1.0,2.0,1.0,1.0,WUR
JNMRHUJNCSQMMB,O=S(=O)(Nc1nccs1)c1ccccc1,256.020965576172,25.0,3.0,2.0,2.0,9.5,85.08,0.4375,3.0,2.0,2.0,0.0,WUR
JNTOCHDNEULJHD,O=c1nc[nH]c2[nH]cnc12,254.124984741211,33.0,5.0,2.0,2.0,8.0,130.05,0.4444444444444444,5.0,3.0,0.0,0.0,WUR
JOFDPSBOUCXJCC,c1ccccc1,150.091400146484,22.0,2.0,1.0,1.0,5.0,29.1,0.18181818181818182,1.0,1.0,0.0,0.0,WUR
JRRUSQGIRBEMRN,O=c1cccc2c(c1)CCCc1ccccc1-2,386.16015625,51.0,4.0,3.0,2.0,11.5,94.09,0.25,1.0,6.0,0.0,0.0,WUR
JSJCTEKTBOKRST,c1ccccc1,311.113189697266,38.0,3.0,1.0,1.0,4.0,58.28,0.35,2.0,1.0,0.0,4.0,WUR
JTMLMJOBCBXFES,O=C(NCCOc1ccccc1)c1ccccc1,506.060791015625,47.0,6.0,2.0,2.0,15.0,120.04999999999998,0.4117647058823529,3.0,4.0,1.0,6.0,WUR
JWUCHKBSVLQQCO,c1ccc(C(Cn2cncn2)c2ccccc2)cc1,302.110076904297,35.0,4.0,3.0,3.0,11.5,50.94,0.2727272727272727,3.0,1.0,0.0,2.0,WUR
JWZZKOKVBUJMES,c1ccccc1,212.1281051635745,32.0,4.0,1.0,1.0,4.0,72.72,0.26666666666666666,1.0,3.0,0.0,0.0,WUR
JXCGFZXSOMJFOA,c1ccccc1,213.0791091918945,27.0,1.0,1.0,1.0,5.0,32.34,0.2857142857142857,2.0,1.0,0.0,1.0,WUR
JXHJNEJVUNHLKO,c1ccccc1,323.035858154297,37.0,8.0,1.0,1.0,5.0,18.46,0.3333333333333333,0.0,2.0,3.0,0.0,WUR
JXUDZCJTCKCTQK,c1ccccc1,263.071319580078,32.0,4.0,1.0,1.0,4.0,58.28,0.3125,2.0,1.0,0.0,2.0,WUR
JYIJIIVLEOETIQ,O=C1CCC[C@@H]2[C@H]3C[C@@H](CN12)[C@H]1CCCCN1C3,249.1959533691405,42.0,0.0,4.0,0.0,5.0,23.550000000000004,0.16666666666666666,2.0,1.0,0.0,0.0,WUR
JZCPYUJPEARBJL,O=C(NN1CCCCC1)c1cc(-c2ccccc2)n(-c2ccccc2)n1,463.085632324219,51.0,4.0,4.0,3.0,13.5,50.160000000000004,0.26666666666666666,4.0,1.0,0.0,3.0,WUR
KCFYEAOKVJSACF,c1ccc(SCc2cc3ccccc3[nH]2)cc1,477.084411621094,54.0,7.0,3.0,3.0,12.0,54.7,0.2413793103448276,2.0,3.0,1.0,1.0,WUR
KDLRVYVGXIQJDK,O=C(NC[C@@H]1CCCCO1)[C@@H]1CCCN1,425.187469482422,60.0,7.0,2.0,0.0,3.0,102.26000000000002,0.3333333333333333,2.0,5.0,1.0,1.0,WUR
KEMXXQOFIRIICG,c1ccccc1,268.165710449219,40.0,4.0,1.0,1.0,5.0,107.61,0.3157894736842105,3.0,3.0,0.0,0.0,WUR
KGNGTSCIQCLKEH,N=c1ncc(O[C@H]2CCCCO2)c[nH]1,305.109497070313,37.0,3.0,2.0,1.0,6.0,198.16000000000003,0.5238095238095238,4.0,7.0,0.0,0.0,WUR
KGOIKOVSEVRHNH,c1ccccc1,325.128997802734,41.0,5.0,1.0,1.0,4.0,58.28,0.3333333333333333,2.0,1.0,0.0,4.0,WUR
KGXUEPOHGFWQKF,C(/Sc1ccccc1)=C1/SCCN1c1ccccc1,427.055816650391,42.0,4.0,3.0,2.0,12.0,36.26,0.32142857142857145,2.0,1.0,2.0,4.0,WUR
KIDWGGCIROEJJW,__ACYCLIC__KIDWGGCIROEJJW,163.053634643555,20.0,0.0,0.0,0.0,2.0,52.900000000000006,0.5,2.0,2.0,1.0,0.0,WUR
KIEDNEWSYUYDSN,O=C1CCON1Cc1ccccc1,240.078552246094,30.0,2.0,2.0,1.0,6.0,29.54,0.25,1.0,2.0,0.0,1.0,WUR
KJFMBFZCATUALV,O=C1OC(c2ccccc2)(c2ccccc2)c2ccccc21,319.096832275391,38.0,2.0,4.0,3.0,14.0,66.76,0.16666666666666666,0.0,4.0,0.0,0.0,WUR
KMYKHQRQBUANHP,C=C1CCCC2=NCCCC[C@@]23CCC([C@@H]2CCC(=O)O2)=C[C@@H]3[C@@H]2O[C@@]3(CCC[C@H]2O3)C[C@H]2CCC[C@@]3(CC[C@]4(CCC[C@@H](C1)O4)O3)O2,766.4915466308595,122.0,1.0,9.0,0.0,13.0,125.27000000000002,0.18181818181818182,1.0,9.0,0.0,0.0,WUR
KUBCEEMXQZUPDQ,c1ccccc1,166.122680664063,27.0,3.0,1.0,1.0,4.0,23.47,0.16666666666666666,1.0,1.0,0.0,0.0,WUR
KUBUBYBFFRVFHD,c1ccccc1,309.055786132813,36.0,7.0,1.0,1.0,7.0,78.9,0.42105263157894735,0.0,6.0,1.0,0.0,WUR
KULDXINYXFTXMO,O=c1ccc2ccccc2o1,414.966827392578,38.0,8.0,2.0,2.0,9.5,74.97,0.4166666666666667,0.0,6.0,0.0,3.0,WUR
KUMXVBFFVVLQFX,N=C1NC[C@@H]2N=CN[C@@]23CCCN13,273.131378173828,35.0,1.0,3.0,0.0,5.0,161.66,0.5263157894736842,6.0,4.0,0.0,0.0,WUR
KVDJTXBXMWJJEF,O=C(NCCc1ccccn1)c1ccccc1,397.054260253906,37.0,4.0,2.0,2.0,9.0,41.99,0.38461538461538464,2.0,1.0,0.0,7.0,WUR
KWAPEXIWYNEGAV,c1ccccc1,291.102783203125,38.0,6.0,1.0,1.0,4.0,58.28,0.2777777777777778,2.0,1.0,0.0,2.0,WUR
KWGRBVOPPLSCSI,c1ccccc1,166.12272644043,27.0,3.0,1.0,1.0,4.0,32.26,0.16666666666666666,1.0,1.0,0.0,0.0,WUR
KWVISVAMQJWJSZ,C1=C2CCCCC2[C@H]2CCC3[C@@H](C[C@@H]4O[C@]5(CCCCN5)C[C@H]34)[C@@H]2C1,414.336883544922,73.0,0.0,6.0,0.0,7.0,41.489999999999995,0.1,1.0,2.0,0.0,0.0,WUR
KXGYBSNVFXBPNO,c1ccccc1,240.114959716797,34.0,4.0,1.0,1.0,5.0,29.1,0.1875,1.0,1.0,0.0,1.0,WUR
KYGZCKSPAKDVKC,O=c1cc[nH]c2cc3c(cc12)OCO3,262.071807861328,30.0,2.0,3.0,2.0,10.5,77.76,0.3157894736842105,1.0,5.0,0.0,0.0,WUR
LBGPXIPGGRQBJW,c1ccc(-c2cc(-c3ccccc3)[nH+][nH]2)cc1,249.13786315918,36.0,2.0,3.0,3.0,11.5,8.809999999999999,0.10526315789473684,2.0,0.0,0.0,0.0,WUR
LCOVYWIXMAJCDS,O=C1C=CC2C(=C1)CC[C@H]1[C@@H]3CCCC3CC[C@H]21,363.216598510742,56.0,2.0,4.0,0.0,7.0,97.99000000000001,0.19230769230769232,0.0,5.0,0.0,0.0,WUR
LESVOLZBIFDZGS,__ACYCLIC__LESVOLZBIFDZGS,288.048980712891,34.0,8.0,0.0,0.0,2.0,64.63000000000001,0.5,1.0,4.0,2.0,0.0,WUR
LFULEKSKNZEWOE,c1ccccc1,218.01350402832,22.0,2.0,1.0,1.0,5.0,29.1,0.3076923076923077,1.0,1.0,0.0,2.0,WUR
LKJPSUCKSLORMF,c1ccccc1,215.058303833008,25.0,2.0,1.0,1.0,5.0,41.57,0.35714285714285715,2.0,2.0,0.0,1.0,WUR
LLYYNOVSVPBRGV,O=C1CC[C@]23CCCCCC(CCC2)[C@H]13,565.366516113281,91.0,9.0,3.0,0.0,7.0,118.72,0.20512820512820512,2.0,5.0,1.0,0.0,WUR
LMOINURANNBYCM,c1ccccc1,212.128189086914,32.0,4.0,1.0,1.0,4.0,72.72,0.26666666666666666,1.0,3.0,0.0,0.0,WUR
LNJNFVJKDJYTEU,c1ccccc1,268.154174804688,40.0,6.0,1.0,1.0,5.0,56.790000000000006,0.2631578947368421,1.0,4.0,0.0,0.0,WUR
LNOOSYCKMKZOJB,c1ccccc1,280.155029296875,41.0,5.0,1.0,1.0,6.0,66.84,0.25,1.0,4.0,0.0,0.0,WUR
LPEPZBJOKDYZAD,c1ccc(Nc2ccccc2)cc1,282.073669433594,30.0,3.0,2.0,2.0,9.0,49.33,0.3,1.0,2.0,0.0,3.0,WUR
LQDARGUHUSPFNL,c1ccc(CCn2cncn2)cc1,372.028930664063,34.0,7.0,2.0,2.0,7.5,39.94,0.43478260869565216,3.0,1.0,0.0,6.0,WUR
LQOLIRLGBULYKD,O=C(N[C@@H]1C(=O)N2CCS[C@H]12)c1conc1-c1ccccc1,436.072845458984,47.0,4.0,4.0,2.0,12.5,112.74000000000001,0.3448275862068966,3.0,5.0,1.0,1.0,WUR
LRUDIIUSNGCQKF,c1ccc2[nH]nnc2c1,134.071136474609,17.0,0.0,2.0,2.0,7.0,41.57,0.3,3.0,0.0,0.0,0.0,WUR
LUQMWGMGWJEGAT,c1ccccc1,320.108154296875,42.0,7.0,1.0,1.0,6.0,64.63,0.35,1.0,4.0,1.0,0.0,WUR
LVNYJXIBJFXIRZ,c1ccccc1,336.103149414063,43.0,7.0,1.0,1.0,7.0,81.69999999999999,0.38095238095238093,1.0,5.0,1.0,0.0,WUR
LVQDKIWDGQRHTE,c1ncnc(NC2CC2)n1,167.10400390625,22.0,2.0,2.0,1.0,5.0,102.74,0.5,6.0,0.0,0.0,0.0,WUR
LVXYAFNPMXCRJI,c1ccc(CCCCN2CCN(c3ccccn3)CC2)cc1,330.198028564453,48.0,6.0,3.0,2.0,9.0,39.6,0.20833333333333334,3.0,1.0,0.0,1.0,WUR
MBMQEIFVQACCCH,O=C1CCC/C=C/c2ccccc2C(=O)OCCCC1,319.154235839844,45.0,0.0,2.0,1.0,8.0,83.83,0.21739130434782608,0.0,5.0,0.0,0.0,WUR
MCJGNVYPOGVAJF,c1ccc2ncccc2c1,146.060165405273,18.0,0.0,2.0,2.0,7.5,33.120000000000005,0.18181818181818182,1.0,1.0,0.0,0.0,WUR
METKIMKYRPQLGS,c1ccccc1,267.170440673828,41.0,8.0,1.0,1.0,5.0,84.57999999999998,0.2631578947368421,2.0,3.0,0.0,0.0,WUR
MFOUDYKPLGXPGO,c1ccccc1,212.083847045898,28.0,3.0,1.0,1.0,5.0,20.310000000000002,0.21428571428571427,1.0,1.0,0.0,1.0,WUR
MIZMDSVSLSIMSC,O=C1COC(=O)CNC(=O)COC(=O)CNC(=O)COC(=O)CN1,657.4434509277345,102.0,6.0,1.0,0.0,7.0,139.83,0.26666666666666666,3.0,9.0,0.0,0.0,WUR
MKUXAQIIEYXACX,O=c1nc[nH]c2[nH]cnc12,226.093688964844,27.0,4.0,2.0,2.0,8.0,119.05,0.5,5.0,3.0,0.0,0.0,WUR
MLBZKOGAMRTSKP,c1ccc(C2=NOC(c3ccccc3)C2)cc1,556.062683105469,53.0,6.0,3.0,2.0,12.0,79.78999999999999,0.3888888888888889,3.0,3.0,0.0,8.0,WUR
MLKCGVHIFJBRCD,O=c1[nH]cnn1-c1ccccc1,429.070068359375,40.0,6.0,2.0,2.0,9.5,66.12,0.4230769230769231,3.0,3.0,0.0,5.0,WUR
MMOXZBCLCQITDF,c1ccccc1,192.138412475586,31.0,3.0,1.0,1.0,5.0,20.310000000000002,0.14285714285714285,1.0,1.0,0.0,0.0,WUR
MOUVJGIRLPZEES,c1ccccc1,272.068389892578,32.0,5.0,1.0,1.0,6.0,64.63,0.3333333333333333,1.0,4.0,0.0,1.0,WUR
MPNJTIZLDHWBFX,c1ccccc1,325.027282714844,34.0,6.0,1.0,1.0,5.0,55.56,0.3684210526315789,2.0,2.0,0.0,3.0,WUR
MXMXHPPIGKYTAR,c1ccsc1,268.118621826172,38.0,4.0,1.0,1.0,5.5,29.1,0.23529411764705882,1.0,1.0,1.0,0.0,WUR
NBMKJKDGKREAPL,O=C1C=CC2C(=C1)CC[C@@H]1C2CCC2CCC[C@H]21,409.177551269531,57.0,2.0,4.0,0.0,8.0,94.83,0.21428571428571427,0.0,5.0,0.0,1.0,WUR
NDAUXUAQIAJITI,c1ccccc1,240.159408569336,38.0,4.0,1.0,1.0,4.0,72.72,0.23529411764705882,1.0,3.0,0.0,0.0,WUR
NDNUANOUGZGEPO,C1CCNCC1,128.143402099609,26.0,2.0,1.0,0.0,1.0,12.03,0.1111111111111111,1.0,0.0,0.0,0.0,WUR
NHDHVHZZCFYRSB,c1ccc(Oc2ccc(OCCOc3ccccn3)cc2)cc1,322.143768310547,43.0,7.0,3.0,3.0,12.0,40.58,0.16666666666666666,1.0,3.0,0.0,0.0,WUR
NHOWDZOIZKMVAI,c1ccc(C(c2ccccc2)c2cncnc2)cc1,331.039978027344,34.0,3.0,3.0,3.0,12.0,46.010000000000005,0.22727272727272727,2.0,1.0,0.0,2.0,WUR
NHUHCSRWZMLRLA,O=S(=O)(Nc1ccno1)c1ccccc1,268.075256347656,31.0,3.0,2.0,2.0,9.5,98.22,0.3888888888888889,3.0,3.0,1.0,0.0,WUR
NHZLNPMOSADWGC,O=S(=O)(Nc1cnc2ccccc2n1)c1ccccc1,301.075378417969,33.0,3.0,3.0,3.0,13.5,97.97,0.3333333333333333,4.0,2.0,1.0,0.0,WUR
NJKDOADNQSYQEV,c1ccccc1,777.862609863281,53.0,10.0,1.0,1.0,7.0,179.66,0.45161290322580644,3.0,8.0,0.0,3.0,WUR
NKRQJWQYBNTAEV,O=C1CCC[C@]2(CO2)C(=O)O[C@@H]2CC[NH+]3CC=C(CO1)[C@H]23,368.170867919922,51.0,0.0,4.0,0.0,7.0,108.42000000000002,0.3076923076923077,1.0,7.0,0.0,0.0,WUR
NLYNUTMZTCLNOO,c1ccccc1,292.969116210938,25.0,2.0,1.0,1.0,5.0,41.57,0.4,2.0,2.0,0.0,2.0,WUR
NNCAWEWCFVZOGF,C1CC[NH2+]CC1,114.12762069702151,24.0,0.0,1.0,0.0,1.0,0.0,0.125,1.0,0.0,0.0,0.0,WUR
NNJVILVZKWQKPM,c1ccccc1,235.180557250977,39.0,5.0,1.0,1.0,5.0,32.34,0.17647058823529413,2.0,1.0,0.0,0.0,WUR
NNKVPIKMPCQWCG,__ACYCLIC__NNKVPIKMPCQWCG,142.009033203125,15.0,2.0,0.0,0.0,1.0,52.32,0.7142857142857143,1.0,2.0,1.0,0.0,WUR
NOCJXYPHIIZEHN,O=c1ccn(-c2ccccc2)c2cc(N3CCNCC3)ccc12,400.146850585938,48.0,3.0,4.0,3.0,14.5,65.78,0.27586206896551724,3.0,3.0,0.0,2.0,WUR
NPAGDVCDWIYMMC,O=C1C=C2CC[C@@H]3[C@H](CCC4CCC[C@H]43)[C@H]2CC1,275.200576782227,46.0,0.0,4.0,0.0,6.0,37.3,0.1,0.0,2.0,0.0,0.0,WUR
NPECRXRQVYMQGY,c1ccccc1,179.153884887695,31.0,2.0,1.0,1.0,4.0,52.04,0.15384615384615385,2.0,0.0,0.0,0.0,WUR
NQCPECCCWDWTJJ,O=c1cc[nH]cn1,182.12890625,28.0,3.0,1.0,1.0,5.0,48.99,0.3076923076923077,3.0,1.0,0.0,0.0,WUR
NQLVQOSNDJXLKG,c1ccccc1,252.141799926758,38.0,6.0,1.0,1.0,5.0,20.310000000000002,0.17647058823529413,1.0,1.0,1.0,0.0,WUR
NQSMEZJWJJVYOI,O=C(c1ccccc1)c1ccccc1,241.085861206055,30.0,3.0,2.0,2.0,10.0,43.370000000000005,0.16666666666666666,0.0,3.0,0.0,0.0,WUR
NRZWQKGABZFFKE,__ACYCLIC__NRZWQKGABZFFKE,77.0419082641602,13.0,0.0,0.0,0.0,0.0,0.0,0.25,0.0,0.0,1.0,0.0,WUR
NTAFJUSDNOSFFY,c1c[nH]cn1,170.092338562012,23.0,2.0,1.0,1.0,4.5,60.96,0.4166666666666667,3.0,2.0,0.0,0.0,WUR
NUPJIGQFXCQJBK,O=C1CN=C(c2ccccn2)N1,306.144958496094,41.0,5.0,2.0,1.0,8.0,100.88,0.3181818181818182,3.0,4.0,0.0,0.0,WUR
NVEPPWDVLBMNMB,C(=C\c1cccs1)/C1=NCCCN1,221.11067199707,31.0,2.0,2.0,1.0,6.5,15.6,0.2,2.0,0.0,1.0,0.0,WUR
NVGOPFQZYCNLDU,O=c1cccnn1-c1ccccc1,304.046081542969,29.0,2.0,2.0,2.0,9.0,46.92,0.4,3.0,1.0,0.0,4.0,WUR
NVKAWKQGWWIWPM,O=C1CCC2[C@H](CC[C@H]3[C@@H]4CCCC4CC[C@H]23)C1,291.231903076172,51.0,0.0,4.0,0.0,5.0,37.3,0.09523809523809523,0.0,2.0,0.0,0.0,WUR
NWBJYWHLCVSVIJ,c1ccc(CNc2[nH]cnc3ncnc2-3)cc1,226.108810424805,28.0,3.0,3.0,1.0,10.5,66.49000000000001,0.29411764705882354,5.0,0.0,0.0,0.0,WUR
NWUWYYSKZYIQAE,c1ccccc1,321.217529296875,51.0,6.0,1.0,1.0,6.0,67.42999999999999,0.21739130434782608,2.0,3.0,0.0,0.0,WUR
NXQDBZGWYSEGFL,c1ccccc1,368.030700683594,40.0,7.0,1.0,1.0,6.0,38.77,0.38095238095238093,1.0,3.0,2.0,1.0,WUR
NYPJDWWKZLNGGM,O=C(Cc1ccccc1)OCc1cccc(Oc2ccccc2)c1,437.16276550293003,52.0,7.0,3.0,3.0,15.0,59.32000000000001,0.16666666666666666,1.0,3.0,0.0,1.0,WUR
NYRMIJKDBAQCHC,O=C1C(c2ccccc2)=COC1c1ccccc1,334.105255126953,38.0,3.0,3.0,2.0,11.0,38.33,0.25,1.0,2.0,0.0,3.0,WUR
NZCRJKRKKOLAOJ,O=C1/C=C\C=C\CCCCCCCC/C=C/OC2Oc3ccc4cc(c5c(nc6ccccn65)c4c3C2=O)N1,786.359313964844,108.0,2.0,6.0,4.0,22.0,198.37999999999997,0.24561403508771928,3.0,11.0,0.0,0.0,WUR
OCQDPIXQTSYZJL,O=C1c2ccccc2C(=O)c2ccccc21,351.205841064453,52.0,8.0,3.0,2.0,11.0,58.199999999999996,0.15384615384615385,2.0,2.0,0.0,0.0,WUR
OIKHXEKXIIAQKY,c1ccc(CCCCn2cncn2)cc1,324.147766113281,44.0,7.0,2.0,2.0,7.5,71.17,0.2727272727272727,3.0,2.0,0.0,1.0,WUR
OJMMVQQUTAEWLP,O=C(NC[C@@H]1CCCCO1)[C@@H]1CCCN1,407.220886230469,61.0,7.0,2.0,0.0,3.0,122.49000000000002,0.3333333333333333,2.0,6.0,1.0,0.0,WUR
OMOLDRXZKFFGJI,c1ccccc1,242.084869384766,31.0,4.0,1.0,1.0,6.0,55.400000000000006,0.3125,1.0,3.0,1.0,0.0,WUR
ONCZDRURRATYFI,C(=NOCc1ccccc1)c1ccccc1,409.137268066406,48.0,7.0,2.0,2.0,11.0,69.48,0.3103448275862069,2.0,4.0,0.0,3.0,WUR
OUPZKGBUJRBPGC,O=c1n(CC2CO2)c(=O)n(CC2CO2)c(=O)n1CC1CO1,298.103546142578,36.0,6.0,4.0,1.0,10.0,103.59,0.42857142857142855,3.0,6.0,0.0,0.0,WUR
OWDLFBLNMPCXSD,O=C1OCCC1Nc1ccccc1,282.089294433594,35.0,3.0,2.0,1.0,7.0,46.61,0.2631578947368421,1.0,3.0,0.0,1.0,WUR
OWRCNXZUPFZXOS,N=C(Nc1ccccc1)Nc1ccccc1,212.118301391602,29.0,2.0,2.0,2.0,9.0,47.910000000000004,0.1875,3.0,0.0,0.0,0.0,WUR
OWUREPXBPJFMOK,O=C1COC(=O)CNC(=O)COC(=O)CNC(=O)COC(=O)CN1,685.474304199219,108.0,8.0,1.0,0.0,7.0,139.83,0.2553191489361702,3.0,9.0,0.0,0.0,WUR
OZMMLYFAEKBWEE,c1ccc(CCCN2CCOCC2)cc1,334.2376251220705,55.0,6.0,2.0,1.0,6.0,49.77,0.16666666666666666,1.0,3.0,0.0,0.0,WUR
PFEFOYRSMXVNEL,c1ccccc1,263.236785888672,49.0,0.0,1.0,1.0,4.0,20.23,0.05263157894736842,0.0,1.0,0.0,0.0,WUR
PFFIDZXUXFLSSR,O=C(Nc1ccsc1)c1cn[nH]c1,360.135223388672,44.0,5.0,2.0,2.0,8.0,46.92,0.3333333333333333,3.0,1.0,1.0,3.0,WUR
PHNUZKMIPFFYSO,c1ccccc1,256.029144287109,27.0,2.0,1.0,1.0,7.0,29.1,0.25,1.0,1.0,0.0,2.0,WUR
PKKMITFKYRCCOL,N=C(Cc1c[nH]c2ccccc12)S[C@H]1CCCCO1,479.07926940917946,53.0,7.0,3.0,2.0,11.0,180.26999999999998,0.45161290322580644,2.0,10.0,2.0,0.0,WUR
PLYQBXHVYUJNQB,C1CCOCC1,374.057861328125,42.0,7.0,1.0,0.0,5.0,166.10999999999999,0.5217391304347826,1.0,9.0,2.0,0.0,WUR
PMCVMORKVPSKHZ,__ACYCLIC__PMCVMORKVPSKHZ,247.022338867188,28.0,7.0,0.0,0.0,2.0,52.60000000000001,0.5384615384615384,0.0,4.0,2.0,0.0,WUR
PNKLMTPXERFKEN,C1=C[C@H]2O[C@@H]3CCC(C2CC1)[C@]31CO1,442.243927001953,62.0,5.0,4.0,0.0,7.0,114.82000000000002,0.26666666666666666,0.0,8.0,0.0,0.0,WUR
PNVJTZOFSHSLTO,c1ccccc1,279.027069091797,31.0,5.0,1.0,1.0,5.0,27.69,0.375,0.0,3.0,2.0,0.0,WUR
PNVNVHUZROJLTJ,c1ccc(CC2CCCCC2)cc1,278.211608886719,47.0,5.0,2.0,1.0,5.0,32.7,0.15,1.0,2.0,0.0,0.0,WUR
PNXBXCRWXNESOV,O=c1cc(Cc2ccccc2)[nH]c(=S)[nH]1,219.058776855469,25.0,2.0,2.0,2.0,10.0,48.65,0.26666666666666666,2.0,1.0,1.0,0.0,WUR
PQFRTXSWDXZRRS,c1c[nH]cn1,201.061706542969,22.0,3.0,1.0,1.0,5.5,113.28,0.5714285714285714,4.0,4.0,0.0,0.0,WUR
PRGILOMAMBLWNG,O=c1cccc2c(c1)CCCc1ccccc1-2,386.16015625,51.0,4.0,3.0,2.0,11.5,97.58,0.25,1.0,6.0,0.0,0.0,WUR
PRLVTUNWOQKEAI,N=C1NC(=O)N(c2ccccc2)CS1,306.163177490234,44.0,2.0,2.0,1.0,7.0,35.91,0.23809523809523808,3.0,1.0,1.0,0.0,WUR
PTCGDEVVHUXTMP,O=C(Nc1ccccc1)c1ccccc1,324.120376586914,39.0,4.0,2.0,2.0,9.0,38.33,0.2608695652173913,1.0,2.0,0.0,3.0,WUR
PUFYZCKVLOYPHL,O=C(/C=C/c1ccccc1)O[C@H]1CCN2C[C@@H]3C[C@@H](CN4C(=O)CCC[C@H]34)[C@@H]2C1,395.233123779297,59.0,3.0,5.0,1.0,11.0,49.85,0.1724137931034483,2.0,3.0,0.0,0.0,WUR
PUIYMUZLKQOUOZ,c1ccccc1,207.149368286133,33.0,2.0,1.0,1.0,5.0,32.34,0.2,2.0,1.0,0.0,0.0,WUR
PVTHJAPFENJVNC,C1CCC(O[C@@H]2CCCCO2)CC1,380.166778564453,51.0,3.0,2.0,0.0,4.0,218.81,0.46153846153846156,3.0,9.0,0.0,0.0,WUR
PXMNMQRDXWABCY,c1ccc(CCCCn2cncn2)cc1,308.152587890625,43.0,5.0,2.0,2.0,7.5,50.94,0.23809523809523808,3.0,1.0,0.0,1.0,WUR
PZBPKYOVPCNPJY,c1ccc(CCn2ccnc2)cc1,297.055877685547,33.0,6.0,2.0,2.0,8.5,27.05,0.2631578947368421,2.0,1.0,0.0,2.0,WUR
PZRHRDRVRGEVNW,O=c1ccc(-c2ccncc2)c[nH]1,212.081924438477,25.0,1.0,2.0,2.0,11.0,69.53999999999999,0.25,3.0,1.0,0.0,0.0,WUR
QAXBVGVYDCAVLV,O=C1CCCCC1c1cccs1,224.110488891602,32.0,3.0,2.0,1.0,5.5,29.1,0.2,1.0,1.0,1.0,0.0,WUR
QAYICIQNSGETAS,S=C1NCNCS1,163.035858154297,19.0,0.0,1.0,0.0,2.0,6.48,0.4444444444444444,2.0,0.0,2.0,0.0,WUR
QBAYIBZITZBSFO,c1ccccc1,190.047256469727,19.0,1.0,1.0,1.0,5.0,43.09,0.38461538461538464,1.0,1.0,0.0,3.0,WUR
QBSJMKIUCUGGNG,c1ccccc1,194.117630004883,29.0,2.0,1.0,1.0,5.0,38.33,0.21428571428571427,1.0,2.0,0.0,0.0,WUR
QCAWEPFNJXQPAN,O=C(NNC(=O)c1ccccc1)c1ccccc1,369.217498779297,55.0,3.0,2.0,2.0,10.0,58.64,0.18518518518518517,2.0,3.0,0.0,0.0,WUR
QFMJFXFXQAFGBO,c1ccccc1,169.060745239258,20.0,2.0,1.0,1.0,5.0,78.38999999999999,0.4166666666666667,2.0,3.0,0.0,0.0,WUR
QGHREAKMXXNCOA,c1ccccc1,343.053161621094,36.0,2.0,1.0,1.0,8.0,100.72000000000001,0.45454545454545453,4.0,4.0,2.0,0.0,WUR
QGTOTYJSCYHYFK,O=C(N[C@H]1COC(=O)[C@H](Cc2ccccc2)CCOC1=O)c1ccccn1,615.254638671875,82.0,11.0,3.0,2.0,14.0,165.65,0.29545454545454547,2.0,11.0,0.0,0.0,WUR
QHMTXANCGGJZRX,O=C1NN=CCN1/N=C/c1cccnc1,218.103775024414,27.0,2.0,2.0,1.0,8.0,69.95,0.375,5.0,1.0,0.0,0.0,WUR
QHOQHJPRIBSPCY,c1cncnc1,306.103668212891,39.0,7.0,1.0,1.0,5.0,56.71000000000001,0.42105263157894735,3.0,3.0,1.0,0.0,WUR
QJVOZXGJOGJKPT,O=C1C=CN2C[C@H]3CNC[C@@H](C3)[C@H]2C1,233.1650390625,37.0,2.0,3.0,0.0,6.0,32.34,0.17647058823529413,2.0,1.0,0.0,0.0,WUR
QMBJSIBWORFWQT,O=C1C=C2C=C[C@H]3[C@@H]4CCCC4CC[C@@H]3C2CC1,405.182922363281,57.0,2.0,4.0,0.0,9.0,60.440000000000005,0.17857142857142858,0.0,4.0,0.0,1.0,WUR
QMGGMESMCJCABO,O=C1C=CC[C@@H]2[C@H]3CCC[NH+]4CCC[C@@H](CN12)[C@@H]34,263.175689697266,41.0,0.0,4.0,0.0,6.0,43.37,0.21052631578947367,2.0,2.0,0.0,0.0,WUR
QMGVPVSNSZLJIA,O=C1C[C@@H]2OCC=C3CN4CC[C@]56c7ccccc7N1[C@H]5[C@H]2[C@H]3C[C@H]46,335.175689697266,47.0,0.0,7.0,1.0,12.0,32.78,0.16,2.0,2.0,0.0,0.0,WUR
QRUDEWIWKLJBPS,c1ccc2[nH]nnc2c1,120.055633544922,14.0,0.0,2.0,2.0,7.0,41.57,0.3333333333333333,3.0,0.0,0.0,0.0,WUR
QTCRXZRCLRRRCO,C=C1CCCC(=O)OC[C@H]2CC[NH+]3CC[C@@H](OC1=O)[C@@H]23,370.186248779297,53.0,0.0,3.0,0.0,6.0,116.12,0.3076923076923077,1.0,7.0,0.0,0.0,WUR
QTDRLOKFLJJHTG,O=C(NC1CCCCC1)c1ccoc1,252.159545898438,39.0,3.0,2.0,1.0,5.5,42.68,0.2222222222222222,1.0,3.0,0.0,0.0,WUR
QVBOTMGSBYXVJQ,c1ccccc1,291.102783203125,38.0,5.0,1.0,1.0,4.0,58.28,0.2777777777777778,2.0,1.0,0.0,2.0,WUR
QYMMJNLHFKGANY,c1ccccc1,372.942687988281,33.0,7.0,1.0,1.0,5.0,35.53,0.3888888888888889,0.0,3.0,1.0,2.0,WUR
QZXATCCPQKOEIH,O=S(=O)(Nc1ccccc1)c1nc2ccncn2n1,360.037567138672,32.0,4.0,3.0,3.0,13.0,98.47999999999999,0.5,5.0,3.0,1.0,3.0,WUR
RAOCRURYZCVHMG,c1ccc2[nH]cnc2c1,250.118453979492,33.0,4.0,2.0,2.0,8.0,76.24,0.3333333333333333,3.0,3.0,0.0,0.0,WUR
RBNIGDFIUWJJEV,O=C(Nc1ccccc1)c1ccccc1,336.079864501953,38.0,4.0,2.0,2.0,10.0,46.61,0.2608695652173913,1.0,3.0,0.0,2.0,WUR
RECCURWJDVZHIH,c1ccccc1,171.032180786133,18.0,1.0,1.0,1.0,5.0,55.120000000000005,0.36363636363636365,2.0,1.0,0.0,1.0,WUR
RGCLLPNLLBQHPF,__ACYCLIC__RGCLLPNLLBQHPF,300.076446533203,37.0,7.0,0.0,0.0,3.0,65.07000000000001,0.4444444444444444,1.0,5.0,0.0,1.0,WUR
RHVBIEJVJWNXBU,O=C1CC[C@H]2[C@@H](CC[C@@H]3[C@@H]2CCC2CCC[C@H]23)C1,277.216400146484,48.0,0.0,4.0,0.0,5.0,37.3,0.1,0.0,2.0,0.0,0.0,WUR
RJBJMKAMQIOAML,c1ccccc1,258.079528808594,32.0,2.0,1.0,1.0,7.0,72.47,0.35294117647058826,1.0,4.0,1.0,0.0,WUR
RJMIEHBSYVWVIN,O=C1c2ccccc2CN1c1ccccc1,282.11265563964855,36.0,3.0,3.0,2.0,11.0,57.61,0.19047619047619047,1.0,3.0,0.0,0.0,WUR
RMFNNCGOSPBBAD,c1ccccc1,222.123870849609,31.0,3.0,1.0,1.0,6.0,53.93,0.3125,3.0,2.0,0.0,0.0,WUR
RMOGWMIKYWRTKW,c1ccc(CCn2cncn2)cc1,294.136840820313,40.0,4.0,2.0,2.0,7.5,50.94,0.25,3.0,1.0,0.0,1.0,WUR
RNVCVTLRINQCPJ,c1ccccc1,108.080741882324,17.0,0.0,1.0,1.0,4.0,26.02,0.125,1.0,0.0,0.0,0.0,WUR
ROVGZAWFACYCSP,O=C1C=C[C@@H](OC(=O)C2CC2)C1,329.211303710938,52.0,6.0,2.0,0.0,8.0,43.370000000000005,0.125,0.0,3.0,0.0,0.0,WUR
RQDJADAKIFFEKQ,c1ccc(CCC(Cn2cncn2)c2ccccc2)cc1,337.121612548828,41.0,6.0,3.0,3.0,13.5,54.5,0.20833333333333334,4.0,0.0,0.0,1.0,WUR
RQVGAIADHNPSME,O=c1[nH]nnc2ccccc12,368.026397705078,37.0,7.0,2.0,2.0,9.5,66.24000000000001,0.42857142857142855,3.0,3.0,2.0,0.0,WUR
RQZAXGRLVPAYTJ,O=C1C=C2C=C[C@H]3[C@@H]4CCCC4CC[C@@H]3C2CC1,385.237854003906,60.0,2.0,4.0,0.0,9.0,60.440000000000005,0.14285714285714285,0.0,4.0,0.0,0.0,WUR
RROQIUMZODEXOR,C1CNCCN1,454.914581298828,36.0,6.0,1.0,0.0,3.0,64.68,0.5454545454545454,4.0,2.0,0.0,6.0,WUR
RRVIAQKBTUQODI,c1ccc2scnc2c1,222.069595336914,26.0,1.0,2.0,2.0,8.0,45.230000000000004,0.3333333333333333,3.0,1.0,1.0,0.0,WUR
RSIHSRDYCUFFLA,O=C1C=CC2C(=C1)CC[C@H]1[C@@H]3CCCC3CC[C@H]21,287.20071411132847,47.0,0.0,4.0,0.0,7.0,37.3,0.09523809523809523,0.0,2.0,0.0,0.0,WUR
RWCCWEUUXYIKHB,O=C(c1ccccc1)c1ccccc1,183.080490112305,24.0,2.0,2.0,2.0,9.0,17.07,0.07142857142857142,0.0,1.0,0.0,0.0,WUR
RYAUSSKQMZRMAI,c1ccc(CCCN2CCOCC2)cc1,304.263793945313,55.0,4.0,2.0,1.0,5.0,12.47,0.09090909090909091,1.0,1.0,0.0,0.0,WUR
RYVIXQCRCQLFCM,c1cnc(Oc2cccc(Oc3ncccn3)c2)nc1,431.119812011719,49.0,9.0,3.0,3.0,13.0,144.24,0.3870967741935484,4.0,8.0,0.0,0.0,WUR
RZILCCPWPBTYDO,c1ccccc1,233.089660644531,27.0,1.0,1.0,1.0,5.0,32.34,0.375,2.0,1.0,0.0,3.0,WUR
RZVAJINKPMORJF,c1ccccc1,152.070648193359,20.0,1.0,1.0,1.0,5.0,49.33,0.2727272727272727,1.0,2.0,0.0,0.0,WUR
SAPGTCDSBGMXCD,c1ccc(C(c2ccccc2)c2cncnc2)cc1,315.069610595703,34.0,3.0,3.0,3.0,12.0,46.010000000000005,0.22727272727272727,2.0,1.0,0.0,2.0,WUR
SBDNJUWAMKYJOX,c1ccc(Nc2ccccc2)cc1,296.023681640625,30.0,3.0,2.0,2.0,9.0,49.33,0.2631578947368421,1.0,2.0,0.0,2.0,WUR
SBUJHOSQTJFQJX,C1CC[C@@H](O[C@@H]2CCC[C@H](O[C@@H]3CCCCO3)C2)OC1,485.245697021484,69.0,6.0,3.0,0.0,3.0,282.61000000000007,0.45454545454545453,4.0,11.0,0.0,0.0,WUR
SCCDDNKJYDZXMM,c1ccccc1,256.110046386719,35.0,5.0,1.0,1.0,5.0,29.54,0.23529411764705882,1.0,2.0,0.0,1.0,WUR
SDMSCIWHRZJSRN,c1ccc(-c2ccno2)cc1,314.061248779297,36.0,7.0,2.0,2.0,8.5,53.72,0.35,1.0,4.0,1.0,0.0,WUR
SHCRDCOTRILILT,O=C1C=C[C@@H](OC(=O)C2CC2)C1,361.201080322266,54.0,6.0,2.0,0.0,8.0,69.67000000000002,0.19230769230769232,0.0,5.0,0.0,0.0,WUR
SLCGUGMPSUYJAY,O=C(Nc1ccccc1)c1ccccc1,366.066009521484,41.0,5.0,2.0,2.0,10.0,46.61,0.25,1.0,3.0,0.0,2.0,WUR
SMWDFEZZVXVKRB,c1ccc2ncccc2c1,130.065063476563,17.0,0.0,2.0,2.0,7.5,12.89,0.1,1.0,0.0,0.0,0.0,WUR
SOUGWDPPRBKJEX,c1ccccc1,336.031799316406,36.0,5.0,1.0,1.0,6.0,46.17,0.3,1.0,2.0,0.0,3.0,WUR
STECJAGHUSJQJN,O=C(Cc1ccccc1)O[C@H]1C[C@@H]2N[C@H](C1)[C@H]1O[C@H]12,304.154479980469,43.0,4.0,4.0,1.0,8.0,62.3,0.22727272727272727,1.0,4.0,0.0,0.0,WUR
STJLVHWMYQXCPB,c1ccc(C2(Cn3cncn3)OCCO2)cc1,342.076324462891,39.0,5.0,3.0,2.0,8.5,49.17,0.3181818181818182,3.0,2.0,0.0,2.0,WUR
STJMRWALKKWQGH,c1ccccc1,277.086975097656,35.0,3.0,1.0,1.0,4.0,58.28,0.29411764705882354,2.0,1.0,0.0,2.0,WUR
STMIIPIFODONDC,c1ccc(CCn2cncn2)cc1,314.082305908203,37.0,6.0,2.0,2.0,7.5,50.94,0.3,3.0,1.0,0.0,2.0,WUR
SUBWVHAACKTENX,O=C1CCC[C@@H](O[C@H]2CCCCO2)CCC[C@@H](O[C@H]2CCCCO2)C=CC=CCCO1,699.442138671875,111.0,9.0,3.0,0.0,7.0,156.69,0.2653061224489796,2.0,11.0,0.0,0.0,WUR
SYJGKVOENHZYMQ,O=S(=O)(Nc1nc2ccncn2n1)c1ccccc1,484.070922851563,46.0,8.0,3.0,3.0,13.0,116.94,0.5,5.0,5.0,1.0,5.0,WUR
SZINUGQCTHLQAZ,O=C1C=C[C@@H]2[C@H]3c4c[nH]c5cccc(c45)C[C@H]3CN12,337.154968261719,45.0,1.0,5.0,2.0,13.0,73.4,0.2,2.0,3.0,0.0,0.0,WUR
TUBQDCKAWGHZPF,c1ccc2scnc2c1,238.976745605469,20.0,3.0,2.0,2.0,9.0,36.68,0.35714285714285715,2.0,0.0,3.0,0.0,WUR
TVLSRXXIMLFWEO,O=C(NCCOc1ccccc1)n1ccnc1,376.038757324219,39.0,6.0,2.0,2.0,8.5,47.36,0.34782608695652173,3.0,2.0,0.0,3.0,WUR
TWFZGCMQGLPBSX,c1ccc2[nH]cnc2c1,192.076950073242,23.0,1.0,2.0,2.0,8.0,67.00999999999999,0.35714285714285715,3.0,2.0,0.0,0.0,WUR
TWHBYJSVDCWICV,O=C1COC(=O)CNC(=O)COC(=O)CNC(=O)COC(=O)CN1,699.490295410156,111.0,9.0,1.0,0.0,7.0,139.83,0.25,3.0,9.0,0.0,0.0,WUR
TYMLOMAKGOJONV,c1ccccc1,139.050201416016,16.0,1.0,1.0,1.0,5.0,69.16,0.4,2.0,2.0,0.0,0.0,WUR
UAFDGCOOJPIAHN,O=S(=O)(c1ccccc1)c1ccc2nc[nH]c2c1,332.070129394531,36.0,3.0,3.0,3.0,14.0,101.14999999999998,0.34782608695652173,3.0,4.0,1.0,0.0,WUR
UBCHPRBFMUDMNC,C1C2CC3CC1CC(C2)C3,180.174789428711,34.0,1.0,4.0,0.0,4.0,26.02,0.07692307692307693,1.0,0.0,0.0,0.0,WUR
UBCKGWBNUIFUST,c1ccccc1,364.907073974609,28.0,5.0,1.0,1.0,6.0,44.760000000000005,0.47368421052631576,0.0,4.0,0.0,4.0,WUR
UDCDOJQOXWCCSD,c1ccccc1,215.08483123779303,28.0,3.0,1.0,1.0,6.0,49.410000000000004,0.35714285714285715,2.0,2.0,1.0,0.0,WUR
UDKABVSQKJNZBH,C=C1CC2CC[C@@H]3C4CCC(=O)C=C4C=C[C@H]3[C@@H]2C1,397.237609863281,61.0,2.0,4.0,0.0,10.0,60.440000000000005,0.13793103448275862,0.0,4.0,0.0,0.0,WUR
UELITFHSCLAHKR,c1ccc2snnc2c1,210.999526977539,19.0,1.0,2.0,2.0,8.0,42.85,0.38461538461538464,2.0,1.0,2.0,0.0,WUR
UFEODZBUAFNAEU,N=C(C1=NOCCO1)c1ccccc1Oc1cc(Oc2ccccc2)ncn1,459.0862884521485,48.0,7.0,4.0,3.0,15.0,96.65000000000002,0.34375,4.0,5.0,0.0,2.0,WUR
UFFBMTHBGFGIHF,c1ccccc1,122.0963134765625,20.0,0.0,1.0,1.0,4.0,26.02,0.1111111111111111,1.0,0.0,0.0,0.0,WUR
UFNOUKDBUJZYDE,c1ccc(C(CC2CC2)Cn2cncn2)cc1,292.121337890625,38.0,5.0,3.0,2.0,8.5,50.94,0.25,3.0,1.0,0.0,1.0,WUR
UIOFUWFRIANQPC,O=C(N[C@@H]1C(=O)N2CCS[C@H]12)c1conc1-c1ccccc1,454.063720703125,47.0,4.0,4.0,2.0,12.5,112.74000000000001,0.36666666666666664,3.0,5.0,1.0,2.0,WUR
ULSLJYXHZDTLQK,O=c1oc2ccccc2cc1C1CCCc2ccccc21,293.117492675781,38.0,1.0,4.0,3.0,13.5,50.44,0.13636363636363635,0.0,3.0,0.0,0.0,WUR
UQCSETXJXJTMKO,O=C1COC(=O)CNC(=O)COC(=O)CNC(=O)COC(=O)CN1,671.458618164063,105.0,7.0,1.0,0.0,7.0,139.83,0.2608695652173913,3.0,9.0,0.0,0.0,WUR
URDNHJIVMYZFRT,c1ccc(CCn2cncn2)cc1,328.097961425781,40.0,4.0,2.0,2.0,7.5,50.94,0.2857142857142857,3.0,1.0,0.0,2.0,WUR
UREBDLICKHMUKA,O=C1C=CC2C(=C1)CC[C@@H]1C2CCC2CCC[C@H]21,393.207336425781,57.0,2.0,4.0,0.0,8.0,94.83000000000001,0.21428571428571427,0.0,5.0,0.0,1.0,WUR
USRKFGIXLGKMKU,c1ccc2scnc2c1,382.16015625,50.0,6.0,2.0,2.0,9.0,80.32,0.3076923076923077,3.0,3.0,1.0,1.0,WUR
UTOHZQYBSYOOGC,O=c1[nH][nH]cc1-c1ccccc1,332.142761230469,44.0,4.0,2.0,2.0,10.5,70.02000000000001,0.2608695652173913,3.0,2.0,1.0,0.0,WUR
UURAUHCOJAIIRQ,O=C1CC[C@]23CCCCCC(CCC2)[C@H]13,494.329803466797,81.0,9.0,3.0,0.0,6.0,66.84,0.17647058823529413,1.0,4.0,1.0,0.0,WUR
UVBUBMSSQKOIBE,__ACYCLIC__UVBUBMSSQKOIBE,722.395874023438,109.0,29.0,0.0,0.0,6.0,288.51,0.32,1.0,15.0,0.0,0.0,WUR
UWVQIROCRJWDKL,O=C1OCCN1Nc1ccccc1,279.134063720703,38.0,4.0,2.0,1.0,7.0,59.080000000000005,0.3,2.0,4.0,0.0,0.0,WUR
UWYHMGVUTGAWSP,O=C(N[C@@H]1C(=O)N2CCS[C@H]12)c1conc1-c1ccccc1,402.111633300781,47.0,4.0,4.0,2.0,12.5,112.74000000000001,0.32142857142857145,3.0,5.0,1.0,0.0,WUR
VACCAVUAMIDAGB,O=S(=O)(Nc1nncs1)c1ccccc1,271.031616210938,27.0,3.0,2.0,2.0,9.5,97.97,0.47058823529411764,4.0,2.0,2.0,0.0,WUR
VAOCPAMSLUNLGC,c1c[nH]cn1,172.071640014648,21.0,3.0,1.0,1.0,4.5,81.19,0.5,3.0,3.0,0.0,0.0,WUR
VBCVPMMZEGZULK,O=C(Nc1ccccc1)N1COC2Cc3ccccc3C2=N1,528.078186035156,53.0,3.0,4.0,2.0,14.0,106.97,0.3888888888888889,3.0,7.0,0.0,4.0,WUR
VEQOALNAAJBPNY,O=c1cc[nH]n1-c1ccccc1,189.102203369141,26.0,1.0,2.0,2.0,8.5,26.93,0.21428571428571427,2.0,1.0,0.0,0.0,WUR
VEVZCONIUDBCDC,c1ccc(Cc2cncnc2)cc1,313.115859985352,37.0,4.0,2.0,2.0,8.0,55.24,0.3181818181818182,2.0,2.0,0.0,3.0,WUR
VGHPMIFEKOFHHQ,O=S(=O)(Nc1ccccc1)c1nc2ncccn2n1,418.014282226563,39.0,5.0,3.0,3.0,13.0,107.71000000000001,0.46153846153846156,5.0,4.0,1.0,2.0,WUR
VHCNQEUWZYOAEV,O=c1[nH]cnnc1-c1ccccc1,203.092666625977,25.0,1.0,2.0,2.0,9.0,73.8,0.3333333333333333,4.0,1.0,0.0,0.0,WUR
VHRSUDSXCMQTMA,O=C1C=CC2C(=C1)CC[C@H]1[C@@H]3CCCC3CC[C@H]21,375.216827392578,57.0,2.0,4.0,0.0,8.0,94.83000000000001,0.18518518518518517,0.0,5.0,0.0,0.0,WUR
VJYFKVYYMZPMAB,__ACYCLIC__VJYFKVYYMZPMAB,243.063613891602,32.0,8.0,0.0,0.0,1.0,26.3,0.38461538461538464,0.0,2.0,2.0,0.0,WUR
VLTNWNUPWHBSQY,O=C1C=CC2C(=C1)CC[C@H]1[C@@H]3CCCC3CC[C@H]21,303.195587158203,48.0,0.0,4.0,0.0,7.0,57.53,0.13636363636363635,0.0,3.0,0.0,0.0,WUR
VLYWMPOKSSWJAL,O=S(=O)(Nc1cccnn1)c1ccccc1,281.0703125,31.0,4.0,2.0,2.0,10.0,107.2,0.42105263157894735,4.0,3.0,1.0,0.0,WUR
VNENJHUOPQAPAT,c1ccc2[nH]c(-c3cscn3)nc2c1,218.038452148438,22.0,1.0,3.0,3.0,10.5,61.800000000000004,0.3333333333333333,3.0,1.0,1.0,0.0,WUR
VNKBTWQZTQIWDV,O=c1[nH]c2ncccc2o1,324.981384277344,29.0,5.0,2.0,2.0,9.0,83.56,0.5263157894736842,2.0,5.0,1.0,1.0,WUR
VOEYXMAFNDNNED,c1ccccc1,166.086334228516,23.0,1.0,1.0,1.0,5.0,41.82000000000001,0.25,1.0,2.0,0.0,0.0,WUR
VOWAEIGWURALJQ,O=C(OC1CCCCC1)c1ccccc1C(=O)OC1CCCCC1,331.190216064453,50.0,4.0,3.0,1.0,8.0,52.60000000000001,0.16666666666666666,0.0,4.0,0.0,0.0,WUR
VTFZEBCYVXMEBB,c1ccccc1,325.032958984375,36.0,7.0,1.0,1.0,7.0,61.830000000000005,0.42105263157894735,0.0,5.0,2.0,0.0,WUR
VTNQPKFIQCLBDU,c1ccccc1,270.125823974609,38.0,6.0,1.0,1.0,5.0,29.54,0.2222222222222222,1.0,2.0,0.0,1.0,WUR
VUTHWSUXEOILTN,c1ccccc1,295.040252685547,33.0,5.0,1.0,1.0,7.0,78.9,0.4444444444444444,0.0,6.0,1.0,0.0,WUR
VWUXBMIQPBEWFH,c1ccc2c(c1)CC[C@@H]1[C@@H]2CCC2CCC[C@H]21,607.324157714844,88.0,14.0,4.0,1.0,8.0,57.53,0.21951219512195122,0.0,3.0,1.0,5.0,WUR
VXTGHWHFYNYFFV,c1ccc2[nH]cnc2c1,282.090637207031,34.0,4.0,2.0,2.0,9.0,84.08,0.3684210526315789,3.0,3.0,1.0,0.0,WUR
VZFRNCSOCOPNDB,C1CCNC1,312.1443176269535,43.0,7.0,1.0,0.0,6.0,123.93,0.3181818181818182,1.0,6.0,0.0,0.0,WUR
WAIJIHDWAKJCBX,O=C1C=CC2C(=C1)CC[C@@H]1C2CCC2CCC[C@H]21,379.191589355469,54.0,2.0,4.0,0.0,8.0,94.83000000000001,0.2222222222222222,0.0,5.0,0.0,1.0,WUR
WFDXOXNFNRHQEC,c1ccc(Oc2cc(Oc3ccccc3)ncn2)cc1,404.1244354248045,47.0,7.0,3.0,3.0,16.0,103.56,0.26666666666666666,3.0,5.0,0.0,0.0,WUR
WFKSADNZWSKCRZ,c1ccccc1,312.136199951172,43.0,7.0,1.0,1.0,6.0,46.61,0.23809523809523808,1.0,3.0,0.0,1.0,WUR
WFTHOCDLKYPFJX,c1ccccc1,296.113037109375,38.0,6.0,1.0,1.0,7.0,104.14000000000001,0.3333333333333333,1.0,6.0,0.0,0.0,WUR
WINHLTQNRABBSW,O=C(c1ccccc1)c1ccc2nc[nH]c2c1,256.088119506836,29.0,2.0,3.0,3.0,12.0,71.77,0.2631578947368421,3.0,1.0,0.0,1.0,WUR
WJCNZQLZVWNLKY,c1ccc2[nH]c(-c3cscn3)nc2c1,202.043487548828,21.0,1.0,3.0,3.0,10.5,41.57,0.2857142857142857,3.0,0.0,1.0,0.0,WUR
WKEDVNSFRWHDNR,O=C(Nc1ccccc1)c1ccccc1,214.086181640625,27.0,2.0,2.0,2.0,9.0,49.33,0.1875,1.0,2.0,0.0,0.0,WUR
WKGKFWXGAHXMCE,c1ccccc1,301.120086669922,41.0,9.0,1.0,1.0,5.0,44.760000000000005,0.25,0.0,4.0,0.0,1.0,WUR
WLFDQEVORAMCIM,c1ccccc1,259.007965087891,25.0,2.0,1.0,1.0,5.0,41.57,0.35714285714285715,2.0,2.0,0.0,1.0,WUR
WPCVRWVBBXIRMA,O=C1OCCc2c1c(=O)oc1c3c(ccc21)O[C@H]1OCC[C@@H]31,331.0814514160155,38.0,1.0,5.0,2.0,12.5,84.20000000000002,0.2916666666666667,0.0,7.0,0.0,0.0,WUR
WRPIRSINYZBGPK,c1ccc(Oc2ccnc3ccccc23)cc1,308.004272460938,28.0,2.0,3.0,3.0,11.5,22.12,0.25,1.0,1.0,0.0,3.0,WUR
WTPBIYSMFKUQKY,c1ccc2[nH]cnc2c1,240.079986572266,29.0,3.0,2.0,2.0,9.0,88.84,0.375,3.0,2.0,1.0,0.0,WUR
WURBVZBTWMNKQT,c1ccc(OCn2cncn2)cc1,294.100616455078,36.0,4.0,2.0,2.0,8.5,57.010000000000005,0.3,3.0,2.0,0.0,1.0,WUR
WURGXGVFSMYFCG,c1ccccc1,332.96980285644497,29.0,5.0,1.0,1.0,6.0,40.620000000000005,0.5,2.0,2.0,2.0,3.0,WUR
WVLAAKXASPCBGT,O=c1[nH]c(=O)c2c(ncn2CCCNCCc2ccccc2)[nH]1,390.177459716797,51.0,7.0,3.0,3.0,13.0,134.54000000000002,0.35714285714285715,5.0,5.0,0.0,0.0,WUR
WVQBLGZPHOPPFO,c1ccccc1,284.141510009766,41.0,6.0,1.0,1.0,5.0,29.54,0.21052631578947367,1.0,2.0,0.0,1.0,WUR
WWYNJERNGUHSAO,O=C1C=C2CC[C@@H]3[C@H](CCC4CCC[C@H]43)[C@H]2CC1,313.21662902832054,51.0,1.0,4.0,0.0,8.0,37.3,0.08695652173913043,0.0,2.0,0.0,0.0,WUR
WXURHACBFYSXBI,O=C1C=CC2C(=C1)CC[C@@H]1C2CCC2CCC[C@H]21,411.197692871094,57.0,2.0,4.0,0.0,8.0,94.83,0.2413793103448276,0.0,5.0,0.0,2.0,WUR
WXZVAROIGSFCFJ,c1ccc2ccccc2c1,272.16465759277355,41.0,5.0,2.0,2.0,8.5,29.540000000000003,0.15,1.0,2.0,0.0,0.0,WUR
WYEHFWKAOXOVJD,O=C(Nc1ccccc1)c1cccnc1Oc1ccccc1,395.081237792969,39.0,4.0,3.0,3.0,13.0,51.22,0.32142857142857145,2.0,2.0,0.0,5.0,WUR
WYEMLYFITZORAB,O=C(Nc1ccccc1-c1ccccc1)c1cccnc1,343.040283203125,35.0,3.0,3.0,3.0,13.0,41.99,0.21739130434782608,2.0,1.0,0.0,2.0,WUR
WYKYKTKDBLFHCY,O=c1cccnn1-c1ccccc1,222.043060302734,23.0,1.0,2.0,2.0,9.0,60.910000000000004,0.3333333333333333,3.0,1.0,0.0,1.0,WUR
WYMSBXTXOHUIGT,c1ccccc1,276.063140869141,32.0,7.0,1.0,1.0,6.0,87.9,0.4444444444444444,1.0,6.0,0.0,0.0,WUR
WYVVKGNFXHOCQV,__ACYCLIC__WYVVKGNFXHOCQV,281.998748779297,24.0,4.0,0.0,0.0,3.0,38.33,0.3333333333333333,1.0,2.0,0.0,1.0,WUR
XCGSFFUVFURLIX,O=C(NC1OC2[C@@H]3CCCN3C(=O)[C@H](Cc3ccccc3)N2C1=O)[C@@H]1C=C2c3cccc4[nH]cc(c34)C[C@H]2NC1,582.271545410156,78.0,4.0,8.0,3.0,20.0,118.21000000000001,0.23255813953488372,5.0,5.0,0.0,0.0,WUR
XCSGPAVHZFQHGE,c1ccccc1,270.125732421875,38.0,6.0,1.0,1.0,5.0,29.54,0.2222222222222222,1.0,2.0,0.0,1.0,WUR
XDNBJTQLKCIJBV,c1ccccc1,309.0381469726565,35.0,7.0,1.0,1.0,6.0,44.760000000000005,0.3888888888888889,0.0,4.0,2.0,0.0,WUR
XIXHUNCZQIRQOG,c1ccc(CNC2CCCC2)cc1,210.10466003418,30.0,3.0,2.0,1.0,5.0,12.03,0.14285714285714285,1.0,0.0,0.0,1.0,WUR
XKJMBINCVNINCA,c1ccccc1,249.019409179688,25.0,2.0,1.0,1.0,5.0,41.57,0.4,2.0,2.0,0.0,2.0,WUR
XLDBGFGREOMWSL,C(=Nc1ccccc1)=Nc1ccccc1,363.279357910156,61.0,6.0,2.0,2.0,10.0,24.72,0.07407407407407407,2.0,0.0,0.0,0.0,WUR
XMJFVIGTHMOGNZ,C1CCOCC1,388.073394775391,45.0,8.0,1.0,0.0,5.0,166.10999999999999,0.5,1.0,9.0,2.0,0.0,WUR
XMTQQYYKAHVGBJ,c1ccccc1,233.024536132813,24.0,1.0,1.0,1.0,5.0,32.34,0.35714285714285715,2.0,1.0,0.0,2.0,WUR
XNKARWLGLZGMGX,c1ccccc1,257.093902587891,34.0,6.0,1.0,1.0,5.0,35.53,0.23529411764705882,0.0,3.0,0.0,1.0,WUR
XOXHILFPRYWFOD,O=S(=O)(Nc1cccnn1)c1ccccc1,285.020599365234,27.0,3.0,2.0,2.0,10.0,97.97,0.4444444444444444,4.0,2.0,1.0,1.0,WUR
XOZLRRYPUKAKMU,O=c1cc[nH]n1-c1ccccc1,246.160186767578,37.0,3.0,2.0,2.0,8.5,38.96,0.2222222222222222,3.0,1.0,0.0,0.0,WUR
XQYZDYMELSJDRZ,c1ccc(Cc2nccc3ccccc23)cc1,340.154510498047,46.0,6.0,3.0,3.0,11.5,49.81,0.2,1.0,4.0,0.0,0.0,WUR
XQZXYNRDCRIARQ,c1ccccc1,777.861999511719,53.0,10.0,1.0,1.0,7.0,188.45,0.45161290322580644,3.0,8.0,0.0,3.0,WUR
XVOKUMIPKHGGTN,O=C1CN=C(c2ccccn2)N1,290.150238037109,40.0,4.0,2.0,1.0,8.0,91.65,0.2857142857142857,3.0,3.0,0.0,0.0,WUR
XVPBINOPNYFXID,O=C1CCC[C@@H]2[C@H]3CCC[NH+]4CCC[C@@H](CN12)[C@@H]34,265.191436767578,43.0,0.0,4.0,0.0,5.0,43.37,0.21052631578947367,2.0,2.0,0.0,0.0,WUR
XWALNWXLMVGSFR,O=C1C=CC2C(=C1)CC[C@H]1[C@@H]3CCCC3CC[C@H]21,301.216186523438,50.0,0.0,4.0,0.0,7.0,37.3,0.09090909090909091,0.0,2.0,0.0,0.0,WUR
XWIYFDMXXLINPU,O=C1OCCc2c1c(=O)oc1c3c(ccc21)O[C@H]1OC=C[C@@H]31,329.065643310547,36.0,1.0,5.0,2.0,13.5,84.20000000000002,0.2916666666666667,0.0,7.0,0.0,0.0,WUR
XWMMHXRGYYPFAV,c1ccccc1,304.930358886719,24.0,4.0,1.0,1.0,5.0,44.760000000000005,0.5,0.0,4.0,0.0,3.0,WUR
XWTYSIMOBUGWOL,c1ccccc1,226.143859863281,35.0,3.0,1.0,1.0,4.0,72.72,0.25,1.0,3.0,0.0,0.0,WUR
YBBLVLTVTVSKRW,c1ccc(Cn2cncn2)cc1,294.171600341797,41.0,4.0,2.0,2.0,11.5,78.28999999999999,0.22727272727272727,5.0,0.0,0.0,0.0,WUR
YEZNLOUZAIOMLT,c1ccc(Nc2ccccc2)cc1,262.06291198730503,30.0,3.0,2.0,2.0,9.0,49.33,0.2222222222222222,1.0,2.0,0.0,1.0,WUR
YFAGHNZHGGCZAX,O=C(N[C@@H]1C(=O)N2CCS[C@H]12)c1conc1-c1ccccc1,470.034027099609,47.0,4.0,4.0,2.0,12.5,112.74000000000001,0.36666666666666664,3.0,5.0,1.0,2.0,WUR
YFBPRJGDJKVWAH,c1ccccc1,226.089614868164,30.0,2.0,1.0,1.0,5.0,38.33,0.26666666666666666,1.0,2.0,1.0,0.0,WUR
YFGYUFNIOHWBOB,c1cncnc1,239.150131225586,35.0,2.0,1.0,1.0,5.0,58.56000000000001,0.35294117647058826,4.0,2.0,0.0,0.0,WUR
YKBZOVFACRVRJN,C1CCOC1,203.113967895508,28.0,3.0,1.0,0.0,3.0,88.78999999999999,0.5,4.0,3.0,0.0,0.0,WUR
YKKQAXQGZIBJFS,c1ccccc1,234.160095214844,36.0,3.0,1.0,1.0,6.0,82.07,0.23529411764705882,3.0,1.0,0.0,0.0,WUR
YOSHYTLCDANDAN,O=C1N(Cc2ccc(-c3ccccc3-c3nnn[nH]3)cc2)C=NC12CCCC2,429.240661621094,60.0,7.0,5.0,3.0,15.5,87.13,0.21875,6.0,1.0,0.0,0.0,WUR
YOUGRGFIHBUKRS,c1ccccc1,150.127883911133,27.0,2.0,1.0,1.0,4.0,0.0,0.09090909090909091,1.0,0.0,0.0,0.0,WUR
YOWNVPAUWYHLQX,O=C(NC(=O)c1ccccc1)Nc1cccc(Oc2ccccn2)c1,506.009857177734,43.0,4.0,3.0,3.0,14.0,80.32000000000001,0.3939393939393939,3.0,3.0,0.0,7.0,WUR
YQIGLEFUZMIVHU,__ACYCLIC__YQIGLEFUZMIVHU,128.106918334961,22.0,2.0,0.0,0.0,2.0,29.1,0.2222222222222222,1.0,1.0,0.0,0.0,WUR
YREQHYQNNWYQCJ,c1ccc(CCOCc2cccc(Oc3ccccc3)c2)cc1,394.237701416016,56.0,9.0,3.0,3.0,12.0,27.69,0.10714285714285714,0.0,3.0,0.0,0.0,WUR
YUAUPYJCVKNAEC,c1ccc(N=c2[nH]ccs2)cc1,219.095306396484,29.0,1.0,2.0,2.0,8.5,17.29,0.2,2.0,0.0,1.0,0.0,WUR
YWBVHLJPRPCRSD,O=c1c(-c2ccccc2)c[nH]cc1-c1ccccc1,330.11054992675804,38.0,2.0,3.0,3.0,13.0,22.0,0.20833333333333334,1.0,1.0,0.0,3.0,WUR
YWTYJOPNNQFBPC,N=C1NCCN1Cc1cccnc1,256.059844970703,27.0,3.0,2.0,1.0,7.0,83.66,0.47058823529411764,5.0,2.0,0.0,1.0,WUR
YXALYBMHAYZKAP,O=C(OCC1CCC2OC2C1)C1CCC2OC2C1,253.143249511719,38.0,3.0,4.0,0.0,5.0,51.36,0.2222222222222222,0.0,4.0,0.0,0.0,WUR
YYJNOYZRYGDPNH,C(=N\OCc1ccccc1)/c1cn[nH]c1Oc1ccccc1,422.207550048828,58.0,7.0,3.0,3.0,13.5,74.94,0.22580645161290322,3.0,4.0,0.0,0.0,WUR
ZACLXWTWERGCLX,C=C1C2CC[C@H]1O[C@@H]1C=CC(=O)CC21,281.13856506347645,40.0,1.0,3.0,0.0,6.0,86.99000000000001,0.25,0.0,5.0,0.0,0.0,WUR
ZCJPOPBZHLUFHF,c1ccccc1,304.113220214844,41.0,7.0,1.0,1.0,5.0,47.56,0.3157894736842105,1.0,3.0,1.0,0.0,WUR
ZCTYHONEGJTYQV,c1ccccc1,152.106475830078,24.0,3.0,1.0,1.0,4.0,32.26,0.18181818181818182,1.0,1.0,0.0,0.0,WUR
ZDHCJEIGTNNEMY,O=C1C=C2CC[C@@H]3[C@H](CCC4CCC[C@H]43)[C@H]2CC1,303.232025146484,52.0,1.0,4.0,0.0,6.0,37.3,0.09090909090909091,0.0,2.0,0.0,0.0,WUR
ZDHYERRNXRANLI,c1ccccc1,311.017333984375,33.0,5.0,1.0,1.0,7.0,61.830000000000005,0.4444444444444444,0.0,5.0,2.0,0.0,WUR
ZEGLQSKFSKZGRO,C1CCOCC1,404.06825256347645,46.0,8.0,1.0,0.0,5.0,186.33999999999997,0.52,1.0,10.0,2.0,0.0,WUR
ZISFCTXLAXIEMV,O=C(NCc1ccccc1)c1ccccc1,390.166534423828,51.0,9.0,2.0,2.0,10.0,122.96000000000001,0.32142857142857145,3.0,6.0,0.0,0.0,WUR
ZKLXUUYLEHCAMF,C1=C[C@@H]2Oc3cccc4c3[C@@]23CCN[C@H](C4)C3=C1,298.143951416016,41.0,1.0,5.0,1.0,10.0,41.93000000000001,0.18181818181818182,1.0,3.0,0.0,0.0,WUR
ZLIBICFPKPWGIZ,c1ccc(Nc2ncccn2)cc1,200.118362426758,28.0,2.0,2.0,2.0,8.0,37.81,0.2,3.0,0.0,0.0,0.0,WUR
ZNOLGFHPUIJIMJ,c1ccccc1,278.024963378906,29.0,5.0,1.0,1.0,6.0,70.83000000000001,0.47058823529411764,1.0,5.0,1.0,0.0,WUR
ZNRZGJAHNMGWQN,c1ccccc1,263.050354003906,31.0,5.0,1.0,1.0,5.0,44.760000000000005,0.375,0.0,4.0,1.0,0.0,WUR
ZOGDSYNXUXQGHF,O=C1C=CCC(c2ccccc2)C1,400.248474121094,62.0,8.0,2.0,1.0,9.0,75.96000000000001,0.1724137931034483,1.0,4.0,0.0,0.0,WUR
ZPUCINDJVBIVPJ,O=C(O[C@@H]1C[C@H]2CC[C@@H](C1)N2)c1ccccc1,304.154449462891,43.0,3.0,3.0,1.0,8.0,55.84,0.22727272727272727,1.0,4.0,0.0,0.0,WUR
ZQEIXNIJLIKNTD,c1ccccc1,280.154418945313,41.0,5.0,1.0,1.0,6.0,55.84,0.25,1.0,4.0,0.0,0.0,WUR
ZRVUJXDFFKFLMG,O=C(Nc1nccs1)C1=Cc2ccccc2S(=O)(=O)N1,352.042297363281,36.0,2.0,3.0,2.0,12.5,99.6,0.391304347826087,3.0,4.0,2.0,0.0,WUR
ZTMKADLOSYKWCA,O=c1[nH]c2c(c(=O)n1C1CCCCC1)CCC2,235.144088745117,35.0,1.0,3.0,1.0,8.0,54.86,0.23529411764705882,2.0,2.0,0.0,0.0,WUR
ZXDDPOHVAMWLBH,O=C(c1ccccc1)c1ccccc1,215.06999206543,26.0,2.0,2.0,2.0,9.0,57.53,0.1875,0.0,3.0,0.0,0.0,WUR
ZXSWTMLNIIZPET,O=C1C=C2CC[C@@H]3[C@H](CCC4CCC[C@H]43)[C@H]2CC1,289.216369628906,49.0,0.0,4.0,0.0,6.0,37.3,0.09523809523809523,0.0,2.0,0.0,0.0,WUR
ZYGHJZDHTFUPRJ,O=c1ccc2ccccc2o1,147.0439453125,17.0,0.0,2.0,2.0,8.5,30.21,0.18181818181818182,0.0,2.0,0.0,0.0,WUR
ZZYSLNWGKKDOML,O=C(NCc1ccccc1)c1ccn[nH]1,334.168426513672,47.0,4.0,2.0,2.0,8.5,46.92,0.21739130434782608,3.0,1.0,0.0,1.0,WUR
