case_id,family_id,variant,truth_family,truth_support,truth_relationship,g2_event_sealed,g2_success,first_failure_point,first_failure_stage_coarse,root_cause_class,first_failure_detail,grammar_representable,classifier_label_reachable,operators_missing_from_grammar,seeds_completed,seeds_parsed,seeds_with_support_match,seeds_with_family_match,seeds_with_g2_success,seeds_unevaluable,truth_equivalent_ever_generated,best_truth_equivalent_seed_share,identity_class_count,identity_classes_holding_correct,largest_identity_class_size,selection_count_sealed,selection_count_replayed,cross_seed_replay_reproduces_seal,survived_cross_seed_selection,label_rule_would_have_won,label_class_count,label_winner_size,oracle_any_seed_correct,winning_class_support_status,winning_class_family_status,sealed_support_status,sealed_family_status,sealed_discovered_family,sealed_discovered_expression,modal_discovered_family,parser_lost_candidate,mean_valid_r2_correct_seeds,mean_valid_r2_incorrect_seeds,mean_complexity_correct_seeds,mean_complexity_incorrect_seeds,delta_valid_r2_correct_minus_incorrect,delta_complexity_correct_minus_incorrect,coefficient_fit_indicator_winning_class_distinct_coef_vectors,winning_class_distinct_expression_strings,a1_status,acceptance_status,acceptance_gate_reached,valid_r2,complexity,descriptor_sd,mass_range_ratio
PB|held_out|F01|r000,F01,F01,mass_affine_descriptor,descriptor|mass,sqrt(mass) * (1 + coefficient * descriptor),FAILURE,False,SELECTION_WITHIN_SEED_RETENTION,SELECTION_VOTING,SELECTION_FAILURE,7/30 seeds produced a G2-correct candidate but the largest identity class was a different expression (winner held 11 votes),True,True,,30,30,16,7,7,9,True,0.23333333333333334,20,7,11,11,11,True,False,False,3,14,True,MISMATCH,MISMATCH,MISMATCH,MISMATCH,mass_power,sqrt(x0) * 0.062147498,mass_power,False,0.9996863663115914,0.935938688903749,9.714285714285714,6.6521739130434785,0.06374767740784237,3.062111801242235,8,8,M0_NOT_REJECTED,REJECTED_UNSTABLE,stability,0.8904754897774495,4,0.17918707460317101,4.522091678493538
PB|held_out|F01|r001,F01,F01,mass_affine_descriptor,descriptor|mass,sqrt(mass) * (1 + coefficient * descriptor),UNEVALUABLE,False,SELECTION_WITHIN_SEED_RETENTION,SELECTION_VOTING,SELECTION_FAILURE,14/30 seeds produced a G2-correct candidate but the largest identity class was a different expression (winner held 1 votes),True,True,,29,29,29,14,14,16,True,0.4666666666666667,29,14,1,1,1,True,False,False,2,15,True,MATCH,FAMILY_UNRESOLVED,MATCH,FAMILY_UNRESOLVED,,sqrt(x1 + (x0 * 0.006731934)) + -0.45119894,None,False,0.9973196361198474,0.994143624530493,8.714285714285714,10.0,0.0031760115893544327,-1.2857142857142865,1,1,M0_NOT_REJECTED,REJECTED_UNSTABLE,stability,0.9694673054601454,8,0.22253205518729788,4.110879989587676
PB|held_out|F01|r002,F01,F01,mass_affine_descriptor,descriptor|mass,sqrt(mass) * (1 + coefficient * descriptor),SUCCESS,True,NONE,NONE,NONE_SUCCESS,case is a G2 success,True,True,,30,30,28,8,8,19,True,0.26666666666666666,30,8,1,1,1,True,True,False,4,19,True,MATCH,MATCH,MATCH,MATCH,mass_affine_descriptor,((x0 * 0.0051254034) + (x1 + 0.8908386)) / 2.7648299,None,False,0.9673288890258609,0.9685389739516512,10.0,9.818181818181818,-0.0012100849257903334,0.18181818181818166,1,1,M0_NOT_REJECTED,REJECTED_UNSTABLE,stability,0.996370040318797,9,0.2044653914043467,5.922691787879838
PB|held_out|F01|r003,F01,F01,mass_affine_descriptor,descriptor|mass,sqrt(mass) * (1 + coefficient * descriptor),FAILURE,False,SELECTION_WITHIN_SEED_RETENTION,SELECTION_VOTING,SELECTION_FAILURE,8/30 seeds produced a G2-correct candidate but the largest identity class was a different expression (winner held 5 votes),True,True,,30,30,24,8,8,16,True,0.26666666666666666,26,8,5,5,5,True,False,False,3,16,True,MISMATCH,MISMATCH,MISMATCH,MISMATCH,mass_power,sqrt(x0 / 255.70537),None,False,0.9993592428515514,0.9563184280535464,8.75,9.363636363636363,0.043040814798005034,-0.6136363636363633,5,5,M0_NOT_REJECTED,REJECTED_UNSTABLE,stability,0.8599393320157457,4,0.19161499132564622,3.447669272589205
PB|held_out|F01|r004,F01,F01,mass_affine_descriptor,descriptor|mass,sqrt(mass) * (1 + coefficient * descriptor),FAILURE,False,SELECTION_WITHIN_SEED_RETENTION,SELECTION_VOTING,SELECTION_FAILURE,10/30 seeds produced a G2-correct candidate but the largest identity class was a different expression (winner held 3 votes),True,True,,30,30,23,10,10,12,True,0.3333333333333333,28,10,3,3,3,True,False,False,4,12,True,MISMATCH,MISMATCH,MISMATCH,MISMATCH,mass_power,sqrt(x0) * 0.06539702,None,False,0.9982803889135919,0.974273931137039,9.4,8.5,0.02400645777655297,0.9000000000000004,2,2,M0_NOT_REJECTED,REJECTED_UNSTABLE,stability,0.9024777065761177,4,0.2167749465909128,5.001595010980741
PB|held_out|F01|r005,F01,F01,mass_affine_descriptor,descriptor|mass,sqrt(mass) * (1 + coefficient * descriptor),SUCCESS,True,NONE,NONE,NONE_SUCCESS,case is a G2 success,True,True,,30,30,29,16,16,12,True,0.5333333333333333,30,16,1,1,1,True,True,True,4,16,True,MATCH,MATCH,MATCH,MATCH,mass_affine_descriptor,(0.0020338944 / inv(x0)) + ((x1 + 0.7706935) * 0.421751),mass_affine_descriptor,False,0.9982527400934527,0.9841826517682922,9.0625,11.142857142857142,0.014070088325160435,-2.0803571428571423,1,1,M0_NOT_REJECTED,REJECTED_UNSTABLE,stability,0.9980302139967067,10,0.16574131356725272,4.563319723021405
PB|held_out|F01|r006,F01,F01,mass_affine_descriptor,descriptor|mass,sqrt(mass) * (1 + coefficient * descriptor),FAILURE,False,SELECTION_WITHIN_SEED_RETENTION,SELECTION_VOTING,SELECTION_FAILURE,8/30 seeds produced a G2-correct candidate but the largest identity class was a different expression (winner held 3 votes),True,True,,30,30,25,8,8,16,True,0.26666666666666666,27,7,3,3,3,True,False,False,4,16,True,MISMATCH,MISMATCH,MISMATCH,MISMATCH,mass_power,sqrt(x0) * 0.058900516,None,False,0.9987993787015467,0.978700270062841,9.25,8.727272727272727,0.020099108638705676,0.5227272727272734,2,2,M0_NOT_REJECTED,REJECTED_UNSTABLE,stability,0.893642733632896,4,0.1920718742507448,4.040354703844936
PB|held_out|F01|r007,F01,F01,mass_affine_descriptor,descriptor|mass,sqrt(mass) * (1 + coefficient * descriptor),FAILURE,False,SELECTION_WITHIN_SEED_RETENTION,SELECTION_VOTING,SELECTION_FAILURE,9/30 seeds produced a G2-correct candidate but the largest identity class was a different expression (winner held 6 votes),True,True,,30,30,23,9,9,14,True,0.3,24,9,6,6,6,True,False,False,3,14,True,MISMATCH,MISMATCH,MISMATCH,MISMATCH,mass_power,sqrt(x0 / 255.69539),None,False,0.9982001804220517,0.8770548265510728,8.666666666666666,8.523809523809524,0.12114535387097891,0.14285714285714235,5,5,M0_NOT_REJECTED,REJECTED_UNSTABLE,stability,0.6364309553965466,4,0.21725505233344689,6.051089674930312
PB|held_out|F01|r008,F01,F01,mass_affine_descriptor,descriptor|mass,sqrt(mass) * (1 + coefficient * descriptor),FAILURE,False,SELECTION_CROSS_SEED_IDENTITY,SELECTION_VOTING,CANONICALIZATION_EQUIVALENCE_FAILURE,12/30 seeds produced a G2-correct candidate but the largest identity class was a different expression (winner held 5 votes),True,True,,30,30,24,12,12,12,True,0.4,26,12,5,5,5,True,False,True,5,12,True,MISMATCH,MISMATCH,MISMATCH,MISMATCH,mass_power,sqrt(x0) * 0.062538885,None,False,0.999686943328505,0.9322251417361903,8.333333333333334,8.055555555555555,0.06746180159231474,0.27777777777777857,2,2,M0_NOT_REJECTED,REJECTED_UNSTABLE,stability,0.8268688620412761,4,0.20559328344716285,6.107158064977455
PB|held_out|F01|r009,F01,F01,mass_affine_descriptor,descriptor|mass,sqrt(mass) * (1 + coefficient * descriptor),FAILURE,False,SELECTION_WITHIN_SEED_RETENTION,SELECTION_VOTING,SELECTION_FAILURE,7/30 seeds produced a G2-correct candidate but the largest identity class was a different expression (winner held 9 votes),True,True,,30,30,14,7,7,7,True,0.23333333333333334,21,7,9,9,9,True,False,False,3,16,True,MISMATCH,MISMATCH,MISMATCH,MISMATCH,mass_power,sqrt(x0) * 0.061873965,mass_power,False,0.9993318645183027,0.9519107150860684,8.857142857142858,6.826086956521739,0.0474211494322343,2.0310559006211184,6,6,M0_NOT_REJECTED,REJECTED_UNSTABLE,stability,0.9182714544381265,4,0.21317295384518695,4.48401120434208
PB|held_out|F01|r010,F01,F01,mass_affine_descriptor,descriptor|mass,sqrt(mass) * (1 + coefficient * descriptor),FAILURE,False,SELECTION_WITHIN_SEED_RETENTION,SELECTION_VOTING,SELECTION_FAILURE,8/30 seeds produced a G2-correct candidate but the largest identity class was a different expression (winner held 2 votes),True,True,,30,30,27,8,8,18,True,0.26666666666666666,29,8,2,2,2,True,False,False,4,18,True,MISMATCH,MISMATCH,MISMATCH,MISMATCH,mass_power,sqrt(x0) * 0.06344556,None,False,0.9974759211440514,0.9873040866456642,9.5,10.181818181818182,0.010171834498387211,-0.6818181818181817,1,1,M0_NOT_REJECTED,REJECTED_UNSTABLE,stability,0.91041081581247,4,0.19745258480658232,4.544415354115241
PB|held_out|F01|r011,F01,F01,mass_affine_descriptor,descriptor|mass,sqrt(mass) * (1 + coefficient * descriptor),FAILURE,False,SELECTION_WITHIN_SEED_RETENTION,SELECTION_VOTING,SELECTION_FAILURE,7/30 seeds produced a G2-correct candidate but the largest identity class was a different expression (winner held 9 votes),True,True,,30,30,13,7,7,7,True,0.23333333333333334,21,7,9,9,9,True,False,False,4,16,True,MISMATCH,MISMATCH,MISMATCH,MISMATCH,mass_power,sqrt(x0) * 0.059104037,mass_power,False,0.9999963388410452,0.9379081836134852,8.714285714285714,6.739130434782608,0.06208815522756006,1.975155279503105,6,7,M0_NOT_REJECTED,REJECTED_UNSTABLE,stability,0.913033836131435,4,0.1959677480952298,9.136298861912028
PB|held_out|F02|r000,F02,F02,mass_affine_descriptor,descriptor|mass,sqrt(mass) * (1 + coefficient * descriptor),FAILURE,False,GENERATION,GENERATION,SEARCH_GENERATION_FAILURE,no seed's retained candidate matched truth support or truth family,True,True,,30,30,0,0,0,0,False,0.0,4,0,23,23,23,True,False,False,1,30,False,MISMATCH,MISMATCH,MISMATCH,MISMATCH,mass_power,sqrt(x0) * 0.06344317,mass_power,False,,0.8320930339768284,,4.266666666666667,,,5,5,BOUNDARY_LIMITED,UNEVALUABLE,a1_adequacy,0.8690775377206594,4,0.21796608231594058,4.7850768719880294
PB|held_out|F02|r001,F02,F02,mass_affine_descriptor,descriptor|mass,sqrt(mass) * (1 + coefficient * descriptor),UNEVALUABLE,False,GENERATION_FAMILY,GENERATION_FAMILY,SEARCH_GENERATION_FAILURE,1/30 seeds reached the right support but no seed reached the right family,True,True,,30,30,1,0,0,30,False,0.0,3,0,28,28,28,True,False,False,2,29,False,MISMATCH,FAMILY_UNRESOLVED,MISMATCH,FAMILY_UNRESOLVED,,x1 + 0.6024689,None,False,,0.14640010273110013,,3.1666666666666665,,,1,2,BOUNDARY_LIMITED,UNEVALUABLE,a1_adequacy,0.12104849826404374,3,0.22844253205964601,4.293825627556664
PB|held_out|F02|r002,F02,F02,mass_affine_descriptor,descriptor|mass,sqrt(mass) * (1 + coefficient * descriptor),FAILURE,False,GENERATION_FAMILY,GENERATION_FAMILY,SEARCH_GENERATION_FAILURE,1/30 seeds reached the right support but no seed reached the right family,True,True,,30,30,1,0,0,7,False,0.0,6,0,22,22,22,True,False,False,3,23,False,MISMATCH,MISMATCH,MISMATCH,MISMATCH,mass_power,x0 * 0.0040673167,mass_power,False,,0.5814654227368534,,3.2666666666666666,,,9,9,BOUNDARY_LIMITED,UNEVALUABLE,a1_adequacy,0.5325391651515337,3,0.19407321843690492,4.23279350464595
PB|held_out|F02|r003,F02,F02,mass_affine_descriptor,descriptor|mass,sqrt(mass) * (1 + coefficient * descriptor),FAILURE,False,GENERATION_FAMILY,GENERATION_FAMILY,SEARCH_GENERATION_FAILURE,1/30 seeds reached the right support but no seed reached the right family,True,True,,30,30,1,0,0,11,False,0.0,11,0,18,18,18,True,False,False,3,19,False,MISMATCH,MISMATCH,MISMATCH,MISMATCH,mass_power,sqrt(x0) * 0.06390331,mass_power,False,,0.7296175026874987,,3.9,,,11,11,BOUNDARY_LIMITED,UNEVALUABLE,a1_adequacy,0.7799986778473793,4,0.24347217281965627,5.2708246225775826
PB|held_out|F02|r004,F02,F02,mass_affine_descriptor,descriptor|mass,sqrt(mass) * (1 + coefficient * descriptor),UNEVALUABLE,False,SELECTION_WITHIN_SEED_RETENTION,SELECTION_VOTING,SELECTION_FAILURE,2/30 seeds produced a G2-correct candidate but the largest identity class was a different expression (winner held 27 votes),True,True,,30,30,2,2,2,28,True,0.06666666666666667,4,2,27,27,27,True,False,False,2,28,True,MISMATCH,FAMILY_UNRESOLVED,MISMATCH,FAMILY_UNRESOLVED,,x1 + 0.6060744,None,False,0.9620537983186618,0.7816491101451896,8.0,3.0,0.18040468817347222,5.0,1,2,M0_NOT_REJECTED,REJECTED_CEILING,ceiling,0.7816493034404244,3,0.2139793627034023,4.62280549875634
PB|held_out|F02|r005,F02,F02,mass_affine_descriptor,descriptor|mass,sqrt(mass) * (1 + coefficient * descriptor),FAILURE,False,GENERATION,GENERATION,SEARCH_GENERATION_FAILURE,no seed's retained candidate matched truth support or truth family,True,True,,30,30,0,0,0,11,False,0.0,5,0,19,19,19,True,False,False,2,19,False,MISMATCH,MISMATCH,MISMATCH,MISMATCH,mass_power,x0 * 0.0041404516,mass_power,False,,0.7134186651783556,,3.0,,,8,8,BOUNDARY_LIMITED,UNEVALUABLE,a1_adequacy,0.7448855368127842,3,0.20394091721613616,6.169415830051182
PB|held_out|F02|r006,F02,F02,mass_affine_descriptor,descriptor|mass,sqrt(mass) * (1 + coefficient * descriptor),UNEVALUABLE,False,GENERATION,GENERATION,SEARCH_GENERATION_FAILURE,no seed's retained candidate matched truth support or truth family,True,True,,30,30,0,0,0,30,False,0.0,3,0,16,16,16,True,False,False,1,30,False,MISMATCH,FAMILY_UNRESOLVED,MISMATCH,FAMILY_UNRESOLVED,,x1 + 0.61448175,None,False,,0.3723024287296839,,3.0,,,1,2,BOUNDARY_LIMITED,UNEVALUABLE,a1_adequacy,0.37230119657721483,3,0.19609813863090755,5.279594602972547
PB|held_out|F02|r007,F02,F02,mass_affine_descriptor,descriptor|mass,sqrt(mass) * (1 + coefficient * descriptor),FAILURE,False,SELECTION_WITHIN_SEED_RETENTION,SELECTION_VOTING,SELECTION_FAILURE,1/30 seeds produced a G2-correct candidate but the largest identity class was a different expression (winner held 23 votes),True,True,,30,30,2,1,1,2,True,0.03333333333333333,8,1,23,23,23,True,False,False,4,27,True,MISMATCH,MISMATCH,MISMATCH,MISMATCH,mass_power,sqrt(x0) * 0.06497999,mass_power,False,0.9556647721822569,0.8681325486820319,8.0,4.379310344827586,0.08753222350022494,3.6206896551724137,11,11,M0_NOT_REJECTED,STRUCTURAL_ACCEPTED,all_passed,0.8593333474559858,4,0.18134111727767727,5.197761254606253
PB|held_out|F02|r008,F02,F02,mass_affine_descriptor,descriptor|mass,sqrt(mass) * (1 + coefficient * descriptor),UNEVALUABLE,False,SELECTION_WITHIN_SEED_RETENTION,SELECTION_VOTING,SELECTION_FAILURE,1/30 seeds produced a G2-correct candidate but the largest identity class was a different expression (winner held 14 votes),True,True,,30,30,5,1,1,25,True,0.03333333333333333,15,1,14,14,14,True,False,False,4,21,True,MISMATCH,FAMILY_UNRESOLVED,MISMATCH,FAMILY_UNRESOLVED,,x1 + 0.61239827,None,False,0.9702272922750921,0.8159984677389527,8.0,4.275862068965517,0.1542288245361394,3.724137931034483,1,2,BOUNDARY_LIMITED,UNEVALUABLE,a1_adequacy,0.7710434929178973,3,0.21848007422559404,5.430129042188703
PB|held_out|F02|r009,F02,F02,mass_affine_descriptor,descriptor|mass,sqrt(mass) * (1 + coefficient * descriptor),FAILURE,False,GENERATION,GENERATION,SEARCH_GENERATION_FAILURE,no seed's retained candidate matched truth support or truth family,True,True,,30,30,0,0,0,0,False,0.0,8,0,22,22,22,True,False,False,1,30,False,MISMATCH,MISMATCH,MISMATCH,MISMATCH,mass_power,sqrt(x0) * 0.060416028,mass_power,False,,0.8497989967124452,,4.366666666666666,,,9,9,BOUNDARY_LIMITED,UNEVALUABLE,a1_adequacy,0.8453753289012478,4,0.26676096270423055,4.036145757038378
PB|held_out|F02|r010,F02,F02,mass_affine_descriptor,descriptor|mass,sqrt(mass) * (1 + coefficient * descriptor),UNEVALUABLE,False,GENERATION,GENERATION,SEARCH_GENERATION_FAILURE,no seed's retained candidate matched truth support or truth family,True,True,,30,30,0,0,0,29,False,0.0,6,0,10,10,10,True,False,False,2,29,False,MISMATCH,FAMILY_UNRESOLVED,MISMATCH,FAMILY_UNRESOLVED,,x1 + 0.6169179,None,False,,0.19613043890574275,,3.066666666666667,,,1,2,BOUNDARY_LIMITED,UNEVALUABLE,a1_adequacy,0.17424041008816926,3,0.2069820196127742,4.220124235081721
PB|held_out|F02|r011,F02,F02,mass_affine_descriptor,descriptor|mass,sqrt(mass) * (1 + coefficient * descriptor),FAILURE,False,GENERATION_FAMILY,GENERATION_FAMILY,SEARCH_GENERATION_FAILURE,1/30 seeds reached the right support but no seed reached the right family,True,True,,30,30,1,0,0,7,False,0.0,11,0,20,20,20,True,False,False,3,23,False,MISMATCH,MISMATCH,MISMATCH,MISMATCH,mass_power,x0 * 0.0035606283,mass_power,False,,0.4029234157509781,,3.466666666666667,,,4,4,BOUNDARY_LIMITED,UNEVALUABLE,a1_adequacy,0.3822670092869912,3,0.23540197113224776,4.075541790337564
PB|held_out|F03|r000,F03,F03,mass_affine_descriptor,descriptor|mass,sqrt(mass) * (1 + coefficient * descriptor),UNEVALUABLE,False,GENERATION,GENERATION,SEARCH_GENERATION_FAILURE,no seed's retained candidate matched truth support or truth family,True,True,,30,30,0,0,0,30,False,0.0,8,0,20,20,20,True,False,False,1,30,False,MISMATCH,FAMILY_UNRESOLVED,MISMATCH,FAMILY_UNRESOLVED,,x1 + 0.53724337,None,False,,0.4841110999417797,,3.0,,,1,1,BOUNDARY_LIMITED,UNEVALUABLE,a1_adequacy,0.4841103050384513,3,0.21057377785370296,3.983415358637672
PB|held_out|F03|r001,F03,F03,mass_affine_descriptor,descriptor|mass,sqrt(mass) * (1 + coefficient * descriptor),UNEVALUABLE,False,GENERATION,GENERATION,SEARCH_GENERATION_FAILURE,no seed's retained candidate matched truth support or truth family,True,True,,30,30,0,0,0,30,False,0.0,13,0,6,6,6,True,False,False,1,30,False,MISMATCH,FAMILY_UNRESOLVED,MISMATCH,FAMILY_UNRESOLVED,,x1 + 0.45246968,None,False,,0.6146943930159675,,3.0,,,1,1,BOUNDARY_LIMITED,UNEVALUABLE,a1_adequacy,0.6146802113608967,3,0.19305621517863608,6.21826256827486
PB|held_out|F03|r002,F03,F03,mass_affine_descriptor,descriptor|mass,sqrt(mass) * (1 + coefficient * descriptor),UNEVALUABLE,False,GENERATION,GENERATION,SEARCH_GENERATION_FAILURE,no seed's retained candidate matched truth support or truth family,True,True,,30,30,0,0,0,30,False,0.0,9,0,12,12,12,True,False,False,1,30,False,MISMATCH,FAMILY_UNRESOLVED,MISMATCH,FAMILY_UNRESOLVED,,x1 + 0.5323104,None,False,,0.6066059918519021,,3.0,,,1,1,BOUNDARY_LIMITED,UNEVALUABLE,a1_adequacy,0.6066059756784679,3,0.19407015990987048,4.585996848498861
PB|held_out|F03|r003,F03,F03,mass_affine_descriptor,descriptor|mass,sqrt(mass) * (1 + coefficient * descriptor),UNEVALUABLE,False,GENERATION_FAMILY,GENERATION_FAMILY,SEARCH_GENERATION_FAILURE,2/30 seeds reached the right support but no seed reached the right family,True,True,,30,30,2,0,0,30,False,0.0,10,0,12,12,12,True,False,False,2,28,False,MISMATCH,FAMILY_UNRESOLVED,MISMATCH,FAMILY_UNRESOLVED,,x1 + 0.56172895,None,False,,0.528420344328378,,3.433333333333333,,,1,2,BOUNDARY_LIMITED,UNEVALUABLE,a1_adequacy,0.5325517372521764,3,0.19861673282331177,4.176342627268187
PB|held_out|F03|r004,F03,F03,mass_affine_descriptor,descriptor|mass,sqrt(mass) * (1 + coefficient * descriptor),UNEVALUABLE,False,GENERATION,GENERATION,SEARCH_GENERATION_FAILURE,no seed's retained candidate matched truth support or truth family,True,True,,30,30,0,0,0,30,False,0.0,11,0,13,13,13,True,False,False,1,30,False,MISMATCH,FAMILY_UNRESOLVED,MISMATCH,FAMILY_UNRESOLVED,,x1 + 0.46077526,None,False,,0.6073344480952519,,3.0,,,1,1,BOUNDARY_LIMITED,UNEVALUABLE,a1_adequacy,0.6073353298247322,3,0.18194417852902955,5.941952876259629
PB|held_out|F03|r005,F03,F03,mass_affine_descriptor,descriptor|mass,sqrt(mass) * (1 + coefficient * descriptor),UNEVALUABLE,False,GENERATION,GENERATION,SEARCH_GENERATION_FAILURE,no seed's retained candidate matched truth support or truth family,True,True,,30,30,0,0,0,30,False,0.0,8,0,16,16,16,True,False,False,1,30,False,MISMATCH,FAMILY_UNRESOLVED,MISMATCH,FAMILY_UNRESOLVED,,x1 + 0.6101338,None,False,,0.3619864091098212,,3.0,,,1,2,BOUNDARY_LIMITED,UNEVALUABLE,a1_adequacy,0.3619863634713232,3,0.20870048641359842,5.197234076316594
PB|held_out|F03|r006,F03,F03,mass_affine_descriptor,descriptor|mass,sqrt(mass) * (1 + coefficient * descriptor),UNEVALUABLE,False,GENERATION,GENERATION,SEARCH_GENERATION_FAILURE,no seed's retained candidate matched truth support or truth family,True,True,,30,30,0,0,0,30,False,0.0,4,0,10,10,10,True,False,False,1,30,False,MISMATCH,FAMILY_UNRESOLVED,MISMATCH,FAMILY_UNRESOLVED,,x1 + 0.67980164,None,False,,0.6565811202447579,,3.0,,,1,2,BOUNDARY_LIMITED,UNEVALUABLE,a1_adequacy,0.6565930848640935,3,0.20542544697390594,5.384391240166659
PB|held_out|F03|r007,F03,F03,mass_affine_descriptor,descriptor|mass,sqrt(mass) * (1 + coefficient * descriptor),FAILURE,False,GENERATION_FAMILY,GENERATION_FAMILY,SEARCH_GENERATION_FAILURE,2/30 seeds reached the right support but no seed reached the right family,True,True,,30,30,2,0,0,10,False,0.0,7,0,20,20,20,True,False,False,3,20,False,MISMATCH,MISMATCH,MISMATCH,MISMATCH,mass_power,x0 * 0.0034341589,mass_power,False,,0.04299276153081693,,3.3666666666666667,,,12,12,BOUNDARY_LIMITED,UNEVALUABLE,a1_adequacy,-0.032474443813857556,3,0.23637989536909304,4.213872386419786
PB|held_out|F03|r008,F03,F03,mass_affine_descriptor,descriptor|mass,sqrt(mass) * (1 + coefficient * descriptor),FAILURE,False,GENERATION,GENERATION,SEARCH_GENERATION_FAILURE,no seed's retained candidate matched truth support or truth family,True,True,,30,30,0,0,0,0,False,0.0,10,0,21,21,21,True,False,False,1,30,False,MISMATCH,MISMATCH,MISMATCH,MISMATCH,mass_power,sqrt(x0) * 0.0626685,mass_power,False,,0.8430353382254452,,4.5,,,11,12,BOUNDARY_LIMITED,UNEVALUABLE,a1_adequacy,0.8637137036410969,4,0.22613391185303028,4.693173786518858
PB|held_out|F03|r009,F03,F03,mass_affine_descriptor,descriptor|mass,sqrt(mass) * (1 + coefficient * descriptor),FAILURE,False,GENERATION,GENERATION,SEARCH_GENERATION_FAILURE,no seed's retained candidate matched truth support or truth family,True,True,,30,30,0,0,0,0,False,0.0,5,0,24,24,24,True,False,False,1,30,False,MISMATCH,MISMATCH,MISMATCH,MISMATCH,mass_power,sqrt(x0) * 0.06365399,mass_power,False,,0.7262361532796329,,4.233333333333333,,,6,6,BOUNDARY_LIMITED,UNEVALUABLE,a1_adequacy,0.7301491781044996,4,0.2049744924289501,5.64172015794434
PB|held_out|F03|r010,F03,F03,mass_affine_descriptor,descriptor|mass,sqrt(mass) * (1 + coefficient * descriptor),UNEVALUABLE,False,GENERATION,GENERATION,SEARCH_GENERATION_FAILURE,no seed's retained candidate matched truth support or truth family,True,True,,30,30,0,0,0,30,False,0.0,18,0,10,10,10,True,False,False,1,30,False,MISMATCH,FAMILY_UNRESOLVED,MISMATCH,FAMILY_UNRESOLVED,,x1 + 0.43189278,None,False,,0.740602330730636,,3.0,,,1,2,BOUNDARY_LIMITED,UNEVALUABLE,a1_adequacy,0.7406023247534865,3,0.2130679562445131,6.097640098622903
PB|held_out|F03|r011,F03,F03,mass_affine_descriptor,descriptor|mass,sqrt(mass) * (1 + coefficient * descriptor),FAILURE,False,SELECTION_WITHIN_SEED_RETENTION,SELECTION_VOTING,SELECTION_FAILURE,1/30 seeds produced a G2-correct candidate but the largest identity class was a different expression (winner held 16 votes),True,True,,30,30,1,1,1,13,True,0.03333333333333333,7,1,16,16,16,True,False,False,3,16,True,MISMATCH,MISMATCH,MISMATCH,MISMATCH,mass_power,x0 * 0.0033214989,mass_power,False,0.6219629532580685,0.0071360302953372475,9.0,3.0,0.6148269229627312,6.0,8,8,BOUNDARY_LIMITED,UNEVALUABLE,a1_adequacy,-0.05190266041847691,3,0.2328412455297689,4.238989827247052
PB|held_out|F04|r000,F04,F04,mass_affine_descriptor,descriptor|mass,sqrt(mass) * (1 + coefficient * descriptor),UNEVALUABLE,False,SELECTION_WITHIN_SEED_RETENTION,SELECTION_VOTING,SELECTION_FAILURE,1/30 seeds produced a G2-correct candidate but the largest identity class was a different expression (winner held 4 votes),True,True,,30,30,17,1,1,28,True,0.03333333333333333,25,1,4,4,4,True,False,False,4,15,True,MISMATCH,FAMILY_UNRESOLVED,MISMATCH,FAMILY_UNRESOLVED,,x1 + 0.5013046,None,False,0.9687137836086643,0.7232750765586187,8.0,5.448275862068965,0.24543870705004567,2.5517241379310347,1,1,BOUNDARY_LIMITED,UNEVALUABLE,a1_adequacy,0.4612778364806507,3,0.227707248914326,4.434215783896397
PB|held_out|F04|r001,F04,F04,mass_affine_descriptor,descriptor|mass,sqrt(mass) * (1 + coefficient * descriptor),UNEVALUABLE,False,SELECTION_WITHIN_SEED_RETENTION,SELECTION_VOTING,SELECTION_FAILURE,4/30 seeds produced a G2-correct candidate but the largest identity class was a different expression (winner held 8 votes),True,True,,30,30,7,4,4,25,True,0.13333333333333333,18,4,8,8,8,True,False,False,4,22,True,MISMATCH,FAMILY_UNRESOLVED,MISMATCH,FAMILY_UNRESOLVED,,x1 - -0.5376318,None,False,0.9796400338504054,0.7900352754321918,9.0,3.769230769230769,0.18960475841821367,5.230769230769231,1,2,M0_NOT_REJECTED,REJECTED_UNSTABLE,stability,0.7586397722673156,3,0.236209002784762,4.757950248737217
PB|held_out|F04|r002,F04,F04,mass_affine_descriptor,descriptor|mass,sqrt(mass) * (1 + coefficient * descriptor),FAILURE,False,GENERATION_FAMILY,GENERATION_FAMILY,SEARCH_GENERATION_FAILURE,2/30 seeds reached the right support but no seed reached the right family,True,True,,30,30,2,0,0,5,False,0.0,9,0,22,22,22,True,False,False,3,25,False,MISMATCH,MISMATCH,MISMATCH,MISMATCH,mass_power,sqrt(x0) * 0.06554845,mass_power,False,,0.6769751554803248,,4.466666666666667,,,14,14,M0_NOT_REJECTED,STRUCTURAL_ACCEPTED,all_passed,0.7393141535654154,4,0.23144115981338043,4.412499134097304
PB|held_out|F04|r003,F04,F04,mass_affine_descriptor,descriptor|mass,sqrt(mass) * (1 + coefficient * descriptor),FAILURE,False,GENERATION,GENERATION,SEARCH_GENERATION_FAILURE,no seed's retained candidate matched truth support or truth family,True,True,,30,30,0,0,0,1,False,0.0,6,0,25,25,25,True,False,False,2,29,False,MISMATCH,MISMATCH,MISMATCH,MISMATCH,mass_power,sqrt(x0) * 0.0580719,mass_power,False,,0.914915310937701,,4.133333333333334,,,11,11,BOUNDARY_LIMITED,UNEVALUABLE,a1_adequacy,0.9112844297152045,4,0.18477993423217692,6.341713078784873
PB|held_out|F04|r004,F04,F04,mass_affine_descriptor,descriptor|mass,sqrt(mass) * (1 + coefficient * descriptor),UNEVALUABLE,False,SELECTION_WITHIN_SEED_RETENTION,SELECTION_VOTING,SELECTION_FAILURE,1/30 seeds produced a G2-correct candidate but the largest identity class was a different expression (winner held 16 votes),True,True,,30,30,8,1,1,27,True,0.03333333333333333,12,1,16,16,16,True,False,False,4,20,True,MISMATCH,FAMILY_UNRESOLVED,MISMATCH,FAMILY_UNRESOLVED,,x1 + 0.5758213,None,False,0.9726862715017538,0.8894233079107015,9.0,4.482758620689655,0.08326296359105234,4.517241379310345,1,2,BOUNDARY_LIMITED,UNEVALUABLE,a1_adequacy,0.8528932974090528,3,0.20386020861509233,5.459359935300249
PB|held_out|F04|r005,F04,F04,mass_affine_descriptor,descriptor|mass,sqrt(mass) * (1 + coefficient * descriptor),UNEVALUABLE,False,SELECTION_WITHIN_SEED_RETENTION,SELECTION_VOTING,SELECTION_FAILURE,6/30 seeds produced a G2-correct candidate but the largest identity class was a different expression (winner held 9 votes),True,True,,30,30,10,6,6,20,True,0.2,22,6,9,9,9,True,False,False,4,16,True,MISMATCH,FAMILY_UNRESOLVED,MISMATCH,FAMILY_UNRESOLVED,,x1 + 0.5702866,None,False,0.9883338983613702,0.8556207498579421,8.333333333333334,4.25,0.13271314850342808,4.083333333333334,1,2,BOUNDARY_LIMITED,UNEVALUABLE,a1_adequacy,0.8096772090237644,3,0.21168524532600538,7.767027982562301
PB|held_out|F04|r006,F04,F04,mass_affine_descriptor,descriptor|mass,sqrt(mass) * (1 + coefficient * descriptor),FAILURE,False,GENERATION,GENERATION,SEARCH_GENERATION_FAILURE,no seed's retained candidate matched truth support or truth family,True,True,,30,30,0,0,0,6,False,0.0,9,0,20,20,20,True,False,False,2,24,False,MISMATCH,MISMATCH,MISMATCH,MISMATCH,mass_power,sqrt(x0 / 244.06987),mass_power,False,,0.7865638255769196,,4.033333333333333,,,15,15,M0_NOT_REJECTED,STRUCTURAL_ACCEPTED,all_passed,0.8646423171706663,4,0.21851281206001555,5.235772885341212
PB|held_out|F04|r007,F04,F04,mass_affine_descriptor,descriptor|mass,sqrt(mass) * (1 + coefficient * descriptor),FAILURE,False,SELECTION_WITHIN_SEED_RETENTION,SELECTION_VOTING,SELECTION_FAILURE,5/30 seeds produced a G2-correct candidate but the largest identity class was a different expression (winner held 7 votes),True,True,,30,30,18,5,5,17,True,0.16666666666666666,22,5,7,7,7,True,False,False,4,13,True,MISMATCH,MISMATCH,MISMATCH,MISMATCH,mass_power,sqrt(x0) * 0.06359844,None,False,0.9684130148524777,0.9012606952769121,8.4,6.0,0.06715231957556556,2.4000000000000004,7,7,BOUNDARY_LIMITED,UNEVALUABLE,a1_adequacy,0.8250461903813404,4,0.20428657133781655,4.233735229531729
PB|held_out|F04|r008,F04,F04,mass_affine_descriptor,descriptor|mass,sqrt(mass) * (1 + coefficient * descriptor),UNEVALUABLE,False,SELECTION_WITHIN_SEED_RETENTION,SELECTION_VOTING,SELECTION_FAILURE,2/30 seeds produced a G2-correct candidate but the largest identity class was a different expression (winner held 2 votes),True,True,,30,30,9,2,2,10,True,0.06666666666666667,28,2,2,2,2,True,False,False,5,17,True,MISMATCH,FAMILY_UNRESOLVED,MISMATCH,FAMILY_UNRESOLVED,,x1 + 0.50674164,mass_power,False,0.9480680899686131,0.8267269064056114,9.0,5.678571428571429,0.12134118356300172,3.321428571428571,1,1,BOUNDARY_LIMITED,UNEVALUABLE,a1_adequacy,0.6322082907775572,3,0.2073043689025124,5.863875033547128
PB|held_out|F04|r009,F04,F04,mass_affine_descriptor,descriptor|mass,sqrt(mass) * (1 + coefficient * descriptor),FAILURE,False,SELECTION_WITHIN_SEED_RETENTION,SELECTION_VOTING,SELECTION_FAILURE,1/30 seeds produced a G2-correct candidate but the largest identity class was a different expression (winner held 22 votes),True,True,,30,30,2,1,1,7,True,0.03333333333333333,8,1,22,22,22,True,False,False,4,22,True,MISMATCH,MISMATCH,MISMATCH,MISMATCH,mass_power,sqrt(x0) * 0.065848954,mass_power,False,0.9697302656889483,0.8601174076365607,11.0,4.0,0.10961285805238752,7.0,15,16,BOUNDARY_LIMITED,UNEVALUABLE,a1_adequacy,0.9102241148142377,4,0.18087867095439197,6.052196273596506
PB|held_out|F04|r010,F04,F04,mass_affine_descriptor,descriptor|mass,sqrt(mass) * (1 + coefficient * descriptor),UNEVALUABLE,False,SELECTION_WITHIN_SEED_RETENTION,SELECTION_VOTING,SELECTION_FAILURE,4/30 seeds produced a G2-correct candidate but the largest identity class was a different expression (winner held 17 votes),True,True,,30,30,10,4,4,26,True,0.13333333333333333,13,4,17,17,17,True,False,False,3,20,True,MISMATCH,FAMILY_UNRESOLVED,MISMATCH,FAMILY_UNRESOLVED,,x1 + 0.6377199,None,False,0.9518680608033829,0.8174535126538456,8.75,4.5,0.13441454814953735,4.25,1,2,BOUNDARY_LIMITED,UNEVALUABLE,a1_adequacy,0.7741779119727331,3,0.2145150559900665,5.683901077265004
PB|held_out|F04|r011,F04,F04,mass_affine_descriptor,descriptor|mass,sqrt(mass) * (1 + coefficient * descriptor),FAILURE,False,GENERATION_FAMILY,GENERATION_FAMILY,SEARCH_GENERATION_FAILURE,3/30 seeds reached the right support but no seed reached the right family,True,True,,30,30,3,0,0,5,False,0.0,6,0,25,25,25,True,False,False,3,25,False,MISMATCH,MISMATCH,MISMATCH,MISMATCH,mass_power,sqrt(x0) * 0.061287276,mass_power,False,,0.8914164603540097,,4.366666666666666,,,6,6,BOUNDARY_LIMITED,UNEVALUABLE,a1_adequacy,0.8842207966604105,4,0.18981187581837125,7.176760125396223
PB|held_out|F05|r000,F05,F05,mass_affine_descriptor,descriptor|mass,sqrt(mass) * (1 + coefficient * descriptor),FAILURE,False,SELECTION_WITHIN_SEED_RETENTION,SELECTION_VOTING,SELECTION_FAILURE,9/30 seeds produced a G2-correct candidate but the largest identity class was a different expression (winner held 6 votes),True,True,,30,30,21,9,9,13,True,0.3,25,9,6,6,6,True,False,False,4,12,True,MISMATCH,MISMATCH,MISMATCH,MISMATCH,mass_power,sqrt(x0) * 0.06511023,None,False,0.961373937927218,0.8614336037231676,8.88888888888889,6.809523809523809,0.09994033420405046,2.07936507936508,5,5,M0_NOT_REJECTED,REJECTED_UNSTABLE,stability,0.7647425095602448,4,0.2472578591324898,4.870548022597496
PB|held_out|F05|r001,F05,F05,mass_affine_descriptor,descriptor|mass,sqrt(mass) * (1 + coefficient * descriptor),UNEVALUABLE,False,SELECTION_WITHIN_SEED_RETENTION,SELECTION_VOTING,SELECTION_FAILURE,5/30 seeds produced a G2-correct candidate but the largest identity class was a different expression (winner held 5 votes),True,True,,30,30,6,5,5,25,True,0.16666666666666666,20,5,5,5,5,True,False,False,3,24,True,MISMATCH,FAMILY_UNRESOLVED,MISMATCH,FAMILY_UNRESOLVED,,x1 + 0.65082455,None,False,0.962872107644594,0.5335210713646119,9.0,3.28,0.42935103627998206,5.720000000000001,1,1,M0_NOT_REJECTED,REJECTED_UNSTABLE,stability,0.5156635935704383,3,0.23067635614363893,6.33692932057888
PB|held_out|F05|r002,F05,F05,mass_affine_descriptor,descriptor|mass,sqrt(mass) * (1 + coefficient * descriptor),FAILURE,False,SELECTION_WITHIN_SEED_RETENTION,SELECTION_VOTING,SELECTION_FAILURE,1/30 seeds produced a G2-correct candidate but the largest identity class was a different expression (winner held 14 votes),True,True,,30,30,4,1,1,5,True,0.03333333333333333,12,1,14,14,14,True,False,False,4,24,True,MISMATCH,MISMATCH,MISMATCH,MISMATCH,mass_power,sqrt(x0) * 0.06789299,mass_power,False,0.8913645069482009,0.854538819400718,9.0,4.827586206896552,0.036825687547482944,4.172413793103448,5,5,M0_NOT_REJECTED,REJECTED_UNSTABLE,stability,0.893134773201288,4,0.19581032499791592,4.009077338984334
PB|held_out|F05|r003,F05,F05,mass_affine_descriptor,descriptor|mass,sqrt(mass) * (1 + coefficient * descriptor),UNEVALUABLE,False,SELECTION_WITHIN_SEED_RETENTION,SELECTION_VOTING,SELECTION_FAILURE,4/30 seeds produced a G2-correct candidate but the largest identity class was a different expression (winner held 14 votes),True,True,,30,30,13,4,4,26,True,0.13333333333333333,16,4,14,14,14,True,False,False,3,17,True,MISMATCH,FAMILY_UNRESOLVED,MISMATCH,FAMILY_UNRESOLVED,,x1 + 0.5843031,None,False,0.9726519580641633,0.6277682740053111,9.5,5.384615384615385,0.34488368405885217,4.115384615384615,1,2,M0_NOT_REJECTED,REJECTED_UNSTABLE,stability,0.450659821353671,3,0.19434942703469563,7.596517437380187
PB|held_out|F05|r004,F05,F05,mass_affine_descriptor,descriptor|mass,sqrt(mass) * (1 + coefficient * descriptor),FAILURE,False,SELECTION_WITHIN_SEED_RETENTION,SELECTION_VOTING,SELECTION_FAILURE,2/30 seeds produced a G2-correct candidate but the largest identity class was a different expression (winner held 17 votes),True,True,,30,30,5,2,2,8,True,0.06666666666666667,11,2,17,17,17,True,False,False,4,20,True,MISMATCH,MISMATCH,MISMATCH,MISMATCH,mass_power,sqrt(x0) * 0.062090743,mass_power,False,0.9738506311166022,0.8936646672694548,9.0,4.428571428571429,0.08018596384714738,4.571428571428571,10,10,BOUNDARY_LIMITED,UNEVALUABLE,a1_adequacy,0.8643723573469151,4,0.21327619000356243,8.163103758534712
PB|held_out|F05|r005,F05,F05,mass_affine_descriptor,descriptor|mass,sqrt(mass) * (1 + coefficient * descriptor),FAILURE,False,SELECTION_WITHIN_SEED_RETENTION,SELECTION_VOTING,SELECTION_FAILURE,5/30 seeds produced a G2-correct candidate but the largest identity class was a different expression (winner held 16 votes),True,True,,30,30,6,5,5,1,True,0.16666666666666666,13,5,16,16,16,True,False,False,3,24,True,MISMATCH,MISMATCH,MISMATCH,MISMATCH,mass_power,x0 * 0.0035033152,mass_power,False,0.9664334257460758,0.7737953999237174,8.6,3.92,0.19263802582235845,4.68,3,3,M0_NOT_REJECTED,REJECTED_UNSTABLE,stability,0.7423037766260006,3,0.24238401473343926,4.113795216534565
PB|held_out|F05|r006,F05,F05,mass_affine_descriptor,descriptor|mass,sqrt(mass) * (1 + coefficient * descriptor),FAILURE,False,SELECTION_CROSS_SEED_IDENTITY,SELECTION_VOTING,CANONICALIZATION_EQUIVALENCE_FAILURE,11/30 seeds produced a G2-correct candidate but the largest identity class was a different expression (winner held 9 votes),True,True,,30,30,17,11,11,9,True,0.36666666666666664,20,11,9,9,9,True,False,True,5,11,True,MISMATCH,MISMATCH,MISMATCH,MISMATCH,mass_power,x0 * 0.003965307,mass_affine_descriptor,False,0.9818300946631375,0.7738049446328152,8.636363636363637,4.947368421052632,0.2080251500303223,3.688995215311005,7,7,BOUNDARY_LIMITED,UNEVALUABLE,a1_adequacy,0.6644349203104326,3,0.23644138731143427,4.418814633829865
PB|held_out|F05|r007,F05,F05,mass_affine_descriptor,descriptor|mass,sqrt(mass) * (1 + coefficient * descriptor),FAILURE,False,SELECTION_WITHIN_SEED_RETENTION,SELECTION_VOTING,SELECTION_FAILURE,2/30 seeds produced a G2-correct candidate but the largest identity class was a different expression (winner held 2 votes),True,True,,30,30,28,2,2,26,True,0.06666666666666667,29,2,2,2,2,True,False,False,3,26,True,MISMATCH,MISMATCH,MISMATCH,MISMATCH,mass_power,x0 * 0.0038755746,None,False,0.9627966465249169,0.8504100478512482,9.0,7.285714285714286,0.11238659867366874,1.7142857142857144,2,2,M0_NOT_REJECTED,REJECTED_UNSTABLE,stability,0.3764545585957627,3,0.22949320108476357,4.242861195032116
PB|held_out|F05|r008,F05,F05,mass_affine_descriptor,descriptor|mass,sqrt(mass) * (1 + coefficient * descriptor),FAILURE,False,GENERATION_FAMILY,GENERATION_FAMILY,SEARCH_GENERATION_FAILURE,1/30 seeds reached the right support but no seed reached the right family,True,True,,30,30,1,0,0,1,False,0.0,7,0,22,22,22,True,False,False,2,29,False,MISMATCH,MISMATCH,MISMATCH,MISMATCH,mass_power,sqrt(x0 / 246.46964),mass_power,False,,0.8186489406831944,,4.566666666666666,,,11,12,BOUNDARY_LIMITED,UNEVALUABLE,a1_adequacy,0.8102469162999588,4,0.23023899240288873,6.065446592967723
PB|held_out|F05|r009,F05,F05,mass_affine_descriptor,descriptor|mass,sqrt(mass) * (1 + coefficient * descriptor),FAILURE,False,GENERATION,GENERATION,SEARCH_GENERATION_FAILURE,no seed's retained candidate matched truth support or truth family,True,True,,30,30,0,0,0,0,False,0.0,8,0,21,21,21,True,False,False,1,30,False,MISMATCH,MISMATCH,MISMATCH,MISMATCH,mass_power,sqrt(x0) * 0.058113348,mass_power,False,,0.7974994890876504,,4.366666666666666,,,9,9,M0_NOT_REJECTED,STRUCTURAL_ACCEPTED,all_passed,0.7910657040576509,4,0.20181214090627012,4.8723226497729275
PB|held_out|F05|r010,F05,F05,mass_affine_descriptor,descriptor|mass,sqrt(mass) * (1 + coefficient * descriptor),FAILURE,False,SELECTION_WITHIN_SEED_RETENTION,SELECTION_VOTING,SELECTION_FAILURE,4/30 seeds produced a G2-correct candidate but the largest identity class was a different expression (winner held 14 votes),True,True,,30,30,5,4,4,8,True,0.13333333333333333,15,4,14,14,14,True,False,False,4,18,True,MISMATCH,MISMATCH,MISMATCH,MISMATCH,mass_power,sqrt(x0) * 0.06386685,mass_power,False,0.9525260153318383,0.7562407908278496,8.5,4.346153846153846,0.19628522450398878,4.153846153846154,9,9,M0_NOT_REJECTED,REJECTED_UNSTABLE,stability,0.820786261613734,4,0.21347264499960047,4.825369246204739
PB|held_out|F05|r011,F05,F05,mass_affine_descriptor,descriptor|mass,sqrt(mass) * (1 + coefficient * descriptor),FAILURE,False,GENERATION,GENERATION,SEARCH_GENERATION_FAILURE,no seed's retained candidate matched truth support or truth family,True,True,,30,30,0,0,0,2,False,0.0,8,0,23,23,23,True,False,False,2,28,False,MISMATCH,MISMATCH,MISMATCH,MISMATCH,mass_power,sqrt(x0) * 0.06318596,mass_power,False,,0.9204853629861565,,4.366666666666666,,,12,12,BOUNDARY_LIMITED,UNEVALUABLE,a1_adequacy,0.923086862811812,4,0.20413268576590113,5.8425556816483
PB|held_out|F08|r000,F08,F08,mass_affine_descriptor,descriptor|mass,sqrt(mass) * (1 + coefficient * descriptor),FAILURE,False,SELECTION_WITHIN_SEED_RETENTION,SELECTION_VOTING,SELECTION_FAILURE,1/30 seeds produced a G2-correct candidate but the largest identity class was a different expression (winner held 17 votes),True,True,,30,30,4,1,1,6,True,0.03333333333333333,13,1,17,17,17,True,False,False,4,23,True,MISMATCH,MISMATCH,MISMATCH,MISMATCH,mass_power,sqrt(x0) * 0.064536534,mass_power,False,0.9791305941043785,0.8776449858324065,9.0,5.137931034482759,0.10148560827197206,3.862068965517241,12,12,BOUNDARY_LIMITED,UNEVALUABLE,a1_adequacy,0.8745207669347337,4,0.21133900706022266,6.424069747865238
PB|held_out|F08|r001,F08,F08,mass_affine_descriptor,descriptor|mass,sqrt(mass) * (1 + coefficient * descriptor),FAILURE,False,SELECTION_WITHIN_SEED_RETENTION,SELECTION_VOTING,SELECTION_FAILURE,6/30 seeds produced a G2-correct candidate but the largest identity class was a different expression (winner held 14 votes),True,True,,30,30,10,6,6,10,True,0.2,16,6,14,14,14,True,False,False,4,14,True,MISMATCH,MISMATCH,MISMATCH,MISMATCH,mass_power,x0 * 0.004230031,mass_power,False,0.9707472133600912,0.7811703236450303,9.333333333333334,4.208333333333333,0.18957688971506093,5.125000000000001,8,8,BOUNDARY_LIMITED,UNEVALUABLE,a1_adequacy,0.7578133914884371,3,0.24938895155641191,6.3624056767337125
PB|held_out|F08|r002,F08,F08,mass_affine_descriptor,descriptor|mass,sqrt(mass) * (1 + coefficient * descriptor),UNEVALUABLE,False,SELECTION_WITHIN_SEED_RETENTION,SELECTION_VOTING,SELECTION_FAILURE,2/30 seeds produced a G2-correct candidate but the largest identity class was a different expression (winner held 4 votes),True,True,,30,30,8,2,2,9,True,0.06666666666666667,24,2,4,4,4,True,False,False,5,18,True,MISMATCH,FAMILY_UNRESOLVED,MISMATCH,FAMILY_UNRESOLVED,,x1 + 0.5178782,mass_power,False,0.9345436407652442,0.7906240017799038,9.0,5.607142857142857,0.14391963898534044,3.3928571428571432,1,1,BOUNDARY_LIMITED,UNEVALUABLE,a1_adequacy,0.589400179125664,3,0.21887090499176007,5.094907722029485
PB|held_out|F08|r003,F08,F08,mass_affine_descriptor,descriptor|mass,sqrt(mass) * (1 + coefficient * descriptor),FAILURE,False,GENERATION,GENERATION,SEARCH_GENERATION_FAILURE,no seed's retained candidate matched truth support or truth family,True,True,,30,30,0,0,0,3,False,0.0,6,0,23,23,23,True,False,False,2,27,False,MISMATCH,MISMATCH,MISMATCH,MISMATCH,mass_power,sqrt(x0) * 0.06150791,mass_power,False,,0.7805897426457088,,4.166666666666667,,,12,13,BOUNDARY_LIMITED,UNEVALUABLE,a1_adequacy,0.8444038050447511,4,0.1944314108308658,5.451108787746061
PB|held_out|F08|r004,F08,F08,mass_affine_descriptor,descriptor|mass,sqrt(mass) * (1 + coefficient * descriptor),UNEVALUABLE,False,SELECTION_WITHIN_SEED_RETENTION,SELECTION_VOTING,SELECTION_FAILURE,2/30 seeds produced a G2-correct candidate but the largest identity class was a different expression (winner held 4 votes),True,True,,30,30,5,2,2,28,True,0.06666666666666667,18,2,4,4,4,True,False,False,3,25,True,MISMATCH,FAMILY_UNRESOLVED,MISMATCH,FAMILY_UNRESOLVED,,x1 + 0.6090243,None,False,0.9760057366261523,0.8203054128097426,8.5,3.4642857142857144,0.15570032381640975,5.035714285714286,1,1,BOUNDARY_LIMITED,UNEVALUABLE,a1_adequacy,0.8033192847728259,3,0.21431569512016982,4.970915921424209
PB|held_out|F08|r005,F08,F08,mass_affine_descriptor,descriptor|mass,sqrt(mass) * (1 + coefficient * descriptor),FAILURE,False,SELECTION_WITHIN_SEED_RETENTION,SELECTION_VOTING,SELECTION_FAILURE,2/30 seeds produced a G2-correct candidate but the largest identity class was a different expression (winner held 18 votes),True,True,,30,30,4,2,2,6,True,0.06666666666666667,13,2,18,18,18,True,False,False,4,22,True,MISMATCH,MISMATCH,MISMATCH,MISMATCH,mass_power,sqrt(x0) * 0.063511886,mass_power,False,0.9746373481491146,0.8324863673550388,9.5,4.785714285714286,0.14215098079407584,4.714285714285714,11,11,BOUNDARY_LIMITED,UNEVALUABLE,a1_adequacy,0.8710024242321752,4,0.21673992812170165,5.703523257886867
PB|held_out|F08|r006,F08,F08,mass_affine_descriptor,descriptor|mass,sqrt(mass) * (1 + coefficient * descriptor),UNEVALUABLE,False,SELECTION_WITHIN_SEED_RETENTION,SELECTION_VOTING,SELECTION_FAILURE,3/30 seeds produced a G2-correct candidate but the largest identity class was a different expression (winner held 5 votes),True,True,,30,30,16,3,3,25,True,0.1,23,3,5,5,5,True,False,False,5,13,True,MISMATCH,FAMILY_UNRESOLVED,MISMATCH,FAMILY_UNRESOLVED,,x1 + 0.52602565,None,False,0.9799472683873486,0.9036833366766964,9.333333333333334,5.7407407407407405,0.07626393171065216,3.5925925925925934,1,2,BOUNDARY_LIMITED,UNEVALUABLE,a1_adequacy,0.8255501408612119,3,0.20380133150592192,5.181283513380511
PB|held_out|F08|r007,F08,F08,mass_affine_descriptor,descriptor|mass,sqrt(mass) * (1 + coefficient * descriptor),FAILURE,False,GENERATION,GENERATION,SEARCH_GENERATION_FAILURE,no seed's retained candidate matched truth support or truth family,True,True,,30,30,0,0,0,4,False,0.0,13,0,17,17,17,True,False,False,2,26,False,MISMATCH,MISMATCH,MISMATCH,MISMATCH,mass_power,sqrt(x0 * 0.0037711281),mass_power,False,,0.7874594226304286,,4.366666666666666,,,12,13,M0_NOT_REJECTED,REJECTED_UNSTABLE,stability,0.8460254016121629,4,0.19811997080531735,4.830500881969161
PB|held_out|F08|r008,F08,F08,mass_affine_descriptor,descriptor|mass,sqrt(mass) * (1 + coefficient * descriptor),FAILURE,False,SELECTION_WITHIN_SEED_RETENTION,SELECTION_VOTING,SELECTION_FAILURE,4/30 seeds produced a G2-correct candidate but the largest identity class was a different expression (winner held 10 votes),True,True,,30,30,15,4,4,13,True,0.13333333333333333,20,4,10,10,10,True,False,False,5,12,True,MISMATCH,MISMATCH,MISMATCH,MISMATCH,mass_power,x0 * 0.0035550992,None,False,0.9533513372953732,0.6996969670158458,8.0,5.230769230769231,0.2536543702795274,2.769230769230769,6,6,BOUNDARY_LIMITED,UNEVALUABLE,a1_adequacy,0.5031528357837354,3,0.23852052661794565,4.005150019409283
PB|held_out|F08|r009,F08,F08,mass_affine_descriptor,descriptor|mass,sqrt(mass) * (1 + coefficient * descriptor),FAILURE,False,GENERATION_FAMILY,GENERATION_FAMILY,SEARCH_GENERATION_FAILURE,1/30 seeds reached the right support but no seed reached the right family,True,True,,30,30,1,0,0,1,False,0.0,6,0,20,20,20,True,False,False,2,29,False,MISMATCH,MISMATCH,MISMATCH,MISMATCH,mass_power,sqrt(0.0044446457 * x0),mass_power,False,,0.8226088691105288,,4.633333333333334,,,10,10,BOUNDARY_LIMITED,UNEVALUABLE,a1_adequacy,0.8163235938502011,4,0.2231384783772323,4.7127120614978075
PB|held_out|F08|r010,F08,F08,mass_affine_descriptor,descriptor|mass,sqrt(mass) * (1 + coefficient * descriptor),FAILURE,False,SELECTION_WITHIN_SEED_RETENTION,SELECTION_VOTING,SELECTION_FAILURE,1/30 seeds produced a G2-correct candidate but the largest identity class was a different expression (winner held 21 votes),True,True,,30,30,3,1,1,3,True,0.03333333333333333,9,1,21,21,21,True,False,False,4,26,True,MISMATCH,MISMATCH,MISMATCH,MISMATCH,mass_power,sqrt(x0) * 0.06633986,mass_power,False,0.9665573136037189,0.8371720415805245,8.0,4.482758620689655,0.1293852720231944,3.517241379310345,12,12,M0_NOT_REJECTED,STRUCTURAL_ACCEPTED,all_passed,0.8690131907224369,4,0.23509897344526853,3.9083486776551672
PB|held_out|F08|r011,F08,F08,mass_affine_descriptor,descriptor|mass,sqrt(mass) * (1 + coefficient * descriptor),FAILURE,False,SELECTION_WITHIN_SEED_RETENTION,SELECTION_VOTING,SELECTION_FAILURE,6/30 seeds produced a G2-correct candidate but the largest identity class was a different expression (winner held 12 votes),True,True,,30,30,13,6,6,9,True,0.2,17,5,12,12,12,True,False,False,4,15,True,MISMATCH,MISMATCH,MISMATCH,MISMATCH,mass_power,sqrt(x0) * 0.06455415,mass_power,False,0.9724532067118007,0.873284555922119,9.0,5.916666666666667,0.09916865078968173,3.083333333333333,10,10,M0_NOT_REJECTED,REJECTED_UNSTABLE,stability,0.8929643701992431,4,0.205263054181872,3.7993270100630854
PB|held_out|F09|r000,F09,F09,mass_saturating_descriptor,descriptor|mass,sqrt(mass) * (1 + coefficient * descriptor/(1+descriptor)),FAILURE,False,GENERATION,GENERATION,SEARCH_GENERATION_FAILURE,no seed's retained candidate matched truth support or truth family,True,True,,30,30,0,0,0,0,False,0.0,10,0,19,19,19,True,False,False,1,30,False,MISMATCH,MISMATCH,MISMATCH,MISMATCH,mass_power,sqrt(x0) * 0.06244444,mass_power,False,,0.8349701378555605,,4.7,,,14,14,M0_NOT_REJECTED,REJECTED_UNSTABLE,stability,0.83417322084296,4,0.2169312949157335,5.68249698437444
PB|held_out|F09|r001,F09,F09,mass_saturating_descriptor,descriptor|mass,sqrt(mass) * (1 + coefficient * descriptor/(1+descriptor)),FAILURE,False,GENERATION,GENERATION,SEARCH_GENERATION_FAILURE,no seed's retained candidate matched truth support or truth family,True,True,,30,30,0,0,0,0,False,0.0,7,0,19,19,19,True,False,False,1,30,False,MISMATCH,MISMATCH,MISMATCH,MISMATCH,mass_power,sqrt(x0) * 0.0627913,mass_power,False,,0.9100564177696392,,4.466666666666667,,,10,10,M0_NOT_REJECTED,REJECTED_UNSTABLE,stability,0.9461093075797066,4,0.19097931248291422,7.005235688434748
PB|held_out|F09|r002,F09,F09,mass_saturating_descriptor,descriptor|mass,sqrt(mass) * (1 + coefficient * descriptor/(1+descriptor)),FAILURE,False,GENERATION,GENERATION,SEARCH_GENERATION_FAILURE,no seed's retained candidate matched truth support or truth family,True,True,,30,30,0,0,0,0,False,0.0,5,0,26,26,26,True,False,False,1,30,False,MISMATCH,MISMATCH,MISMATCH,MISMATCH,mass_power,sqrt(x0 * 0.0036516595),mass_power,False,,0.8795998681114464,,4.2,,,22,22,BOUNDARY_LIMITED,UNEVALUABLE,a1_adequacy,0.8803798129714664,4,0.21978858087346406,5.182790699476092
PB|held_out|F09|r003,F09,F09,mass_saturating_descriptor,descriptor|mass,sqrt(mass) * (1 + coefficient * descriptor/(1+descriptor)),FAILURE,False,GENERATION,GENERATION,SEARCH_GENERATION_FAILURE,no seed's retained candidate matched truth support or truth family,True,True,,30,30,0,0,0,0,False,0.0,5,0,25,25,25,True,False,False,1,30,False,MISMATCH,MISMATCH,MISMATCH,MISMATCH,mass_power,sqrt(x0) * 0.059402473,mass_power,False,,0.895235073899627,,4.3,,,21,21,BOUNDARY_LIMITED,UNEVALUABLE,a1_adequacy,0.8884488609466732,4,0.22768836543203458,5.349963127867447
PB|held_out|F09|r004,F09,F09,mass_saturating_descriptor,descriptor|mass,sqrt(mass) * (1 + coefficient * descriptor/(1+descriptor)),FAILURE,False,GENERATION,GENERATION,SEARCH_GENERATION_FAILURE,no seed's retained candidate matched truth support or truth family,True,True,,30,30,0,0,0,0,False,0.0,3,0,27,27,27,True,False,False,1,30,False,MISMATCH,MISMATCH,MISMATCH,MISMATCH,mass_power,sqrt(x0) * 0.064357325,mass_power,False,,0.9351160550069942,,4.133333333333334,,,11,11,M0_NOT_REJECTED,STRUCTURAL_ACCEPTED,all_passed,0.9382674424683257,4,0.21635708685795382,4.047150314502149
PB|held_out|F09|r005,F09,F09,mass_saturating_descriptor,descriptor|mass,sqrt(mass) * (1 + coefficient * descriptor/(1+descriptor)),FAILURE,False,GENERATION,GENERATION,SEARCH_GENERATION_FAILURE,no seed's retained candidate matched truth support or truth family,True,True,,30,30,0,0,0,1,False,0.0,4,0,24,24,24,True,False,False,2,29,False,MISMATCH,MISMATCH,MISMATCH,MISMATCH,mass_power,sqrt(x0) * 0.059784796,mass_power,False,,0.8292383148100367,,4.333333333333333,,,15,15,BOUNDARY_LIMITED,UNEVALUABLE,a1_adequacy,0.8516108113388654,4,0.21188477765043098,6.189732219929431
PB|held_out|F09|r006,F09,F09,mass_saturating_descriptor,descriptor|mass,sqrt(mass) * (1 + coefficient * descriptor/(1+descriptor)),FAILURE,False,GENERATION,GENERATION,SEARCH_GENERATION_FAILURE,no seed's retained candidate matched truth support or truth family,True,True,,30,30,0,0,0,0,False,0.0,5,0,17,17,17,True,False,False,1,30,False,MISMATCH,MISMATCH,MISMATCH,MISMATCH,mass_power,sqrt(x0) * 0.06460609,mass_power,False,,0.9209108426947215,,4.633333333333334,,,6,6,M0_NOT_REJECTED,REJECTED_UNSTABLE,stability,0.9178434352549378,4,0.19924799492669118,6.420884186117081
PB|held_out|F09|r007,F09,F09,mass_saturating_descriptor,descriptor|mass,sqrt(mass) * (1 + coefficient * descriptor/(1+descriptor)),FAILURE,False,GENERATION,GENERATION,SEARCH_GENERATION_FAILURE,no seed's retained candidate matched truth support or truth family,True,True,,30,30,0,0,0,0,False,0.0,8,0,21,21,21,True,False,False,1,30,False,MISMATCH,MISMATCH,MISMATCH,MISMATCH,mass_power,sqrt(0.0038977137 * x0),mass_power,False,,0.9330020732502582,,4.566666666666666,,,13,14,M0_NOT_REJECTED,STRUCTURAL_ACCEPTED,all_passed,0.9365062911199409,4,0.18385578513988377,4.291669504591953
PB|held_out|F09|r008,F09,F09,mass_saturating_descriptor,descriptor|mass,sqrt(mass) * (1 + coefficient * descriptor/(1+descriptor)),FAILURE,False,GENERATION,GENERATION,SEARCH_GENERATION_FAILURE,no seed's retained candidate matched truth support or truth family,True,True,,30,30,0,0,0,0,False,0.0,7,0,24,24,24,True,False,False,1,30,False,MISMATCH,MISMATCH,MISMATCH,MISMATCH,mass_power,sqrt(x0) * 0.06225954,mass_power,False,,0.9327014437253536,,4.366666666666666,,,12,12,BOUNDARY_LIMITED,UNEVALUABLE,a1_adequacy,0.9295149804723049,4,0.22080157863842384,5.977332740001599
PB|held_out|F09|r009,F09,F09,mass_saturating_descriptor,descriptor|mass,sqrt(mass) * (1 + coefficient * descriptor/(1+descriptor)),FAILURE,False,GENERATION,GENERATION,SEARCH_GENERATION_FAILURE,no seed's retained candidate matched truth support or truth family,True,True,,30,30,0,0,0,0,False,0.0,7,0,21,21,21,True,False,False,1,30,False,MISMATCH,MISMATCH,MISMATCH,MISMATCH,mass_power,sqrt(x0) * 0.06460084,mass_power,False,,0.8915060848677918,,4.4,,,9,10,M0_NOT_REJECTED,STRUCTURAL_ACCEPTED,all_passed,0.9066142595920583,4,0.21828114144376776,5.9217549243121095
PB|held_out|F09|r010,F09,F09,mass_saturating_descriptor,descriptor|mass,sqrt(mass) * (1 + coefficient * descriptor/(1+descriptor)),FAILURE,False,GENERATION,GENERATION,SEARCH_GENERATION_FAILURE,no seed's retained candidate matched truth support or truth family,True,True,,30,30,0,0,0,0,False,0.0,7,0,22,22,22,True,False,False,1,30,False,MISMATCH,MISMATCH,MISMATCH,MISMATCH,mass_power,sqrt(x0) * 0.06375726,mass_power,False,,0.8497587265046113,,4.3,,,10,10,M0_NOT_REJECTED,STRUCTURAL_ACCEPTED,all_passed,0.8521150536011157,4,0.2323713517203275,4.180076251365372
PB|held_out|F09|r011,F09,F09,mass_saturating_descriptor,descriptor|mass,sqrt(mass) * (1 + coefficient * descriptor/(1+descriptor)),FAILURE,False,GENERATION,GENERATION,SEARCH_GENERATION_FAILURE,no seed's retained candidate matched truth support or truth family,True,True,,30,30,0,0,0,0,False,0.0,6,0,17,17,17,True,False,False,1,30,False,MISMATCH,MISMATCH,MISMATCH,MISMATCH,mass_power,sqrt(x0 / 251.15608),mass_power,False,,0.9430603758304859,,4.433333333333334,,,13,13,BOUNDARY_LIMITED,UNEVALUABLE,a1_adequacy,0.9455542393081208,4,0.21837438634213882,4.479861128047801
PB|held_out|F10|r000,F10,F10,mass_interaction,descriptor|descriptor2|mass,sqrt(mass) * (1 + coefficient * descriptor * descriptor2),FAILURE,False,SELECTION_WITHIN_SEED_RETENTION,SELECTION_VOTING,SELECTION_FAILURE,2/30 seeds produced a G2-correct candidate but the largest identity class was a different expression (winner held 23 votes),True,True,,30,30,2,2,2,1,True,0.06666666666666667,7,1,23,23,23,True,False,False,3,27,True,MISMATCH,MISMATCH,MISMATCH,MISMATCH,mass_power,sqrt(x0) * 0.060421687,mass_power,False,0.9392242008842543,0.806831130052149,9.0,4.285714285714286,0.13239307083210528,4.714285714285714,10,10,M0_NOT_REJECTED,STRUCTURAL_ACCEPTED,all_passed,0.8235681852316235,4,0.183790182200796,4.704780787421405
PB|held_out|F10|r001,F10,F10,mass_interaction,descriptor|descriptor2|mass,sqrt(mass) * (1 + coefficient * descriptor * descriptor2),FAILURE,False,GENERATION,GENERATION,SEARCH_GENERATION_FAILURE,no seed's retained candidate matched truth support or truth family,True,True,,30,30,0,0,0,0,False,0.0,5,0,25,25,25,True,False,False,1,30,False,MISMATCH,MISMATCH,MISMATCH,MISMATCH,mass_power,sqrt(x0) * 0.06540512,mass_power,False,,0.863143471230606,,4.266666666666667,,,13,13,M0_NOT_REJECTED,STRUCTURAL_ACCEPTED,all_passed,0.8662319775590683,4,0.2068068904385307,3.767878362413318
PB|held_out|F10|r002,F10,F10,mass_interaction,descriptor|descriptor2|mass,sqrt(mass) * (1 + coefficient * descriptor * descriptor2),FAILURE,False,GENERATION,GENERATION,SEARCH_GENERATION_FAILURE,no seed's retained candidate matched truth support or truth family,True,True,,30,30,0,0,0,0,False,0.0,9,0,20,20,20,True,False,False,1,30,False,MISMATCH,MISMATCH,MISMATCH,MISMATCH,mass_power,sqrt(x0) * 0.060207974,mass_power,False,,0.8887374712227714,,4.466666666666667,,,7,7,BOUNDARY_LIMITED,UNEVALUABLE,a1_adequacy,0.8885049331007975,4,0.199338780907263,5.3309200379786725
PB|held_out|F10|r003,F10,F10,mass_interaction,descriptor|descriptor2|mass,sqrt(mass) * (1 + coefficient * descriptor * descriptor2),FAILURE,False,SELECTION_WITHIN_SEED_RETENTION,SELECTION_VOTING,SELECTION_FAILURE,3/30 seeds produced a G2-correct candidate but the largest identity class was a different expression (winner held 16 votes),True,True,,30,30,3,3,3,10,True,0.1,15,3,16,16,16,True,False,False,4,17,True,MISMATCH,MISMATCH,MISMATCH,MISMATCH,mass_power,sqrt(x0) / 16.182133,mass_power,False,0.9196154168429459,0.6994928754460515,11.333333333333334,5.925925925925926,0.22012254139689436,5.407407407407408,9,9,BOUNDARY_LIMITED,UNEVALUABLE,a1_adequacy,0.6997390896423172,4,0.22652960200997538,5.24718443703931
PB|held_out|F10|r004,F10,F10,mass_interaction,descriptor|descriptor2|mass,sqrt(mass) * (1 + coefficient * descriptor * descriptor2),FAILURE,False,GENERATION,GENERATION,SEARCH_GENERATION_FAILURE,no seed's retained candidate matched truth support or truth family,True,True,,30,30,0,0,0,4,False,0.0,5,0,25,25,25,True,False,False,3,26,False,MISMATCH,MISMATCH,MISMATCH,MISMATCH,mass_power,sqrt(x0) * 0.06530437,mass_power,False,,0.8759477462174151,,4.166666666666667,,,13,13,M0_NOT_REJECTED,STRUCTURAL_ACCEPTED,all_passed,0.903422277903593,4,0.191895096514934,5.895020256374584
PB|held_out|F10|r005,F10,F10,mass_interaction,descriptor|descriptor2|mass,sqrt(mass) * (1 + coefficient * descriptor * descriptor2),FAILURE,False,GENERATION,GENERATION,SEARCH_GENERATION_FAILURE,no seed's retained candidate matched truth support or truth family,True,True,,30,30,0,0,0,2,False,0.0,8,0,22,22,22,True,False,False,2,28,False,MISMATCH,MISMATCH,MISMATCH,MISMATCH,mass_power,sqrt(x0) * 0.060977876,mass_power,False,,0.7407182162227068,,4.2,,,9,9,M0_NOT_REJECTED,STRUCTURAL_ACCEPTED,all_passed,0.8297921838208121,4,0.19092259865074926,4.09754143736746
PB|held_out|F10|r006,F10,F10,mass_interaction,descriptor|descriptor2|mass,sqrt(mass) * (1 + coefficient * descriptor * descriptor2),FAILURE,False,GENERATION,GENERATION,SEARCH_GENERATION_FAILURE,no seed's retained candidate matched truth support or truth family,True,True,,30,30,0,0,0,8,False,0.0,9,0,21,21,21,True,False,False,3,22,False,MISMATCH,MISMATCH,MISMATCH,MISMATCH,mass_power,sqrt(x0) * 0.06301649,mass_power,False,,0.8223350876709347,,4.733333333333333,,,13,13,BOUNDARY_LIMITED,UNEVALUABLE,a1_adequacy,0.8513902020510475,4,0.2246348669911191,6.315688123394636
PB|held_out|F10|r007,F10,F10,mass_interaction,descriptor|descriptor2|mass,sqrt(mass) * (1 + coefficient * descriptor * descriptor2),FAILURE,False,SELECTION_WITHIN_SEED_RETENTION,SELECTION_VOTING,SELECTION_FAILURE,6/30 seeds produced a G2-correct candidate but the largest identity class was a different expression (winner held 16 votes),True,True,,30,30,6,6,6,1,True,0.2,12,6,16,16,16,True,False,False,4,22,True,MISMATCH,MISMATCH,MISMATCH,MISMATCH,mass_power,sqrt(x0) * 0.06662608,mass_power,False,0.9565821598294817,0.719066830799887,12.0,4.75,0.2375153290295947,7.25,5,5,BOUNDARY_LIMITED,UNEVALUABLE,a1_adequacy,0.7074138485221082,4,0.22561146743182425,3.8083997317596623
PB|held_out|F10|r008,F10,F10,mass_interaction,descriptor|descriptor2|mass,sqrt(mass) * (1 + coefficient * descriptor * descriptor2),FAILURE,False,SELECTION_WITHIN_SEED_RETENTION,SELECTION_VOTING,SELECTION_FAILURE,3/30 seeds produced a G2-correct candidate but the largest identity class was a different expression (winner held 21 votes),True,True,,30,30,3,3,3,1,True,0.1,7,3,21,21,21,True,False,False,3,26,True,MISMATCH,MISMATCH,MISMATCH,MISMATCH,mass_power,sqrt(x0) * 0.065695085,mass_power,False,0.9550403275030986,0.8045689877138565,11.666666666666666,4.074074074074074,0.1504713397892421,7.592592592592592,11,11,M0_NOT_REJECTED,STRUCTURAL_ACCEPTED,all_passed,0.8341476277821229,4,0.19454295803264518,4.660172280062966
PB|held_out|F10|r009,F10,F10,mass_interaction,descriptor|descriptor2|mass,sqrt(mass) * (1 + coefficient * descriptor * descriptor2),FAILURE,False,GENERATION,GENERATION,SEARCH_GENERATION_FAILURE,no seed's retained candidate matched truth support or truth family,True,True,,30,30,0,0,0,0,False,0.0,3,0,28,28,28,True,False,False,1,30,False,MISMATCH,MISMATCH,MISMATCH,MISMATCH,mass_power,sqrt(x0) * 0.061906807,mass_power,False,,0.8437264631667003,,4.233333333333333,,,12,12,M0_NOT_REJECTED,STRUCTURAL_ACCEPTED,all_passed,0.8463440484437792,4,0.23427647488451211,4.189201805014024
PB|held_out|F10|r010,F10,F10,mass_interaction,descriptor|descriptor2|mass,sqrt(mass) * (1 + coefficient * descriptor * descriptor2),FAILURE,False,SELECTION_WITHIN_SEED_RETENTION,SELECTION_VOTING,SELECTION_FAILURE,2/30 seeds produced a G2-correct candidate but the largest identity class was a different expression (winner held 23 votes),True,True,,30,30,2,2,2,3,True,0.06666666666666667,8,2,23,23,23,True,False,False,4,25,True,MISMATCH,MISMATCH,MISMATCH,MISMATCH,mass_power,sqrt(x0) * 0.06311648,mass_power,False,0.9602054627219277,0.7978757891679928,11.0,4.607142857142857,0.1623296735539349,6.392857142857143,14,14,BOUNDARY_LIMITED,UNEVALUABLE,a1_adequacy,0.8019022590891514,4,0.17048693737566137,5.035604072473239
PB|held_out|F10|r011,F10,F10,mass_interaction,descriptor|descriptor2|mass,sqrt(mass) * (1 + coefficient * descriptor * descriptor2),FAILURE,False,SELECTION_WITHIN_SEED_RETENTION,SELECTION_VOTING,SELECTION_FAILURE,1/30 seeds produced a G2-correct candidate but the largest identity class was a different expression (winner held 18 votes),True,True,,30,30,1,1,1,4,True,0.03333333333333333,11,1,18,18,18,True,False,False,3,25,True,MISMATCH,MISMATCH,MISMATCH,MISMATCH,mass_power,sqrt(x0 / 243.56528),mass_power,False,0.9630850773571812,0.6995621153095557,11.0,4.206896551724138,0.2635229620476255,6.793103448275862,9,9,BOUNDARY_LIMITED,UNEVALUABLE,a1_adequacy,0.7616751340305199,4,0.20123484099563957,5.267436996391325
PB|held_out|F11|r000,F11,F11,mass_affine_descriptor,descriptor|mass,sqrt(mass) * (1 + coefficient * descriptor),FAILURE,False,GENERATION,GENERATION,SEARCH_GENERATION_FAILURE,no seed's retained candidate matched truth support or truth family,True,True,,30,30,0,0,0,1,False,0.0,9,0,21,21,21,True,False,False,2,29,False,MISMATCH,MISMATCH,MISMATCH,MISMATCH,mass_power,sqrt(x0) * 0.061785463,mass_power,False,,0.8346864555133032,,4.466666666666667,,,18,19,BOUNDARY_LIMITED,UNEVALUABLE,a1_adequacy,0.8519678914552067,4,0.19323261256254956,5.215094884910986
PB|held_out|F11|r001,F11,F11,mass_affine_descriptor,descriptor|mass,sqrt(mass) * (1 + coefficient * descriptor),UNEVALUABLE,False,SELECTION_WITHIN_SEED_RETENTION,SELECTION_VOTING,SELECTION_FAILURE,6/30 seeds produced a G2-correct candidate but the largest identity class was a different expression (winner held 2 votes),True,True,,30,30,15,6,6,12,True,0.2,29,6,2,2,2,True,False,False,4,12,True,MATCH,FAMILY_UNRESOLVED,MATCH,FAMILY_UNRESOLVED,,cube(x1 + log(x0)) * 0.004713337,None,False,0.9744489420358634,0.9236211395773378,8.166666666666666,5.875,0.050827802458525584,2.291666666666666,2,2,M0_NOT_REJECTED,REJECTED_UNSTABLE,stability,0.9470728422606486,7,0.23396547532426484,4.320597441799689
PB|held_out|F11|r002,F11,F11,mass_affine_descriptor,descriptor|mass,sqrt(mass) * (1 + coefficient * descriptor),UNEVALUABLE,False,SELECTION_WITHIN_SEED_RETENTION,SELECTION_VOTING,SELECTION_FAILURE,3/30 seeds produced a G2-correct candidate but the largest identity class was a different expression (winner held 11 votes),True,True,,30,30,9,3,3,24,True,0.1,20,3,11,11,11,True,False,False,5,19,True,MISMATCH,FAMILY_UNRESOLVED,MISMATCH,FAMILY_UNRESOLVED,,x1 + 0.5872008,None,False,0.9647802274648996,0.7444448734349879,9.0,4.666666666666667,0.22033535402991167,4.333333333333333,1,2,BOUNDARY_LIMITED,UNEVALUABLE,a1_adequacy,0.6717471237744602,3,0.1798400945241013,5.351079627908562
PB|held_out|F11|r003,F11,F11,mass_affine_descriptor,descriptor|mass,sqrt(mass) * (1 + coefficient * descriptor),FAILURE,False,GENERATION_FAMILY,GENERATION_FAMILY,SEARCH_GENERATION_FAILURE,1/30 seeds reached the right support but no seed reached the right family,True,True,,30,30,1,0,0,5,False,0.0,13,0,15,15,15,True,False,False,3,24,False,MISMATCH,MISMATCH,MISMATCH,MISMATCH,mass_power,sqrt(x0) * 0.059922334,mass_power,False,,0.8773268279510057,,4.633333333333334,,,11,11,BOUNDARY_LIMITED,UNEVALUABLE,a1_adequacy,0.861713109982474,4,0.21118781174803153,6.036879266192339
PB|held_out|F11|r004,F11,F11,mass_affine_descriptor,descriptor|mass,sqrt(mass) * (1 + coefficient * descriptor),FAILURE,False,SELECTION_WITHIN_SEED_RETENTION,SELECTION_VOTING,SELECTION_FAILURE,9/30 seeds produced a G2-correct candidate but the largest identity class was a different expression (winner held 10 votes),True,True,,30,30,15,9,9,8,True,0.3,19,9,10,10,10,True,False,False,4,13,True,MISMATCH,MISMATCH,MISMATCH,MISMATCH,mass_power,sqrt(x0 / 245.3782),mass_power,False,0.9837666629485712,0.8872709427877885,8.555555555555555,5.571428571428571,0.09649572016078267,2.984126984126984,6,6,BOUNDARY_LIMITED,UNEVALUABLE,a1_adequacy,0.8624431803358462,4,0.18978451364032722,4.87920165549788
PB|held_out|F11|r005,F11,F11,mass_affine_descriptor,descriptor|mass,sqrt(mass) * (1 + coefficient * descriptor),FAILURE,False,SELECTION_WITHIN_SEED_RETENTION,SELECTION_VOTING,SELECTION_FAILURE,5/30 seeds produced a G2-correct candidate but the largest identity class was a different expression (winner held 10 votes),True,True,,30,30,17,5,5,15,True,0.16666666666666666,18,5,10,10,10,True,False,False,4,12,True,MISMATCH,MISMATCH,MISMATCH,MISMATCH,mass_power,sqrt(x0) * 0.061988596,None,False,0.9634345052067411,0.8642986171812846,8.4,6.36,0.09913588802545648,2.04,7,7,M0_NOT_REJECTED,REJECTED_UNSTABLE,stability,0.854740342969589,4,0.20161914813911896,5.056294224467438
PB|held_out|F11|r006,F11,F11,mass_affine_descriptor,descriptor|mass,sqrt(mass) * (1 + coefficient * descriptor),FAILURE,False,SELECTION_WITHIN_SEED_RETENTION,SELECTION_VOTING,SELECTION_FAILURE,5/30 seeds produced a G2-correct candidate but the largest identity class was a different expression (winner held 9 votes),True,True,,30,30,20,5,5,15,True,0.16666666666666666,21,5,9,9,9,True,False,False,3,15,True,MISMATCH,MISMATCH,MISMATCH,MISMATCH,mass_power,sqrt(x0) * 0.06650535,None,False,0.9715792666979486,0.7913333063652577,9.0,6.68,0.1802459603326909,2.3200000000000003,7,7,M0_NOT_REJECTED,REJECTED_UNSTABLE,stability,0.5561940881742324,4,0.23392538488657771,4.535761870063758
PB|held_out|F11|r007,F11,F11,mass_affine_descriptor,descriptor|mass,sqrt(mass) * (1 + coefficient * descriptor),UNEVALUABLE,False,SELECTION_WITHIN_SEED_RETENTION,SELECTION_VOTING,SELECTION_FAILURE,3/30 seeds produced a G2-correct candidate but the largest identity class was a different expression (winner held 8 votes),True,True,,30,30,11,3,3,22,True,0.1,18,3,8,8,8,True,False,False,5,15,True,MISMATCH,FAMILY_UNRESOLVED,MISMATCH,FAMILY_UNRESOLVED,,x1 + 0.6779648,None,False,0.9295606977593502,0.6391176827141853,8.0,5.0,0.2904430150451649,3.0,1,2,BOUNDARY_LIMITED,UNEVALUABLE,a1_adequacy,0.43430123853441105,3,0.2518123868526333,6.002686641183285
PB|held_out|F11|r008,F11,F11,mass_affine_descriptor,descriptor|mass,sqrt(mass) * (1 + coefficient * descriptor),FAILURE,False,GENERATION,GENERATION,SEARCH_GENERATION_FAILURE,no seed's retained candidate matched truth support or truth family,True,True,,30,30,0,0,0,0,False,0.0,8,0,18,18,18,True,False,False,1,30,False,MISMATCH,MISMATCH,MISMATCH,MISMATCH,mass_power,sqrt(x0) * 0.06338616,mass_power,False,,0.8670482652698891,,4.6,,,12,12,BOUNDARY_LIMITED,UNEVALUABLE,a1_adequacy,0.887500450281354,4,0.2040571598562807,4.10214724347422
PB|held_out|F11|r009,F11,F11,mass_affine_descriptor,descriptor|mass,sqrt(mass) * (1 + coefficient * descriptor),FAILURE,False,SELECTION_WITHIN_SEED_RETENTION,SELECTION_VOTING,SELECTION_FAILURE,9/30 seeds produced a G2-correct candidate but the largest identity class was a different expression (winner held 4 votes),True,True,,30,30,13,9,9,6,True,0.3,24,9,4,4,4,True,False,False,4,15,True,MISMATCH,MISMATCH,MISMATCH,MISMATCH,mass_power,sqrt(x0) * 0.06307586,mass_power,False,0.9803193945241824,0.9065806076757473,9.11111111111111,5.714285714285714,0.07373878684843505,3.3968253968253963,1,1,M0_NOT_REJECTED,REJECTED_UNSTABLE,stability,0.9108337831036682,4,0.17144865529985523,6.299620276509227
PB|held_out|F11|r010,F11,F11,mass_affine_descriptor,descriptor|mass,sqrt(mass) * (1 + coefficient * descriptor),SUCCESS,True,NONE,NONE,NONE_SUCCESS,case is a G2 success,True,True,,30,30,28,11,11,18,True,0.36666666666666664,29,10,2,2,2,True,True,False,4,16,True,MATCH,MATCH,MATCH,MATCH,mass_affine_descriptor,sqrt(x0) * ((x1 * 0.02897169) - -0.050662126),None,False,0.9842788728868438,0.9132667356158438,8.545454545454545,8.157894736842104,0.07101213727099998,0.38755980861244055,1,2,BOUNDARY_LIMITED,UNEVALUABLE,a1_adequacy,0.9854000417137999,8,0.23757487207639189,6.240850192716582
PB|held_out|F11|r011,F11,F11,mass_affine_descriptor,descriptor|mass,sqrt(mass) * (1 + coefficient * descriptor),UNEVALUABLE,False,GENERATION,GENERATION,SEARCH_GENERATION_FAILURE,no seed's retained candidate matched truth support or truth family,True,True,,30,30,0,0,0,29,False,0.0,4,0,27,27,27,True,False,False,2,29,False,MISMATCH,FAMILY_UNRESOLVED,MISMATCH,FAMILY_UNRESOLVED,,x1 + 0.5769277,None,False,,0.7422896833556005,,3.066666666666667,,,1,1,BOUNDARY_LIMITED,UNEVALUABLE,a1_adequacy,0.736169100171264,3,0.21546943441280317,8.341060576228159
PB|held_out|F12|r000,F12,F12,mass_affine_descriptor,descriptor|mass,sqrt(mass) * (1 + coefficient * descriptor),SUCCESS,True,NONE,NONE,NONE_SUCCESS,case is a G2 success,True,True,,30,30,18,6,6,14,True,0.2,28,5,2,2,2,True,True,False,4,12,True,MATCH,MATCH,MATCH,MATCH,mass_affine_descriptor,sqrt(x0) * (0.0539287 - (x1 * -0.02557102)),None,False,0.9863529744418685,0.9430817190744704,8.833333333333334,6.75,0.043271255367398176,2.083333333333334,1,2,M0_NOT_REJECTED,REJECTED_UNSTABLE,stability,0.988863788782498,8,0.21050445529235945,6.330893440531486
PB|held_out|F12|r001,F12,F12,mass_affine_descriptor,descriptor|mass,sqrt(mass) * (1 + coefficient * descriptor),FAILURE,False,SELECTION_WITHIN_SEED_RETENTION,SELECTION_VOTING,SELECTION_FAILURE,5/30 seeds produced a G2-correct candidate but the largest identity class was a different expression (winner held 11 votes),True,True,,30,30,18,5,5,13,True,0.16666666666666666,18,5,11,11,11,True,False,False,5,12,True,MISMATCH,MISMATCH,MISMATCH,MISMATCH,mass_power,x0 * 0.0037038706,None,False,0.9720311582599775,0.8602256066072849,8.2,5.64,0.11180555165269268,2.5599999999999996,2,2,M0_NOT_REJECTED,REJECTED_UNSTABLE,stability,0.7510511368851184,3,0.20812646960242037,4.90255877918904
PB|held_out|F12|r002,F12,F12,mass_affine_descriptor,descriptor|mass,sqrt(mass) * (1 + coefficient * descriptor),FAILURE,False,SELECTION_WITHIN_SEED_RETENTION,SELECTION_VOTING,SELECTION_FAILURE,8/30 seeds produced a G2-correct candidate but the largest identity class was a different expression (winner held 15 votes),True,True,,30,30,14,8,8,7,True,0.26666666666666666,15,8,15,15,15,True,False,False,4,15,True,MISMATCH,MISMATCH,MISMATCH,MISMATCH,mass_power,sqrt(x0) * 0.06460443,mass_power,False,0.9396336858682255,0.8008443325449828,8.5,5.2272727272727275,0.13878935332324271,3.2727272727272725,9,9,BOUNDARY_LIMITED,UNEVALUABLE,a1_adequacy,0.7646438008040493,4,0.20279072921213592,4.883720896055866
PB|held_out|F12|r003,F12,F12,mass_affine_descriptor,descriptor|mass,sqrt(mass) * (1 + coefficient * descriptor),FAILURE,False,SELECTION_WITHIN_SEED_RETENTION,SELECTION_VOTING,SELECTION_FAILURE,6/30 seeds produced a G2-correct candidate but the largest identity class was a different expression (winner held 6 votes),True,True,,30,30,18,6,6,14,True,0.2,22,6,6,6,6,True,False,False,5,11,True,MISMATCH,MISMATCH,MISMATCH,MISMATCH,mass_power,x0 * 0.00366681,None,False,0.9624736924322873,0.7652648618528182,8.833333333333334,6.291666666666667,0.19720883057946914,2.541666666666667,3,3,BOUNDARY_LIMITED,UNEVALUABLE,a1_adequacy,0.5301328222371497,3,0.2349748744784841,4.961973179382234
PB|held_out|F12|r004,F12,F12,mass_affine_descriptor,descriptor|mass,sqrt(mass) * (1 + coefficient * descriptor),UNEVALUABLE,False,SELECTION_WITHIN_SEED_RETENTION,SELECTION_VOTING,SELECTION_FAILURE,7/30 seeds produced a G2-correct candidate but the largest identity class was a different expression (winner held 3 votes),True,True,,30,30,10,7,7,9,True,0.23333333333333334,27,7,3,3,3,True,False,False,4,14,True,MISMATCH,FAMILY_UNRESOLVED,MISMATCH,FAMILY_UNRESOLVED,,x1 + 0.54970866,mass_power,False,0.9818206669504251,0.8563795162266779,8.857142857142858,5.0,0.12544115072374729,3.8571428571428577,1,1,BOUNDARY_LIMITED,UNEVALUABLE,a1_adequacy,0.7137608934748609,3,0.1884692899770754,5.978385381752844
PB|held_out|F12|r005,F12,F12,mass_affine_descriptor,descriptor|mass,sqrt(mass) * (1 + coefficient * descriptor),UNEVALUABLE,False,SELECTION_WITHIN_SEED_RETENTION,SELECTION_VOTING,SELECTION_FAILURE,7/30 seeds produced a G2-correct candidate but the largest identity class was a different expression (winner held 7 votes),True,True,,30,30,22,7,7,23,True,0.23333333333333334,24,7,7,7,7,True,False,False,3,15,True,MISMATCH,FAMILY_UNRESOLVED,MISMATCH,FAMILY_UNRESOLVED,,x1 + 0.5893492,None,False,0.9329491503599554,0.708694932076029,8.0,6.913043478260869,0.22425421828392644,1.0869565217391308,1,1,BOUNDARY_LIMITED,UNEVALUABLE,a1_adequacy,0.33945079916599774,3,0.252262821877623,4.376268562855681
PB|held_out|F12|r006,F12,F12,mass_affine_descriptor,descriptor|mass,sqrt(mass) * (1 + coefficient * descriptor),FAILURE,False,GENERATION,GENERATION,SEARCH_GENERATION_FAILURE,no seed's retained candidate matched truth support or truth family,True,True,,30,30,0,0,0,0,False,0.0,3,0,28,28,28,True,False,False,1,30,False,MISMATCH,MISMATCH,MISMATCH,MISMATCH,mass_power,sqrt(x0) * 0.06365609,mass_power,False,,0.8928650375589128,,4.1,,,15,16,BOUNDARY_LIMITED,UNEVALUABLE,a1_adequacy,0.890751555007327,4,0.19972624215364226,6.742821081725817
PB|held_out|F12|r007,F12,F12,mass_affine_descriptor,descriptor|mass,sqrt(mass) * (1 + coefficient * descriptor),UNEVALUABLE,False,SELECTION_WITHIN_SEED_RETENTION,SELECTION_VOTING,SELECTION_FAILURE,2/30 seeds produced a G2-correct candidate but the largest identity class was a different expression (winner held 7 votes),True,True,,30,30,5,2,2,28,True,0.06666666666666667,18,2,7,7,7,True,False,False,3,25,True,MISMATCH,FAMILY_UNRESOLVED,MISMATCH,FAMILY_UNRESOLVED,,x1 + 0.55857205,None,False,0.9871211980022654,0.7478548027030781,8.5,3.642857142857143,0.23926639529918725,4.857142857142858,1,1,BOUNDARY_LIMITED,UNEVALUABLE,a1_adequacy,0.7194212488100827,3,0.2083444010457969,5.853225858609861
PB|held_out|F12|r008,F12,F12,mass_affine_descriptor,descriptor|mass,sqrt(mass) * (1 + coefficient * descriptor),FAILURE,False,GENERATION_FAMILY,GENERATION_FAMILY,SEARCH_GENERATION_FAILURE,2/30 seeds reached the right support but no seed reached the right family,True,True,,30,30,2,0,0,4,False,0.0,8,0,22,22,22,True,False,False,3,26,False,MISMATCH,MISMATCH,MISMATCH,MISMATCH,mass_power,sqrt(x0) * 0.06298955,mass_power,False,,0.8818987944004436,,4.633333333333334,,,14,14,BOUNDARY_LIMITED,UNEVALUABLE,a1_adequacy,0.8969500335943246,4,0.1987175599260243,9.691694656314997
PB|held_out|F12|r009,F12,F12,mass_affine_descriptor,descriptor|mass,sqrt(mass) * (1 + coefficient * descriptor),FAILURE,False,SELECTION_WITHIN_SEED_RETENTION,SELECTION_VOTING,SELECTION_FAILURE,1/30 seeds produced a G2-correct candidate but the largest identity class was a different expression (winner held 27 votes),True,True,,30,30,1,1,1,0,True,0.03333333333333333,3,1,27,27,27,True,False,False,2,29,True,MISMATCH,MISMATCH,MISMATCH,MISMATCH,mass_power,sqrt(x0) * 0.0631569,mass_power,False,0.9735899137513392,0.8774160343588415,9.0,4.137931034482759,0.09617387939249766,4.862068965517241,16,16,M0_NOT_REJECTED,STRUCTURAL_ACCEPTED,all_passed,0.8741029070535353,4,0.21720974566717638,4.227674779147099
PB|held_out|F12|r010,F12,F12,mass_affine_descriptor,descriptor|mass,sqrt(mass) * (1 + coefficient * descriptor),FAILURE,False,SELECTION_WITHIN_SEED_RETENTION,SELECTION_VOTING,SELECTION_FAILURE,1/30 seeds produced a G2-correct candidate but the largest identity class was a different expression (winner held 19 votes),True,True,,30,30,3,1,1,10,True,0.03333333333333333,10,1,19,19,19,True,False,False,4,19,True,MISMATCH,MISMATCH,MISMATCH,MISMATCH,mass_power,sqrt(0.0041696676 * x0),mass_power,False,0.935787841725153,0.6834347951282826,8.0,4.103448275862069,0.2523530465968703,3.8965517241379306,14,14,BOUNDARY_LIMITED,UNEVALUABLE,a1_adequacy,0.7855789650672373,4,0.20793596903412026,5.1615879750660305
PB|held_out|F12|r011,F12,F12,mass_affine_descriptor,descriptor|mass,sqrt(mass) * (1 + coefficient * descriptor),UNEVALUABLE,False,SELECTION_WITHIN_SEED_RETENTION,SELECTION_VOTING,SELECTION_FAILURE,5/30 seeds produced a G2-correct candidate but the largest identity class was a different expression (winner held 1 votes),True,True,,30,30,9,5,5,4,True,0.16666666666666666,30,5,1,1,1,True,False,False,3,21,True,MATCH,FAMILY_UNRESOLVED,MATCH,FAMILY_UNRESOLVED,,cube(sqrt(square(x1 + 1.9487005) + sqrt(x0))) * 0.0102731595,mass_power,False,0.9716926380580386,0.94006868877795,9.4,5.84,0.031623949280088604,3.5600000000000005,1,1,BOUNDARY_LIMITED,UNEVALUABLE,a1_adequacy,0.9764169098855561,11,0.19217286023367972,5.831351844601741
PB|held_out|F17|r000,F17,F17,mass_affine_descriptor,descriptor|mass,sqrt(mass) * (1 + coefficient * descriptor),FAILURE,False,SELECTION_WITHIN_SEED_RETENTION,SELECTION_VOTING,SELECTION_FAILURE,5/30 seeds produced a G2-correct candidate but the largest identity class was a different expression (winner held 13 votes),True,True,,30,30,13,5,5,10,True,0.16666666666666666,17,5,13,13,13,True,False,False,5,14,True,MISMATCH,MISMATCH,MISMATCH,MISMATCH,mass_power,sqrt(x0) * 0.06314372,mass_power,False,0.9461799247172615,0.8669563772733744,9.2,5.44,0.07922354744388715,3.759999999999999,11,11,M0_NOT_REJECTED,REJECTED_UNSTABLE,stability,0.8641780152333415,4,0.18608008514056304,4.1689542049047565
PB|held_out|F17|r001,F17,F17,mass_affine_descriptor,descriptor|mass,sqrt(mass) * (1 + coefficient * descriptor),FAILURE,False,SELECTION_WITHIN_SEED_RETENTION,SELECTION_VOTING,SELECTION_FAILURE,4/30 seeds produced a G2-correct candidate but the largest identity class was a different expression (winner held 18 votes),True,True,,30,30,11,4,4,7,True,0.13333333333333333,13,4,18,18,18,True,False,False,5,18,True,MISMATCH,MISMATCH,MISMATCH,MISMATCH,mass_power,x0 * 0.0037425621,mass_power,False,0.9350655737543452,0.7937510163053972,8.0,4.576923076923077,0.14131455744894794,3.4230769230769234,3,3,M0_NOT_REJECTED,REJECTED_UNSTABLE,stability,0.7454368477059397,3,0.20948464420889318,4.742935830521671
PB|held_out|F17|r002,F17,F17,mass_affine_descriptor,descriptor|mass,sqrt(mass) * (1 + coefficient * descriptor),FAILURE,False,GENERATION,GENERATION,SEARCH_GENERATION_FAILURE,no seed's retained candidate matched truth support or truth family,True,True,,30,30,0,0,0,1,False,0.0,5,0,26,26,26,True,False,False,2,29,False,MISMATCH,MISMATCH,MISMATCH,MISMATCH,mass_power,sqrt(x0) * 0.06151238,mass_power,False,,0.8292618353683826,,4.166666666666667,,,11,11,BOUNDARY_LIMITED,UNEVALUABLE,a1_adequacy,0.8218929331175211,4,0.20729453005351056,4.525473991178142
PB|held_out|F17|r003,F17,F17,mass_affine_descriptor,descriptor|mass,sqrt(mass) * (1 + coefficient * descriptor),FAILURE,False,SELECTION_WITHIN_SEED_RETENTION,SELECTION_VOTING,SELECTION_FAILURE,3/30 seeds produced a G2-correct candidate but the largest identity class was a different expression (winner held 16 votes),True,True,,29,29,10,3,3,8,True,0.1,13,2,16,16,16,True,False,False,3,19,True,MISMATCH,MISMATCH,MISMATCH,MISMATCH,mass_power,sqrt(x0) * 0.058543194,mass_power,False,0.9748129878315313,0.9133782685956784,8.0,5.423076923076923,0.061434719235852864,2.5769230769230766,12,12,BOUNDARY_LIMITED,UNEVALUABLE,a1_adequacy,0.8846903757292148,4,0.1982261043481212,5.979166002217988
PB|held_out|F17|r004,F17,F17,mass_affine_descriptor,descriptor|mass,sqrt(mass) * (1 + coefficient * descriptor),UNEVALUABLE,False,SELECTION_WITHIN_SEED_RETENTION,SELECTION_VOTING,SELECTION_FAILURE,5/30 seeds produced a G2-correct candidate but the largest identity class was a different expression (winner held 4 votes),True,True,,30,30,9,5,5,24,True,0.16666666666666666,25,5,4,4,4,True,False,False,4,20,True,MISMATCH,FAMILY_UNRESOLVED,MISMATCH,FAMILY_UNRESOLVED,,x1 + 0.607603,None,False,0.9795779442195434,0.8326628267891054,9.0,3.92,0.14691511743043795,5.08,1,2,M0_NOT_REJECTED,REJECTED_UNSTABLE,stability,0.8009926629501596,3,0.18995752666609048,4.581595915135633
PB|held_out|F17|r005,F17,F17,mass_affine_descriptor,descriptor|mass,sqrt(mass) * (1 + coefficient * descriptor),FAILURE,False,GENERATION,GENERATION,SEARCH_GENERATION_FAILURE,no seed's retained candidate matched truth support or truth family,True,True,,30,30,0,0,0,0,False,0.0,7,0,20,20,20,True,False,False,1,30,False,MISMATCH,MISMATCH,MISMATCH,MISMATCH,mass_power,sqrt(x0) * 0.06348582,mass_power,False,,0.8911951100168258,,4.466666666666667,,,8,8,BOUNDARY_LIMITED,UNEVALUABLE,a1_adequacy,0.9012228168102656,4,0.18073384970976517,5.543278417217057
PB|held_out|F17|r006,F17,F17,mass_affine_descriptor,descriptor|mass,sqrt(mass) * (1 + coefficient * descriptor),UNEVALUABLE,False,SELECTION_WITHIN_SEED_RETENTION,SELECTION_VOTING,SELECTION_FAILURE,1/30 seeds produced a G2-correct candidate but the largest identity class was a different expression (winner held 6 votes),True,True,,30,30,5,1,1,27,True,0.03333333333333333,19,1,6,6,6,True,False,False,4,23,True,MISMATCH,FAMILY_UNRESOLVED,MISMATCH,FAMILY_UNRESOLVED,,x1 + 0.50741595,None,False,0.9785840460267169,0.7468991704557776,9.0,4.0,0.2316848755709393,5.0,1,1,BOUNDARY_LIMITED,UNEVALUABLE,a1_adequacy,0.690478175395594,3,0.21305414926748195,6.850490274984649
PB|held_out|F17|r007,F17,F17,mass_affine_descriptor,descriptor|mass,sqrt(mass) * (1 + coefficient * descriptor),UNEVALUABLE,False,SELECTION_WITHIN_SEED_RETENTION,SELECTION_VOTING,SELECTION_FAILURE,4/30 seeds produced a G2-correct candidate but the largest identity class was a different expression (winner held 9 votes),True,True,,30,30,12,4,4,23,True,0.13333333333333333,18,4,9,9,9,True,False,False,4,15,True,MISMATCH,FAMILY_UNRESOLVED,MISMATCH,FAMILY_UNRESOLVED,,x1 + 0.5718898,None,False,0.9810978762224909,0.8691628638281725,9.0,5.576923076923077,0.11193501239431836,3.4230769230769234,1,1,BOUNDARY_LIMITED,UNEVALUABLE,a1_adequacy,0.7988617983065116,3,0.22561932679292598,6.239184669464947
PB|held_out|F17|r008,F17,F17,mass_affine_descriptor,descriptor|mass,sqrt(mass) * (1 + coefficient * descriptor),UNEVALUABLE,False,SELECTION_WITHIN_SEED_RETENTION,SELECTION_VOTING,SELECTION_FAILURE,7/30 seeds produced a G2-correct candidate but the largest identity class was a different expression (winner held 13 votes),True,True,,30,30,13,7,7,19,True,0.23333333333333334,18,7,13,13,13,True,False,False,5,14,True,MISMATCH,FAMILY_UNRESOLVED,MISMATCH,FAMILY_UNRESOLVED,,x1 + 0.6122492,None,False,0.9744997946418055,0.8096027314023224,8.285714285714286,4.956521739130435,0.16489706323948305,3.329192546583852,1,2,M0_NOT_REJECTED,REJECTED_UNSTABLE,stability,0.7480894362464096,3,0.21986898031631177,4.22703918674346
PB|held_out|F17|r009,F17,F17,mass_affine_descriptor,descriptor|mass,sqrt(mass) * (1 + coefficient * descriptor),FAILURE,False,GENERATION,GENERATION,SEARCH_GENERATION_FAILURE,no seed's retained candidate matched truth support or truth family,True,True,,30,30,0,0,0,0,False,0.0,8,0,21,21,21,True,False,False,1,30,False,MISMATCH,MISMATCH,MISMATCH,MISMATCH,mass_power,sqrt(x0) * 0.06247039,mass_power,False,,0.9047865237302226,,4.366666666666666,,,10,10,BOUNDARY_LIMITED,UNEVALUABLE,a1_adequacy,0.9226089023066076,4,0.20478523827009454,4.924544450513041
PB|held_out|F17|r010,F17,F17,mass_affine_descriptor,descriptor|mass,sqrt(mass) * (1 + coefficient * descriptor),FAILURE,False,SELECTION_WITHIN_SEED_RETENTION,SELECTION_VOTING,SELECTION_FAILURE,8/30 seeds produced a G2-correct candidate but the largest identity class was a different expression (winner held 9 votes),True,True,,30,30,14,8,8,10,True,0.26666666666666666,22,8,9,9,9,True,False,False,4,12,True,MISMATCH,MISMATCH,MISMATCH,MISMATCH,mass_power,0.06450606 * sqrt(x0),mass_power,False,0.9752048253957333,0.8748099164274229,8.375,5.5,0.10039490896831038,2.875,7,7,M0_NOT_REJECTED,REJECTED_UNSTABLE,stability,0.8738565008009819,4,0.19429680598495477,7.325277278042276
PB|held_out|F17|r011,F17,F17,mass_affine_descriptor,descriptor|mass,sqrt(mass) * (1 + coefficient * descriptor),FAILURE,False,SELECTION_WITHIN_SEED_RETENTION,SELECTION_VOTING,SELECTION_FAILURE,5/30 seeds produced a G2-correct candidate but the largest identity class was a different expression (winner held 13 votes),True,True,,30,30,13,5,5,9,True,0.16666666666666666,18,5,13,13,13,True,False,False,4,16,True,MISMATCH,MISMATCH,MISMATCH,MISMATCH,mass_power,sqrt(x0) * 0.064021446,mass_power,False,0.9893707347779381,0.8966193936586762,8.8,6.64,0.09275134111926198,2.160000000000001,9,9,BOUNDARY_LIMITED,UNEVALUABLE,a1_adequacy,0.8465032509420424,4,0.2241248560719638,6.013964455300922
PB|held_out|F18|r000,F18,F18,mass_exponential_descriptor,descriptor|mass,sqrt(mass) * exp(coefficient * descriptor / 3),FAILURE,False,REPRESENTATION,REPRESENTATION,GRAMMAR_REPRESENTABILITY,"frozen grammar lacks exp; the classifier can never emit mass_exponential_descriptor, so no search outcome could have succeeded",False,False,exp,30,30,1,0,0,1,False,0.0,6,0,21,21,21,True,False,False,2,29,False,MISMATCH,MISMATCH,MISMATCH,MISMATCH,mass_power,sqrt(x0) * 0.0674076,mass_power,False,,0.912311152777156,,4.7,,,13,13,M0_NOT_REJECTED,STRUCTURAL_ACCEPTED,all_passed,0.9314726273271838,4,0.20709979592876335,5.48991865932393
PB|held_out|F18|r001,F18,F18,mass_exponential_descriptor,descriptor|mass,sqrt(mass) * exp(coefficient * descriptor / 3),FAILURE,False,REPRESENTATION,REPRESENTATION,GRAMMAR_REPRESENTABILITY,"frozen grammar lacks exp; the classifier can never emit mass_exponential_descriptor, so no search outcome could have succeeded",False,False,exp,30,30,0,0,0,0,False,0.0,7,0,22,22,22,True,False,False,1,30,False,MISMATCH,MISMATCH,MISMATCH,MISMATCH,mass_power,sqrt(x0 / 258.22543),mass_power,False,,0.9345471425001379,,4.366666666666666,,,8,8,M0_NOT_REJECTED,STRUCTURAL_ACCEPTED,all_passed,0.9397809918560276,4,0.1967238623449816,5.192015461052714
PB|held_out|F18|r002,F18,F18,mass_exponential_descriptor,descriptor|mass,sqrt(mass) * exp(coefficient * descriptor / 3),FAILURE,False,REPRESENTATION,REPRESENTATION,GRAMMAR_REPRESENTABILITY,"frozen grammar lacks exp; the classifier can never emit mass_exponential_descriptor, so no search outcome could have succeeded",False,False,exp,30,30,0,0,0,0,False,0.0,6,0,23,23,23,True,False,False,1,30,False,MISMATCH,MISMATCH,MISMATCH,MISMATCH,mass_power,sqrt(x0) * 0.06312979,mass_power,False,,0.949305698182201,,4.233333333333333,,,8,8,M0_NOT_REJECTED,STRUCTURAL_ACCEPTED,all_passed,0.9580272724282853,4,0.21522566337136553,4.899968859785114
PB|held_out|F18|r003,F18,F18,mass_exponential_descriptor,descriptor|mass,sqrt(mass) * exp(coefficient * descriptor / 3),FAILURE,False,REPRESENTATION,REPRESENTATION,GRAMMAR_REPRESENTABILITY,"frozen grammar lacks exp; the classifier can never emit mass_exponential_descriptor, so no search outcome could have succeeded",False,False,exp,30,30,0,0,0,0,False,0.0,4,0,22,22,22,True,False,False,1,30,False,MISMATCH,MISMATCH,MISMATCH,MISMATCH,mass_power,sqrt(x0) * 0.06583118,mass_power,False,,0.9675211403372479,,4.266666666666667,,,15,15,BOUNDARY_LIMITED,UNEVALUABLE,a1_adequacy,0.9665451243439966,4,0.20283659552613817,4.899246930974893
PB|held_out|F18|r004,F18,F18,mass_exponential_descriptor,descriptor|mass,sqrt(mass) * exp(coefficient * descriptor / 3),FAILURE,False,REPRESENTATION,REPRESENTATION,GRAMMAR_REPRESENTABILITY,"frozen grammar lacks exp; the classifier can never emit mass_exponential_descriptor, so no search outcome could have succeeded",False,False,exp,30,30,0,0,0,0,False,0.0,3,0,23,23,23,True,False,False,1,30,False,MISMATCH,MISMATCH,MISMATCH,MISMATCH,mass_power,0.063700505 * sqrt(x0),mass_power,False,,0.9255840519100748,,4.3,,,20,20,M0_NOT_REJECTED,STRUCTURAL_ACCEPTED,all_passed,0.9320247186592759,4,0.20210464937641345,5.769754034239705
PB|held_out|F18|r005,F18,F18,mass_exponential_descriptor,descriptor|mass,sqrt(mass) * exp(coefficient * descriptor / 3),FAILURE,False,REPRESENTATION,REPRESENTATION,GRAMMAR_REPRESENTABILITY,"frozen grammar lacks exp; the classifier can never emit mass_exponential_descriptor, so no search outcome could have succeeded",False,False,exp,30,30,0,0,0,0,False,0.0,5,0,22,22,22,True,False,False,1,30,False,MISMATCH,MISMATCH,MISMATCH,MISMATCH,mass_power,sqrt(x0) * 0.06738667,mass_power,False,,0.8050775898321546,,4.3,,,5,5,M0_NOT_REJECTED,STRUCTURAL_ACCEPTED,all_passed,0.8273187144420076,4,0.2511711096269883,3.973658687595655
PB|held_out|F18|r006,F18,F18,mass_exponential_descriptor,descriptor|mass,sqrt(mass) * exp(coefficient * descriptor / 3),FAILURE,False,REPRESENTATION,REPRESENTATION,GRAMMAR_REPRESENTABILITY,"frozen grammar lacks exp; the classifier can never emit mass_exponential_descriptor, so no search outcome could have succeeded",False,False,exp,30,30,0,0,0,0,False,0.0,4,0,26,26,26,True,False,False,1,30,False,MISMATCH,MISMATCH,MISMATCH,MISMATCH,mass_power,sqrt(x0 / 250.02692),mass_power,False,,0.9618963893046057,,4.166666666666667,,,12,12,BOUNDARY_LIMITED,UNEVALUABLE,a1_adequacy,0.9656683605528579,4,0.22978247086740827,4.842711278932831
PB|held_out|F18|r007,F18,F18,mass_exponential_descriptor,descriptor|mass,sqrt(mass) * exp(coefficient * descriptor / 3),FAILURE,False,REPRESENTATION,REPRESENTATION,GRAMMAR_REPRESENTABILITY,"frozen grammar lacks exp; the classifier can never emit mass_exponential_descriptor, so no search outcome could have succeeded",False,False,exp,30,30,0,0,0,0,False,0.0,2,0,27,27,27,True,False,False,1,30,False,MISMATCH,MISMATCH,MISMATCH,MISMATCH,mass_power,sqrt(x0 / 249.66727),mass_power,False,,0.9113375594587574,,4.1,,,12,12,M0_NOT_REJECTED,STRUCTURAL_ACCEPTED,all_passed,0.9094846842658304,4,0.20529101546491527,6.192308393176723
PB|held_out|F18|r008,F18,F18,mass_exponential_descriptor,descriptor|mass,sqrt(mass) * exp(coefficient * descriptor / 3),FAILURE,False,REPRESENTATION,REPRESENTATION,GRAMMAR_REPRESENTABILITY,"frozen grammar lacks exp; the classifier can never emit mass_exponential_descriptor, so no search outcome could have succeeded",False,False,exp,30,30,0,0,0,0,False,0.0,3,0,28,28,28,True,False,False,1,30,False,MISMATCH,MISMATCH,MISMATCH,MISMATCH,mass_power,sqrt(x0) * 0.06049323,mass_power,False,,0.9142589479163228,,4.266666666666667,,,14,15,M0_NOT_REJECTED,STRUCTURAL_ACCEPTED,all_passed,0.9148455986403451,4,0.2081280680309143,4.7668733720084875
PB|held_out|F18|r009,F18,F18,mass_exponential_descriptor,descriptor|mass,sqrt(mass) * exp(coefficient * descriptor / 3),FAILURE,False,REPRESENTATION,REPRESENTATION,GRAMMAR_REPRESENTABILITY,"frozen grammar lacks exp; the classifier can never emit mass_exponential_descriptor, so no search outcome could have succeeded",False,False,exp,30,30,0,0,0,0,False,0.0,4,0,27,27,27,True,False,False,1,30,False,MISMATCH,MISMATCH,MISMATCH,MISMATCH,mass_power,sqrt(x0) * 0.06398697,mass_power,False,,0.9454957122670883,,4.1,,,13,13,BOUNDARY_LIMITED,UNEVALUABLE,a1_adequacy,0.9468674857740237,4,0.21203301304688743,3.487833237608284
PB|held_out|F18|r010,F18,F18,mass_exponential_descriptor,descriptor|mass,sqrt(mass) * exp(coefficient * descriptor / 3),FAILURE,False,REPRESENTATION,REPRESENTATION,GRAMMAR_REPRESENTABILITY,"frozen grammar lacks exp; the classifier can never emit mass_exponential_descriptor, so no search outcome could have succeeded",False,False,exp,30,30,0,0,0,1,False,0.0,7,0,21,21,21,True,False,False,2,29,False,MISMATCH,MISMATCH,MISMATCH,MISMATCH,mass_power,sqrt(x0) * 0.061518107,mass_power,False,,0.8813426437377828,,4.466666666666667,,,17,17,BOUNDARY_LIMITED,UNEVALUABLE,a1_adequacy,0.9205979262879048,4,0.20777366598397368,5.133560417143731
PB|held_out|F18|r011,F18,F18,mass_exponential_descriptor,descriptor|mass,sqrt(mass) * exp(coefficient * descriptor / 3),FAILURE,False,REPRESENTATION,REPRESENTATION,GRAMMAR_REPRESENTABILITY,"frozen grammar lacks exp; the classifier can never emit mass_exponential_descriptor, so no search outcome could have succeeded",False,False,exp,30,30,0,0,0,2,False,0.0,11,0,18,18,18,True,False,False,2,28,False,MISMATCH,MISMATCH,MISMATCH,MISMATCH,mass_power,sqrt(x0 * 0.0039169863),mass_power,False,,0.925180887117752,,4.8,,,11,11,BOUNDARY_LIMITED,UNEVALUABLE,a1_adequacy,0.9286693535912957,4,0.21090071877127764,4.815840736009095
