group_key,g_hat,g_var,weight,split
AAGFPTSOPGCENQ,2.066213169875499,0.0040020184182277445,1.256362794055597,valid
ADWTYURAFSWNSU,1.475342799304472,0.006074225032390766,0.8277577822643811,valid
AEKQMJRJRAHOAP,1.3689376526913215,0.0031443170050415763,1.5990712875720638,train
AEOCXXJPGCBFJA,3.511435058060496,0.011900016521279793,0.42251933287617255,train
AFAIELJLZYUNPW,3.0598933928813743,0.0020084660565973422,2.50339657235969,valid
AFYCEAFSNDLKSX,2.8565880580640477,0.0047386925321758425,1.06104943666347,train
AGOYDEPGAOXOCK,0.19958262825999531,0.004200567221970354,1.1969781165478168,valid
AHMMSNQYOPMLSX,0.24034514849989816,0.009896453727726224,0.5080594706061221,train
AHOUBRCZNHFOSL,0.7617057560990138,0.00955444936347801,0.5262456108675511,valid
AKNNEGZIBPJZJG,1.24769153919524,0.0070286688475532716,0.7153540948990429,train
AKNQMEBLVAMSNZ,1.2454979280868894,0.007028668847552193,0.7153540948991527,valid
ALZOLUNSQWINIR,1.5559756490190344,0.00356103266793204,1.4119463399099952,train
AMEKQAFGQBKLKX,0.9231771453006009,0.008698575365090628,0.5780241971535973,test
AMFGTOFWMRQMEM,0.8180172940179946,0.007873096047586767,0.6386289474174178,valid
AMRQXHFXNZFDCH,1.0265106961916894,0.009579888859577217,0.5248481600869498,train
ANJTVLIZGCUXLD,2.046995160800671,0.007803833548284698,0.6442970638311134,test
AQHHHDLHHXJYJD,0.857578367594731,0.00374187645603905,1.3437073887546054,train
AQSQFWLMFCKKMG,0.7653964967591246,0.006300745527082428,0.7979987479536866,test
AQYMRQUYPFCXDM,1.0200629912518997,0.00972829654140722,0.5168414655521243,train
ASDAXOTYWQZBDR,0.9169737754399633,0.019655147479115637,0.2558101915607096,valid
ASOKPJOREAFHNY,2.695684234072585,0.0019297048255104408,2.605573129795423,train
ATROHALUCMTWTB,0.4059578572810103,0.005281228378626179,0.9520487813281263,train
ATWWYGQDYGSWQA,1.9495695599314506,0.003126959274774664,1.6079477217204559,train
AUFSOOYCQYDGES,1.4977723244621584,0.006560167862517274,0.7664418269713643,train
AUGQEEXBDZWUJY,0.5084679890635191,0.00637978083324181,0.7881128166015161,test
AUMLVMKWJGCERZ,0.45381442273815337,0.03406811519673249,0.14758629917597585,valid
AUQAUAIUNJIIEP,1.2501451393157261,0.007028668847550601,0.7153540948993147,train
AWYOMXWDGWUJHS,1.1814421022083663,0.00523627161898674,0.9602227324409738,train
AWZOLILCOUMRDG,0.7659134210355087,0.006300745527081242,0.7979987479538369,valid
BACYUWVYYTXETD,0.3295233286122658,0.005794372937252913,0.8677361806418894,train
BAFQDKPJKOLXFZ,1.1429279585297252,0.007303135934703041,0.6884695953548641,train
BBXXLROWFHWFQY,2.062094079500326,0.004002018418227187,1.256362794055772,train
BCGWQEUPMDMJNV,0.32305585324297015,0.00579437293725496,0.8677361806415829,train
BCTQJXQXJVLSIG,0.8610413884889738,0.0037418764560395498,1.343707388754426,train
BDNFQGRSKSQXRI,0.5325022675689169,0.011507903464787996,0.4369159905773677,train
BEAXWKCHSPVXQB,0.19958262825999531,0.004200567221970354,1.1969781165478168,valid
BEOZJBLIRPRMJM,1.367039968881206,0.003247537719712146,1.5482459252951302,test
BEZZFPOZAYTVHN,1.5483920214183058,0.00356103266793204,1.4119463399099952,test
BGEBZHIAGXMEMV,3.069045094539665,0.0028403571023797296,1.7701953876060104,train
BGRWYRAHAFMIBJ,1.0191893162523955,0.006375883153351449,0.7885946026384807,train
BHAAPTBBJKJZER,3.264221373012379,0.0020114545363082758,2.499677199274257,train
BHHGXPLMPWCGHP,2.827830780326999,0.0031070800270208312,1.6182354487365962,train
BIXJFIJYBLJTMK,1.5900903130947677,0.003234752500447653,1.5543653003099165,test
BJQHLKABXJIVAM,0.41208083114245375,0.007390885248705402,0.6802956442419775,train
BLGXFZZNTVWLAY,1.6153618560770158,0.0023511099023392833,2.1385589149974975,test
BMLIZLVNXIYGCK,0.8220405778211612,0.009981307027764204,0.5037403446062344,train
BOFHKBLZOYVHSI,1.154458690767587,0.005236271618986253,0.9602227324410633,train
BPICBUSOMSTKRF,1.6577748995200643,0.0031990530821387362,1.5717110384505075,valid
BQGRVFPPZJPWPB,0.6610499205130163,0.044100259488888766,0.11401264074315459,test
BQYJATMQXGBDHF,1.0623090831310706,0.002767223173481594,1.8169792339013213,train
BUGYDGFZZOZRHP,1.8263183353013424,0.0030207369736727366,1.6644901842192952,valid
BUXRLJCGHZZYNE,1.8548204645315682,0.008215865691683713,0.6119850579928555,train
BUYMVQAILCEWRR,0.41504697811258195,0.011202642416433208,0.44882152396572006,test
BWHOZHOGCMHOBV,2.7043538425359324,0.0019297048255102153,2.605573129795727,train
BWQSLRZZOVFVHJ,1.1799852024031448,0.005236271618985678,0.9602227324411687,test
BXEHUCNTIZGSOJ,0.49285006183025715,0.0075927728637489155,0.6622069607524137,train
BXFOFFBJRFZBQZ,0.390725455716595,0.008978404355069075,0.5600089774245735,test
BXNANOICGRISHX,0.9853095693960402,0.005321020933739903,0.9449290097516354,train
BYYMILHAKOURNM,1.16440149582579,0.005236271618987291,0.9602227324408729,train
BZKPWHYZMXOIDC,1.7191606274030922,0.002558520988122942,1.9651928067533073,test
CABMTIJINOIHOD,1.4208265126703283,0.004506319846049761,1.1157634641034417,test
CAWXEEYDBZRFPE,0.9248467671630347,0.008698575365090859,0.578024197153582,test
CBVCZFGXHXORBI,0.20764123511625399,0.006149445464763866,0.817632593149542,test
CCGPUGMWYLICGL,0.3897666491256135,0.008978404355069872,0.5600089774245237,train
CEAZRRDELHUEMR,0.3847892497887943,0.009963913599536385,0.5046196950182826,train
CEEDFYRUPAWDOU,0.19958262825999531,0.004200567221970354,1.1969781165478168,train
CEIZFXOZIQNICU,1.1097370056524738,0.0026555571581683385,1.893383099030942,train
CEQFOVLGLXCDCX,1.7410773740963184,0.0025585209881227085,1.9651928067534867,train
CGSLYBDCEGBZCG,0.9161145836604101,0.007539995429413884,0.6668421869557309,valid
CHIFOSRWCNZCFN,0.9238979602421374,0.008698575365090227,0.578024197153624,train
CIEXPHRYOLIQQD,0.6176062961702758,0.005597818272201911,0.8982047643016469,train
CIFWZNRJIBNXRE,2.1132562051955563,0.004002018418226677,1.256362794055932,valid
CIGKZVUEZXGYSV,1.6433135873752773,0.004136219711067202,1.2155996037476646,train
CJCSPKMFHVPWAR,1.4945736258905162,0.006560167862518355,0.766441826971238,train
CJHXCRMKMMBYJQ,1.7082656354981545,0.0019655618760289657,2.5580405802053083,train
CJIASZBWXIFQMU,0.19958262825999531,0.004200567221970354,1.1969781165478168,test
CJJOSEISRRTUQB,0.3740073869731949,0.09208891727348431,0.05459926330607762,test
CJPQIRJHIZUAQP,0.5561409126950712,0.014119139549623044,0.35611143470288936,train
CLKZWXHKFXZIMA,1.05988385827949,0.004584673361568076,1.0966947141610257,train
CLSJYOLYMZNKJB,2.0781763030508396,0.004002018418228029,1.2563627940555075,train
CMEWLCATCRTSGF,3.8649072030553224,0.0021321003455591816,2.3582318966642677,train
CMGDVUCDZOBDNL,2.2978269795918616,0.004500723420232698,1.117150860500246,train
CMWTZPSULFXXJA,2.2630727733517033,0.0021150155857319773,2.3772813192043,train
CNIGFESSDPOCKS,0.38805330222981554,0.008978404355071485,0.5600089774244231,valid
CNKHSLKYRMDDNQ,1.0228499492941017,0.007743600765522442,0.6493086606650935,train
CNWSQCLBDWYLAN,1.4869345493309924,0.006560167862517785,0.7664418269713046,valid
COYBRKAVBMYYSF,1.24637525057007,0.007028668847551787,0.7153540948991941,train
CPEUVMUXAHMANV,2.0524189898628795,0.0077870333864000696,0.6456871047410518,train
CPHJEACXPATRSU,1.1388089643415313,0.002655557158167946,1.8933830990312217,valid
CQIUKKVOEOPUDV,2.062951379347441,0.004002018418227684,1.256362794055616,train
CSMYCLLHRFFFLG,0.3891657157604545,0.008978404355069655,0.5600089774245373,train
CSWIKHNSBZVWNQ,0.7686194863031656,0.0065513085595471756,0.7674782825576608,train
CULUKMPMGVXCEI,1.1423239863984864,0.007303135934702253,0.6884695953549383,test
CVXBEEMKQHEXEN,1.7677867419931705,0.0025708437205702213,1.9557731189787553,train
CXJSOEPQXUCJSA,0.9740430079458156,0.005440148929789877,0.924237021206104,train
CXXVJZRGOOIVOD,0.19958262825999531,0.004200567221970354,1.1969781165478168,train
DBEPLOCGEIEOCV,1.3689364693193775,0.0031446166114610496,1.598918934493089,train
DBXFMOWZRXXBRN,0.332315576463267,0.015298940499791032,0.32864936247416915,train
DCOPUUMXTXDBNB,2.8318602812047056,0.0031070800270209527,1.6182354487365327,train
DFPAKSUCGFBDDF,3.270534899002358,0.002011454536308331,2.4996771992741884,train
DGFTWBUZRHAHTH,2.4947504577918003,0.008063410046280124,0.6235559165326239,train
DGFVZQGXKQCQGK,1.0044814095496593,0.006375883153352643,0.7885946026383331,test
DIOYAVUHUXAUPX,0.19958262825999531,0.004200567221970354,1.1969781165478168,train
DIRFUJHNVNOBMY,0.6657786322384458,0.03406811519672634,0.14758629917600247,train
DIZKGJLRHOCMTP,1.4957605495898514,0.006560167862518658,0.7664418269712027,train
DJDSLBVSSOQSLW,1.267112551342361,0.007028668847551787,0.7153540948991941,train
DJNZZLZKAXGMMC,1.6137407034385896,0.0023511099023394307,2.1385589149973634,train
DJRKHTCUXRGYEU,1.6581503998040186,0.0031990530821383316,1.5717110384507063,train
DKNWSYNQZKUICI,2.361367016376615,0.004498250755999444,1.1177649523163202,valid
DKYWVDODHFEZIM,1.2628692017322867,0.0070286688475532716,0.7153540948990429,train
DLAPIMGBBDILHJ,1.3339032870836778,0.003247537719712623,1.548245925294903,train
DMBHHRLKUKUOEG,2.116478998136831,0.004002018418228375,1.256362794055399,train
DMJNNHOOLUXYBV,0.2490997888836179,0.02631819816244046,0.1910460211125764,test
DNDNWOWHUWNBCK,0.34115523887357885,0.020659027844276378,0.24337965366456404,train
DNRJTBAOUJJKDY,1.4145519073736041,0.0032887871511611765,1.5288271361712575,train
DNTGGZPQPQTDQF,1.3551260817938733,0.00324753771971167,1.5482459252953575,train
DNUAYCRATWAJQE,1.3752592995404433,0.003912131268091098,1.2852296350065848,train
DOIRQSBPFJWKBE,1.2435818567816375,0.007028668847552925,0.7153540948990782,train
DOLQYFPDPKPQSS,2.8745468487286985,0.004738692532176481,1.061049436663327,train
DPJCXCZTLWNFOH,2.0198140972676444,0.002948813416624681,1.7050882275019579,train
DPWPWRLQFGFJFI,1.5152228474130642,0.006560167862517274,0.7664418269713643,train
DQFPEYARZIQXRM,0.47860624613256203,0.007653500519672123,0.6569525969016291,test
DSKJPMWIHSOYEA,1.0979231716709474,0.002767223173482786,1.8169792339005386,train
DSRNRYQBBJQVCW,0.43538396822441733,2.3038197792937405,0.0021824567559394557,train
DTAPQAJKAFRNJB,1.0242171428706317,0.010007541156246752,0.5024198215410863,train
DTDSAWVUFPGDMX,0.24179276422658752,0.009896453727727024,0.5080594706060811,valid
DTHPMNDYKOSVFR,1.5868868025878538,0.0040929824786236245,1.2284408907309483,train
DTRCGMNODLDAAK,0.21765146391721218,0.01873039549083635,0.26843998271400404,train
DUFVKSUJRWYZQP,0.65907533758807,0.01196545312927628,0.42020866134057416,valid
DUOHVNSMLSPTMI,1.189048037247379,0.00918220583055188,0.5475794307569308,train
DVOODWOZJVJKQR,0.9872861713298867,0.004356237752474191,1.1542040006725638,valid
DVXZVCNEGRKLMW,1.1467524250505796,0.006792447013541673,0.7402320594864544,train
DWFZBUWUXWZWKD,0.6006131164985039,0.006500326390583974,0.7734976276067989,valid
DWRKFAJEBUWTQM,0.8300101500339742,0.014069106644402333,0.3573778469997632,valid
DWSPRBSLSXQIEJ,1.4901145308766863,0.006560167862518355,0.766441826971238,valid
DXGLGDHPHMLXJC,1.2442872917477426,0.007028668847552153,0.7153540948991568,train
DZUPKTNAUCDVTL,1.0312943924635025,0.005971249078471714,0.8420327096911919,train
FAOZLTXFLGPHNG,0.8231240534532775,0.013678427696616133,0.36758516061246055,train
FBMQNRKSAWNXBT,3.1925960111490004,0.003883324083677474,1.2947636955978987,train
FBOUIAKEJMZPQG,0.4935284777921252,0.007570674955722061,0.6641398648328338,valid
FCBQJNCAKZSIAH,0.4926858533540141,0.007592772863751079,0.6622069607522251,valid
FCOAHACKGGIURQ,0.3974892481325551,0.00504349595322485,0.9969249680019345,train
FFGPTBGBLSHEPO,2.9313138546109747,0.0047386925321758425,1.06104943666347,test
FFHQNQNMELQOEF,0.4797146353973267,0.007592772863749288,0.6622069607523813,test
FFSSWMQPCJRCRV,3.279995775320411,0.002072389447548152,2.426178654661261,train
FHIVAFMUCKRCQO,0.9615505900538054,0.005440148929790371,0.9242370212060199,train
FIQMHBFVRAXMOP,2.0596339101559096,0.0040020184182277445,1.256362794055597,valid
FKNXQNWAXFXVNW,1.5524413814632367,0.00356103266793204,1.4119463399099952,train
FLEFKKUZMDEUIP,0.752956838034101,0.009554449363474873,0.5262456108677238,valid
FMGZEUWROYGLAY,0.5313373712042821,0.011351117046452936,0.4429508585992199,valid
FMJYNECHJIZSCE,0.9304713763378383,0.00869857536509126,0.5780241971535554,train
FMKMKBLHMONXJM,2.5388988395330814,0.008063410046280124,0.6235559165326239,valid
FNCMBMZOZQAWJA,1.5257069423544514,0.0056877191522442545,0.8840076148630918,train
FNYLWPVRPXGIIP,3.08410788610282,0.002785603659060127,1.8049901052625092,valid
FOXFZRUHNHCZPX,1.3787818781864307,0.00328878715116138,1.528827136171163,valid
FQEBOQLYHASAOY,2.2972470065700996,0.004500723420232158,1.1171508605003801,valid
FQKUGOMFVDPBIZ,1.0312257752368879,0.021863952178907974,0.22996697946664185,valid
FQNKTJPBXAZUGC,1.2702969406533178,0.007028668847551373,0.7153540948992361,train
FQVNMXZPGWLUFZ,0.980182384309734,0.005440148929789596,0.9242370212061517,valid
FQXXSQDCDRQNQE,0.43538396822441733,2.3038197792937405,0.0021824567559394557,test
FSAVDKDHPDSCTO,0.4532324073440946,0.03406811519673864,0.14758629917594918,train
FSVJFNAIGNNGKK,0.7146290574862262,0.005593238516378139,0.8989402163100324,test
FTLQSQQQFMZPKO,1.0083707629650183,0.006375883153353766,0.7885946026381943,valid
FULZLIGZKMKICU,1.9257805806461408,0.003126959274774617,1.6079477217204798,train
FUSNMLFNXJSCDI,0.6618920862524275,0.09208891727345699,0.05459926330609382,train
FWQYJOPJMIEKHZ,1.5388066805484402,0.00356103266793204,1.4119463399099952,train
FXKFFTMLFPWYFH,0.7137494079285724,0.005956021424848339,0.844185519684325,test
GBAWQJNHVWMTLU,0.8346136727758158,0.014069106644403768,0.3573778469997268,valid
GCAOVMKRBUCSET,1.1795737975595995,0.005236271618986201,0.9602227324410728,test
GDDNFNQRHNCJAZ,0.9225245971643774,0.009443307185454471,0.5324392125601061,train
GDLIGKIOYRNHDA,0.290752924375421,0.04141815029014609,0.12139574091464903,train
GECHUMIMRBOMGK,0.9459384451698679,0.008698575365090628,0.5780241971535973,valid
GEPDYQSQVLXLEU,1.0245119159843563,0.01002149779509048,0.5017201165528146,test
GFNANZIMVAIWHM,0.7175386345016029,0.005593238516377909,0.8989402163100696,train
GGLIEWRLXDLBBF,1.8218035550836966,0.003020736973672551,1.6644901842193975,train
GGRWZBVSUZZMKS,2.2258288036865883,0.0021150155857321,2.3772813192041617,test
GHOKWGTUZJEAQD,0.7892969976530415,0.005734908184483349,0.8767336599024445,valid
GJTKAAFWJZWEPS,0.4936214304058497,0.007543202805025644,0.6665586451469504,test
GLTMLPGXPMAIOI,1.2388605459588249,0.007028668847551738,0.715354094899199,train
GMBRUAIJEFRHFQ,1.6677888360917308,0.0031990530821387263,1.5717110384505124,valid
GNBHRKFJIUUOQI,3.1774808534680985,0.0032861183485693763,1.530068764557893,test
GNOIPBMMFNIUFM,2.2853906521638874,0.004288745370857026,1.1723678155277892,valid
GNTVZNNILZKEIB,1.7205199345126834,0.0025585209881230295,1.96519280675324,train
GOCUAJYOYBLQRH,0.9821018470879147,0.005440148929789657,0.924237021206141,test
GOJCZVPJCKEBQV,0.6644272002415311,0.03382229771324945,0.1486589434110776,train
GONRXGWUUBPRKF,1.7322841675929004,0.0025585209881221903,1.9651928067538846,train
GPMHHSJZGVOEFS,1.385527514373357,0.0032887871511618947,1.5288271361709234,train
GPNAVOJCQIEKQF,3.443667370737804,0.011900016521284817,0.42251933287599414,train
GPXLRLUVLMHHIK,1.0222106353438152,0.006375883153353227,0.7885946026382609,valid
GSLOLTKGVZFNKZ,0.41422544151257756,0.011202642416434521,0.4488215239656675,train
GTKRZJVAXAQBMB,0.7221526468393974,0.005593238516377909,0.8989402163100696,train
GTZCKTIZOGTWQO,1.386619134216073,0.003288787151162263,1.5288271361707524,train
GVDRRZOORHCTAN,0.4046289732567245,0.0052812283786255075,0.9520487813282473,valid
GVGYEFKIHJTNQZ,0.9160618304916871,0.007119391254086302,0.7062383372877094,valid
GWLFIMOOGVXSMZ,0.32208631467253224,0.005794372937253535,0.8677361806417964,train
GYSCAQFHASJXRS,0.19958262825999531,0.004200567221970354,1.1969781165478168,test
GYSSRZJIHXQEHQ,1.0468696636482617,0.005971249078472956,0.8420327096910166,valid
GZGZVOLBULPDFD,1.5347535293966368,0.003346782500903917,1.5023345677314208,train
GZUITABIAKMVPG,0.20810149720526533,0.006149445464762529,0.8176325931497197,valid
GZVHEAJQGPRDLQ,2.067364279534999,0.0040020184182283595,1.2563627940554039,train
HAORKNGNJCEJBX,2.112417147609847,0.004002018418228029,1.2563627940555075,test
HBBVCKCCQCQCTJ,0.3880162548086416,0.008978404355069292,0.5600089774245599,test
HBPDKDSFLXWOAE,1.4226917268481258,0.0045063198460507485,1.1157634641031973,test
HDDSHPAODJUKPD,2.057331854012157,0.004002018418227817,1.2563627940555742,test
HDHLIWCXDDZUFH,1.361112832387876,0.0032475377197118574,1.548245925295268,train
HDOVUKNUBWVHOX,0.5693959576304759,0.014119139549626326,0.3561114347028066,valid
HDVAWXXJVMJBAR,2.6674963649389114,0.001929704825510496,2.605573129795348,valid
HEZNVIYQEUHLNI,1.2427872685472228,0.007028668847552517,0.7153540948991198,train
HFCYZXMHUIHAQI,1.002986209029836,0.006375883153352636,0.788594602638334,test
HGBGXSPIBLZGHS,0.6841956152543057,0.032995253775422395,0.15238516048425826,test
HJJPJSXJAXAIPN,0.610657990084409,0.006500326390582988,0.7734976276069163,train
HKPHPIREJKHECO,0.4014474999309853,0.005281228378626432,0.9520487813280806,train
HKQYGTCOTHHOMP,2.546254674902467,0.008337764632602985,0.6030377761115657,test
HLFSDGLLUJUHTE,2.1091769116694077,0.004002018418227472,1.2563627940556823,train
HMXDWDSNPRNUKI,1.140194178685309,0.0047219095681019325,1.0648206979126182,valid
HOMGKSMUEGBAAB,0.9438900997594362,0.008698575365090458,0.5780241971536085,valid
HPDHKHMHQGCNPE,0.9045058087431852,0.0041899516554335875,1.200010753170912,valid
HRKAMJBPFPHCSD,0.4539346522053515,0.03406811519673249,0.14758629917597585,valid
HSHNITRMYYLLCV,2.115860031677056,0.004002018418228029,1.2563627940555075,train
HSMVPDGQOIQYSR,0.19958262825999531,0.004200567221970354,1.1969781165478168,train
HTJGLYIJVSDQAE,0.9254434380507922,0.008698575365090859,0.578024197153582,train
HWVNEWGKWRGSRK,0.950991052335249,0.008193067611236324,0.6136879713882714,test
HXHWSAZORRCQMX,2.6263774576421164,0.003163514805712677,1.5893673178665157,train
HXTGXYRHXAGCFP,0.9260854816454244,0.008698575365090227,0.578024197153624,train
HYAFETHFCAUJAY,0.7696608111364559,0.0057349081844809986,0.8767336599028037,test
HYYBABOKPJLUIN,4.033877570494815,0.0020740653632711705,2.424218219360521,train
HZJKXKUJVSEEFU,0.40338171095790193,0.005281228378626417,0.9520487813280832,train
IAJNXBNRYMEYAZ,1.858373030254195,0.008215865691682912,0.6119850579929152,test
IAKHMKGGTNLKSZ,1.6604382414055772,0.0031990530821386512,1.5717110384505493,train
IANUJLZYFUDJIH,0.5284164225112218,0.010229564600608441,0.49151525388358286,test
IBXPYPUJPLLOIN,1.8481365477668965,0.008215865691684835,0.6119850579927719,train
ICFJFFQQTFMIBG,0.7068161833623875,0.006618802882358255,0.7596520294006878,train
IDIMIWQPUHURPV,0.7671203778481722,0.0075799087532492345,0.663330813795252,train
IEDVJHCEMCRBQM,1.9820234030141843,0.002941309144819106,1.7094384827392215,test
IFOLNWVBRSCJOJ,1.6832404341844023,0.0031990530821387362,1.5717110384505075,train
IIAGSABLXRZUSE,0.4550668961605805,0.03406811519673249,0.14758629917597585,train
IIBYAHWJQTYFKB,0.49865339536349995,0.006379780833242914,0.7881128166013797,train
IIMUEPCADBPEMF,0.5374334559876435,3218510.753348572,1.562209179060657e-09,valid
IIQKUGXEGMZCLE,1.7149299149186938,0.0025585209881225117,1.965192806753638,train
IITCWRFYJWUUPC,1.5669818667020186,0.00356103266793204,1.4119463399099952,train
IKVXBIIHQGXQRQ,0.2531233091366423,0.026318198162435386,0.19104602111261323,train
ILBONRFSLATCRE,0.9525717432700755,0.007009480323352939,0.7173123840629407,test
IMTMBDXEKMXETQ,0.5079090405908334,0.006379780833243286,0.7881128166013337,train
INFDPOAKFNIJBF,1.530896323060315,0.0029596923729962965,1.6988208259956419,train
IOPTXXRNXCPJGO,0.5344103027244957,3218510.753348572,1.562209179060657e-09,train
IOUNQDKNJZEDEP,0.19958262825999531,0.004200567221970354,1.1969781165478168,train
IPEHSCPRVOWQFQ,0.752862422838308,0.00955444936347555,0.5262456108676865,train
IPKKHRVROFYTEK,1.0213223197834354,0.006375883153352936,0.7885946026382968,train
IPRJXAGUEGOFGG,0.8250993272270486,0.012782204393989768,0.3933583665858719,train
IRGFNBRYIWLUOO,0.49483012004703,0.007014429943589938,0.7168062240583558,train
IRIAEXORFWYRCZ,0.32389866372299936,0.005794372937254147,0.8677361806417048,test
IRJQWZWMQCVOLA,0.7090477547227377,0.006618802882358255,0.7596520294006878,valid
IRSCQMHQWWYFCW,1.2660606961221483,0.0070286688475514215,0.7153540948992313,valid
ISRUGXGCCGIOQO,1.012515589428476,0.006375883153353173,0.7885946026382675,train
ISZQNKFXNXQTTF,0.5715615313501317,0.014119139549624685,0.356111434702848,test
ITYMTTQVNYAJAA,0.4738033423921438,0.009797406854964589,0.5131956972103046,train
IUBSYMUCCVWXPE,1.102840246199815,0.0023137493130997084,2.1730906686042935,train
IUHMIOAKWHUFKU,0.8560020752958105,0.003741876456039818,1.3437073887543296,train
IVUXTESCPZUGJC,0.38837030453744653,0.008978404355068755,0.5600089774245934,valid
IXBQSRWSVIBXNC,0.19958262825999531,0.004200567221970354,1.1969781165478168,test
IXSZQYVWNJNRAL,0.685740269108394,0.006618802882359433,0.7596520294005525,valid
IYAZLDLPUNDVAG,1.1432147278214495,0.00730313593470313,0.6884695953548557,valid
IYIKLHRQXLHMJQ,0.19958262825999531,0.004200567221970354,1.1969781165478168,valid
IZFZCMFMJKDHJZ,0.7698673463589716,0.005734908184481165,0.8767336599027783,valid
IZXSCPRWPYQTJH,0.9358185434162776,0.008698575365090859,0.578024197153582,valid
JAEZSIYNWDWMMN,2.2785895478846014,0.002217217022889842,2.2677018036030003,train
JALVTHFTYRPDMB,2.4726617852849064,0.008063410046282323,0.6235559165324537,valid
JBDHZKLJNAIJNC,0.8588587864647171,0.003741876456039435,1.3437073887544675,test
JBIJLHTVPXGSAM,4.896266854606785,0.0024969043292376704,2.0136883031163886,train
JCCNYMKQOSZNPW,2.2114281683971218,0.0020953466669422264,2.399596745069394,valid
JCICIFOYVSPMHG,2.231207555696711,0.004288745370856521,1.1723678155279271,test
JEJREKXHLFEVHN,0.8118340868403311,0.007873096047585734,0.6386289474175016,valid
JHSPCUHPSIUQRB,3.0527708176508153,0.002671826831774539,1.8818536373658419,train
JHWNWJKBPDFINM,1.6851602535126617,0.0031990530821386512,1.5717110384505493,valid
JIIOLEGNERQDIP,1.91828721542839,0.0031269592747742232,1.6079477217206826,train
JJAPPCJXQFKMJL,2.138919868785224,0.0017927802625455958,2.8045751879526244,test
JJCFRYNCJDLXIK,1.2031101225049206,0.008048352279260278,0.6247225354117688,test
JJJPNTQYUJPWGQ,2.068143403828411,0.004002018418228375,1.256362794055399,test
JLFNLZLINWHATN,1.3745438153813545,0.003432775522926039,1.464700213633777,train
JLRGJRBPOGGCBT,0.5275047891227312,0.010229564600609059,0.4915152538835531,train
JLYFCTQDENRSOL,1.3268157659168698,0.0034966680673302747,1.4379366142195662,valid
JNELGWHKGNBSMD,3.8185754861657224,0.002270805516554237,2.214186554124693,test
JNMRHUJNCSQMMB,0.7254151202339512,0.005593238516377678,0.8989402163101066,test
JNRLEMMIVRBKJE,3.522214460784885,0.011900016521282687,0.4225193328760698,train
JNTOCHDNEULJHD,1.2450853514911524,0.007028668847552103,0.7153540948991618,valid
JOFDPSBOUCXJCC,2.2761644262843634,0.0021150155857324114,2.377281319203812,train
JOOMJVFZQRQWKR,0.9710572127357476,0.005440148929789651,0.9242370212061423,valid
JRBJSXQPQWSCCF,3.135602128755822,0.002785603659059806,1.8049901052627173,test
JRBPAEWTRLWTQC,2.123803086182666,0.0022533796639613002,2.2313093182653843,train
JRRUSQGIRBEMRN,1.6431821145413261,0.004136219711066683,1.215599603747817,train
JSJCTEKTBOKRST,1.5436609077024008,0.0035610326679313816,1.4119463399102565,train
JTEGQNOMFQHVDC,0.8347833153034369,0.014069106644403768,0.3573778469997268,train
JTMLMJOBCBXFES,0.4140664773281533,0.011202642416432235,0.4488215239657591,test
JUVSRZCUMWZBFK,2.1427472508731578,0.0017927802625458695,2.8045751879521963,train
JWAZRIHNYRIHIV,4.00408953934684,0.002074065363271614,2.424218219360003,train
JWUCHKBSVLQQCO,0.32269450709353714,0.005794372937253357,0.867736180641823,test
JWYUFVNJZUSCSM,4.481378325296002,0.017588867976080103,0.28586188995359774,train
JWZZKOKVBUJMES,1.300894948104298,0.003724488228374334,1.3499806506251697,train
JXCGFZXSOMJFOA,0.4988999573999305,0.006379780833242923,0.7881128166013784,train
JXHJNEJVUNHLKO,0.9939150659240817,0.0063758831533534815,0.7885946026382293,train
JXUDZCJTCKCTQK,1.5411055894376497,0.003561032667931809,1.411946339910087,train
JYIJIIVLEOETIQ,2.0716778128543196,0.004002018418227399,1.2563627940557052,valid
JZCPYUJPEARBJL,1.2378482174901213,0.007028668847551787,0.7153540948991941,valid
KAJICSGLHKRDLN,0.7645584817740766,0.008562568101721804,0.5872054951335822,train
KCFYEAOKVJSACF,1.4834232586477376,0.006560167862517785,0.7664418269713046,train
KCXZNSGUUQJJTR,0.5743823833712917,0.008008075734323447,0.6278645717892118,train
KDGDTPNBDMVKHC,0.660457968863638,0.015741550512671756,0.31940862736101516,train
KDLRVYVGXIQJDK,0.4902416915001272,0.007592772863750731,0.6622069607522554,test
KEMXXQOFIRIICG,1.2339463819105039,0.006714880395823605,0.7487828144956659,train
KFFQABQEJATQAT,0.6131797796376254,0.006500326390585345,0.7734976276066358,test
KGNGTSCIQCLKEH,0.6661932453278724,0.03406811519672634,0.14758629917600247,test
KGOIKOVSEVRHNH,1.4998550101871426,0.006560167862516957,0.7664418269714014,train
KGXUEPOHGFWQKF,0.8290349842953406,0.014069106644402137,0.3573778469997682,train
KIDWGGCIROEJJW,0.6708062207640954,0.03406811519672634,0.14758629917600247,test
KIEDNEWSYUYDSN,1.0265811140834633,0.009420473752791,0.5337297437187731,valid
KJCVRFUGPWSIIH,2.8272246108700756,0.003107080027021587,1.6182354487362023,train
KJFMBFZCATUALV,1.4963584227839657,0.006560167862517274,0.7664418269713643,valid
KLGMSAOQDHLCOS,0.5842110078115745,0.008008075734324896,0.6278645717890983,valid
KMYKHQRQBUANHP,0.19958262825999531,0.004200567221970354,1.1969781165478168,valid
KNHGNICBXADRMC,1.3849413310249203,0.0032887871511611765,1.5288271361712575,valid
KOKXXPKAPFSRCR,1.7115057267036988,0.003364817771928027,1.494282122418045,test
KQSABULTKYLFEV,4.818146128644691,0.002496904329238191,2.0136883031159694,train
KRNUKKZDGDAWBF,2.319878661473751,0.004500723420232398,1.1171508605003206,train
KTALPKYXQZGAEG,3.3040297354896406,0.00308958875029182,1.627396863518377,train
KUBCEEMXQZUPDQ,1.8609476547930044,0.008215865691684835,0.6119850579927719,train
KUBUBYBFFRVFHD,1.1686339018599063,0.005236271618986885,0.9602227324409474,train
KULDXINYXFTXMO,1.323360599303858,0.003589727973895435,1.400659626119355,train
KUMXVBFFVVLQFX,1.6089734183226758,0.0023511099023392633,2.1385589149975157,test
KVDJTXBXMWJJEF,0.8487527247902075,0.014069106644405593,0.3573778469996805,test
KVJXBPDAXMEYOA,1.637605186024553,0.0023511099023391362,2.138558914997631,test
KWAPEXIWYNEGAV,1.2662525870296202,0.007028668847552153,0.7153540948991568,train
KWGRBVOPPLSCSI,1.8900248552810333,0.008215865691684835,0.6119850579927719,train
KWVISVAMQJWJSZ,1.3702036355297944,0.0026563023729015344,1.892851918170142,valid
KXGYBSNVFXBPNO,0.7631494925459548,0.009554449363477192,0.526245610867596,train
KYFWUBJMTHVBIF,1.4835193890011134,0.0065601678625180375,0.7664418269712752,test
KYGZCKSPAKDVKC,2.728071838547076,0.0019297048255102153,2.605573129795727,train
KZHGPDSVHSDCMX,3.9569705451941655,0.002099999688610291,2.3942798987336618,train
LAKWINYVWJPHQW,1.3863745250164654,0.003288787151162128,1.528827136170815,valid
LBGPXIPGGRQBJW,2.5370112931952966,0.008063410046279952,0.6235559165326372,test
LCOVYWIXMAJCDS,0.6795515444229192,0.03406811519673249,0.14758629917597585,train
LESVOLZBIFDZGS,0.48561385435871907,0.007592772863750652,0.6622069607522623,test
LFULEKSKNZEWOE,1.530732336860393,0.0029596923729961035,1.6988208259957527,train
LGBYJXBCVZKJBL,0.3419435787118647,0.020659027844276378,0.24337965366456404,test
LIAWQASKBFCRNR,1.2605813947262174,0.007028668847552972,0.7153540948990733,train
LJOZMWRYMKECFF,1.1281270716712721,0.0026555571581678874,1.8933830990312635,train
LKJPSUCKSLORMF,1.265106226986278,0.007028668847552972,0.7153540948990733,train
LLEMOWNGBBNAJR,3.533984189125663,0.012169001348477355,0.41317992313442353,test
LLYYNOVSVPBRGV,0.20655436584278514,0.0035390429306257952,1.420719426225635,valid
LMEKQMALGUDUQG,1.0207573278824573,0.006375883153352626,0.7885946026383351,train
LMOINURANNBYCM,1.4563826049054291,0.004006199296840205,1.2550516510130374,train
LMTIGABGABPAGU,2.2100291657281717,0.0020003548517475013,2.5135475525225646,train
LNJNFVJKDJYTEU,1.1224076984967402,0.0026555571581681594,1.8933830990310696,train
LNOOSYCKMKZOJB,1.3640499882750285,0.0032475377197122017,1.548245925295104,train
LOUPRKONTZGTKE,1.3682904943180958,0.0032441049152537992,1.549884227894402,train
LPEPZBJOKDYZAD,2.846445045404493,0.004098968002858706,1.2266470580594788,train
LQDARGUHUSPFNL,0.450855064807424,0.03406811519672634,0.14758629917600247,train
LQOLIRLGBULYKD,0.46064764924628004,0.02889368494076173,0.17401681551159104,train
LRUDIIUSNGCQKF,2.2724398074403687,0.0021150155857318415,2.377281319204452,train
LUBJCRLGQSPQNN,2.7751861416958996,0.0031070800270211235,1.6182354487364439,train
LUQMWGMGWJEGAT,1.4395428329055395,0.004006199296841054,1.2550516510127718,train
LUVXHMJTVXZFPD,1.3717697368685033,0.0023274359645930748,2.160311655519878,valid
LVNYJXIBJFXIRZ,1.3447807503497977,0.003247537719712146,1.5482459252951302,train
LVQDKIWDGQRHTE,1.3672307515574345,0.0032475377197122017,1.548245925295104,train
LVXYAFNPMXCRJI,0.7093837882837848,0.006618802882359665,0.7596520294005258,train
MBIZFBDREVRUHY,2.836283336199024,0.0034654782602240963,1.4508782523603057,train
MBMQEIFVQACCCH,1.013728880359741,0.006375883153352943,0.788594602638296,valid
MCJGNVYPOGVAJF,3.1897702108254213,0.0020114545363082758,2.499677199274257,train
MESJRHHDBDCQTH,4.896266854606785,0.0024969043292376704,2.0136883031163886,train
METKIMKYRPQLGS,1.1709711728645023,0.005236271618986594,0.9602227324410005,train
MEZLKOACVSPNER,1.0247581633364602,0.01002149779509048,0.5017201165528146,train
MFOUDYKPLGXPGO,1.3979513243042028,0.0032887871511613543,1.5288271361711747,train
MGWAVDBGNNKXQV,0.6811055192898312,0.03406811519672634,0.14758629917600247,train
MIZMDSVSLSIMSC,0.19958262825999531,0.004200567221970354,1.1969781165478168,train
MKUXAQIIEYXACX,1.4869453948297982,0.006560167862517844,0.7664418269712977,valid
MLBZKOGAMRTSKP,0.747608175878441,0.009554449363475844,0.5262456108676703,valid
MLKCGVHIFJBRCD,1.3664853955627203,0.003247537719712436,1.5482459252949923,test
MMCJEAKINANSOL,1.0190090099934592,0.00637588315335235,0.7885946026383694,train
MMOXZBCLCQITDF,1.4655814016228905,0.004006199296840456,1.255051651012959,train
MOUVJGIRLPZEES,1.2682667648817547,0.007028668847552153,0.7153540948991568,train
MPNJTIZLDHWBFX,0.49146845250926163,0.0075927728637488374,0.6622069607524205,train
MROJXXOCABQVEF,1.4967139272383183,0.006560167862516957,0.7664418269714014,train
MRQIXHXHHPWVIL,1.4905539682557507,0.0065601678625166375,0.7664418269714387,test
MVQUJEUCFOGFJU,1.9380124411745143,0.0031269592747747797,1.6079477217203964,train
MWKVXOJATACCCH,1.5265803287794777,0.00437284242681879,1.1498212263377603,valid
MWYHLEQJTQJHSS,0.5701290553936661,0.014119139549624685,0.356111434702848,train
MXHTZQSKTCCMFG,0.5863340241079803,0.008008075734324896,0.6278645717890983,train
MXMXHPPIGKYTAR,0.886770440526259,0.003371560600355877,1.4912936879307026,valid
NBMKJKDGKREAPL,0.829741394377315,0.014069106644403768,0.3573778469997268,train
NBNTWDUNCHRWMT,1.163384756500005,0.005236271618986594,0.9602227324410005,valid
NDAUXUAQIAJITI,1.2443913661091515,0.0070286688475533375,0.7153540948990362,train
NDNUANOUGZGEPO,1.3538690789441965,0.003247537719711614,1.548245925295384,train
NEBPTMCRLHKPOB,4.896266854606785,0.0024969043292376704,2.0136883031163886,train
NEKOXWSIMFDGMA,1.183963494946031,0.006550182000183053,0.7676102803931336,train
NHDHVHZZCFYRSB,0.4549759167955018,0.03406811519672634,0.14758629917600247,test
NHKWRRHZTGQJMT,0.610024612844695,0.006500326390583284,0.773497627606881,valid
NHOWDZOIZKMVAI,1.2005097700043017,0.008048352279260266,0.6247225354117698,test
NHUHCSRWZMLRLA,0.5922548233035262,0.01331300667204602,0.37767479320385855,valid
NHZLNPMOSADWGC,0.6111201717948399,0.00650032639058367,0.7734976276068349,train
NIBCDDKWFDEBEP,0.2081747040762411,0.006149445464764835,0.8176325931494131,test
NJDBZBVQIMZWPP,1.6736166181667151,0.0031990530821383416,1.5717110384507014,test
NJGBTKGETPDVIK,1.8996626655870643,0.004575081800112365,1.098993911248337,train
NJKDOADNQSYQEV,0.3109345169137354,0.004737696452719429,1.0612725175544993,train
NJPQAIBZIHNJDO,1.365000045407502,0.0032475377197119593,1.5482459252952194,test
NJXZWIIMWNEOGJ,0.19958262825999531,0.004200567221970354,1.1969781165478168,test
NKFNBVMJTSYZDV,1.1406366347823473,0.005922954776534759,0.8488984352381309,valid
NKRQJWQYBNTAEV,0.9117789344554912,0.004189951655433681,1.2000107531708852,valid
NLYNUTMZTCLNOO,1.2663823262640437,0.007028668847551738,0.715354094899199,train
NNCAWEWCFVZOGF,3.311895239093851,0.003089588750291336,1.627396863518632,test
NNJVILVZKWQKPM,0.5271254112023337,0.010229564600611304,0.4915152538834453,train
NNKVPIKMPCQWCG,1.9630346276252049,0.0031269592747747797,1.6079477217203964,valid
NOCJXYPHIIZEHN,1.1005587117737914,0.0026540694511597517,1.8944444123681408,valid
NPAGDVCDWIYMMC,1.1181650052886936,0.002655557158167732,1.893383099031374,train
NPECRXRQVYMQGY,2.6658863362465777,0.001929704825510292,2.6055731297956237,train
NQCPECCCWDWTJJ,1.4291508927181122,0.004006199296840323,1.2550516510130005,train
NQLVQOSNDJXLKG,0.5273112143895298,0.01022956460061035,0.4915152538834911,train
NQSMEZJWJJVYOI,2.283689988421413,0.004288745370857748,1.1723678155275916,train
NRZWQKGABZFFKE,2.352152419076995,0.004500723420233478,1.1171508605000524,train
NTAFJUSDNOSFFY,1.9230983309310623,0.0031269592747742232,1.6079477217206826,train
NUPJIGQFXCQJBK,1.36538471076353,0.0032475377197119593,1.5482459252952194,test
NVEPPWDVLBMNMB,2.1054964408310575,0.004002018418228148,1.2563627940554702,train
NVGOPFQZYCNLDU,1.7119802344899435,0.0032938103832636095,1.526495595294312,train
NVKAWKQGWWIWPM,1.0609174555365075,0.003129015966116951,1.60689082325975,train
NWBJYWHLCVSVIJ,1.1441844857988426,0.007303135934703041,0.6884695953548641,train
NWIVYGKSHSJHEF,1.6410764884803473,0.003108748927528426,1.6173667153571036,train
NWUWYYSKZYIQAE,0.4151386856351216,0.011202642416432235,0.4488215239657591,train
NXJCRELRQHZBQA,2.485844764307012,0.008063410046279952,0.6235559165326372,train
NXQDBZGWYSEGFL,0.6598672263453147,0.011965453129278205,0.42020866134050655,train
NXQMCAOPTPLPRL,0.5935509292141596,0.014938387863825158,0.3365816370294118,train
NYPJDWWKZLNGGM,0.29558206172532026,0.04141815029012565,0.12139574091470892,valid
NYRMIJKDBAQCHC,1.5916099880026462,0.0024680153377683927,2.037259236133002,train
NZCRJKRKKOLAOJ,0.19958262825999531,0.004200567221970354,1.1969781165478168,test
OBZIQQJJIKNWNO,1.4661771552894738,0.004006199296840694,1.2550516510128846,train
OCQDPIXQTSYZJL,2.2995035932280934,0.0045007234202316185,1.117150860500514,train
OEMJXSVJXPIFMA,2.071858050933899,0.0040020184182274566,1.2563627940556874,valid
OIJHFHYPXWSVPF,4.6801507276836425,0.004146320057670239,1.2126384292224002,train
OIKHXEKXIIAQKY,0.28801479275628555,0.04141815029012974,0.12139574091469693,test
OJMMVQQUTAEWLP,0.4764136796007494,0.0077059175929966445,0.6524838841199322,test
OJPDDQSCZGTACX,2.1125841668299086,0.004002018418227171,1.2563627940557769,train
OMNKZBIFPJNNIO,1.0251418323788088,0.010021497795091202,0.5017201165527784,train
OMOLDRXZKFFGJI,0.6770413021003732,0.03406811519672634,0.14758629917600247,train
OMSPUVWUIHNYCS,0.4964051790405827,0.007890560967171518,0.637215409994978,test
ONCZDRURRATYFI,0.46021632130284196,0.03406811519672634,0.14758629917600247,test
ONWXNHPOAGOMTG,0.49101377305095195,0.007592772863749823,0.6622069607523345,train
OSUHJPCHFDQAIT,1.1256715950539227,0.0026555571581678623,1.8933830990312814,valid
OUDSBRTVNLOZBN,0.38015973720872337,0.09208891727348431,0.05459926330607762,valid
OUGIDAPQYNCXRA,2.0708508669199004,0.004002018418227187,1.256362794055772,valid
OUPZKGBUJRBPGC,0.7504030975020317,0.009554449363476925,0.5262456108676108,train
OVEMTTZEBOCJDV,2.11220034973905,0.004002018418227817,1.2563627940555742,train
OWDLFBLNMPCXSD,1.2549458815521923,0.007028668847551738,0.715354094899199,train
OWNAXTAAAQTBSP,0.6051254108817593,0.006500326390583284,0.773497627606881,train
OWRCNXZUPFZXOS,1.4461088625609515,0.004006199296840816,1.2550516510128462,train
OWUREPXBPJFMOK,0.19958262825999531,0.004200567221970354,1.1969781165478168,train
OXEUETBFKVCRNP,4.111978034419893,0.011408418933568549,0.44072601743191925,test
OZMMLYFAEKBWEE,1.3704120732766691,0.0025571443843407727,1.9662507414819972,valid
PFEFOYRSMXVNEL,0.6092344145828608,0.006500326390584737,0.773497627606708,train
PFFIDZXUXFLSSR,1.2461368663053787,0.007028668847552925,0.7153540948990782,train
PFRYFZZSECNQOL,1.0830396510365132,0.0027672231734823887,1.8169792339007993,train
PHLBKPHSAVXXEF,0.7682127235732937,0.00796788766324453,0.6310313666921314,valid
PHNUZKMIPFFYSO,1.2668782058303854,0.007028668847551738,0.715354094899199,train
PJEIIBXJUDOMAN,2.3012993598742035,0.004500723420232939,1.1171508605001863,train
PJVWKTKQMONHTI,1.081099145239658,0.0027672231734819914,1.8169792339010602,train
PKKMITFKYRCCOL,0.4549828479750011,0.03406811519673249,0.14758629917597585,train
PKOFBDHYTMYVGJ,1.0851410256283907,0.0027672231734823887,1.8169792339007993,train
PLYQBXHVYUJNQB,0.2093627429272396,0.006149445464762662,0.8176325931497019,valid
PMCVMORKVPSKHZ,1.025039270907771,0.010021497795089757,0.5017201165528508,valid
PNKLMTPXERFKEN,0.3427575316868014,0.02074629054013168,0.24235595428784815,test
PNRAZZZISDRWMV,1.4994928447913252,0.006560167862519167,0.7664418269711433,train
PNVJTZOFSHSLTO,0.9753506608339629,0.005440148929790796,0.9242370212059478,train
PNVNVHUZROJLTJ,0.3233757431250837,0.005794372937254125,0.8677361806417081,train
PNXBXCRWXNESOV,1.6572983690803493,0.0031990530821387085,1.571711038450521,valid
POFWRMVFWIJXHP,0.7618710936248879,0.0095544493634776,0.5262456108675736,test
POZRVZJJTULAOH,0.8939614738936591,0.004189951655433947,1.2000107531708093,valid
PQDRCVHHJPMGKO,0.20741098388659865,0.006149445464763913,0.8176325931495356,train
PQFRTXSWDXZRRS,0.9164651841159684,0.011256893364083042,0.4466584944145588,train
PRGILOMAMBLWNG,1.6431821145413261,0.004136219711066683,1.215599603747817,train
PRLVTUNWOQKEAI,0.25028052427063135,0.026318198162437103,0.19104602111260077,train
PRUGWHGQBHEDAX,1.1456805314590688,0.007303135934702445,0.6884695953549202,test
PTCGDEVVHUXTMP,1.1459343686121812,0.007284905141651583,0.6901925205640577,train
PTOAARAWEBMLNO,1.0127568941928589,0.006375883153353227,0.7885946026382609,test
PUFYZCKVLOYPHL,1.1414511454354261,0.007302322829437462,0.6885462556540934,valid
PUIYMUZLKQOUOZ,0.8590743029210082,0.003741876456040049,1.3437073887542468,train
PVNIIMVLHYAWGP,3.7549211437349816,0.013040066081611514,0.3855798743901152,train
PVTHJAPFENJVNC,0.2084699624645439,0.006149445464763701,0.8176325931495638,test
PXMNMQRDXWABCY,0.2533930202590548,0.026318198162437034,0.19104602111260127,test
PXWNBAGCFUDYBE,0.8525861141513397,0.004901091652914252,1.0258912499212016,train
PZBLUWVMZMXIKZ,1.0246090941852077,0.01002149779509048,0.5017201165528146,train
PZBPKYOVPCNPJY,0.9547509032854007,0.0074296293532082735,0.6767480317999143,valid
PZRHRDRVRGEVNW,3.178842135019896,0.0029999470300314363,1.6760252735975414,test
PZYDAVFRVJXFHS,1.423324149146584,0.004506319846049868,1.1157634641034153,valid
QAHFOPIILNICLA,1.5015977349667078,0.006560167862517148,0.7664418269713791,train
QASFUMOKHFSJGL,0.7648545270410657,0.007768643166280131,0.6472155991937685,test
QAXBVGVYDCAVLV,1.1578170388237532,0.005236271618986055,0.9602227324410996,test
QAYICIQNSGETAS,0.4917247233666931,0.007592772863751266,0.6622069607522086,test
QBAYIBZITZBSFO,1.8935816783198158,0.008215865691683713,0.6119850579928555,train
QBSJMKIUCUGGNG,1.0292556151740828,0.005971249078472956,0.8420327096910166,train
QCAWEPFNJXQPAN,0.38836996495112064,0.00897840435507103,0.5600089774244515,train
QEGVVEOAVNHRAA,1.3908025431722173,0.0032887871511610004,1.5288271361713393,valid
QEVHRUUCFGRFIF,0.3829667008898762,0.015406618844363696,0.32635240039225033,valid
QFMJFXFXQAFGBO,1.2299375539340998,0.005093658397855536,0.98710723198544,train
QGHREAKMXXNCOA,0.57179413768748,0.014119139549621403,0.3561114347029307,train
QGTOTYJSCYHYFK,0.3117239633115314,0.004737696452719711,1.0612725175544362,train
QGWIQIAWOCJRPI,0.19958262825999531,0.004200567221970354,1.1969781165478168,valid
QHMTXANCGGJZRX,1.031836231780504,0.005971249078471714,0.8420327096911919,test
QHOQHJPRIBSPCY,0.9286371118720745,0.008698575365089596,0.5780241971536658,train
QIKYZXDTTPVVAC,2.84406574758006,0.004172008620782124,1.2051717766690462,train
QIWQQMZFTOCFGF,1.8978675444704018,0.00765872405131845,0.6565045310544908,valid
QJACRCAPQIYMIH,0.8339069311243915,0.014069106644402333,0.3573778469997632,train
QJVOZXGJOGJKPT,0.9955267868788246,0.006375883153352643,0.7885946026383331,train
QLHULAHOXSSASE,0.8879131701002887,0.0038438064039902553,1.3080749947674306,train
QMBJSIBWORFWQT,0.90199590307827,0.004189951655434767,1.2000107531705744,test
QMGGMESMCJCABO,2.047880636464039,0.007803833548285504,0.6442970638310468,valid
QMGVPVSNSZLJIA,2.070424511379343,0.004002018418227187,1.256362794055772,train
QNXAVFXEJCPCJO,0.5353682609941828,3218510.753348572,1.562209179060657e-09,valid
QPFYXYFORQJZEC,1.3792716897987065,0.0032887871511617026,1.5288271361710128,train
QPQKUYVSJWQSDY,1.1802495891949656,0.005236271618985748,0.9602227324411559,train
QRUDEWIWKLJBPS,3.359974677573375,0.003089588750292109,1.6273968635182248,train
QTCRXZRCLRRRCO,1.110489169912593,0.0026555571581678874,1.8933830990312635,valid
QTDRLOKFLJJHTG,0.7135319878015504,0.006113133850175757,0.8224892771883298,test
QUAMTGJKVDWJEQ,0.7678126259357465,0.00883905924472872,0.5688373505116023,train
QULLOTSYPAOTIW,0.3973365551378935,0.005043495953226081,0.9969249680016912,test
QVBOTMGSBYXVJQ,1.2660103330066437,0.007028668847551787,0.7153540948991941,train
QWGDMFLQWFTERH,1.9264391709154554,0.003126959274774339,1.6079477217206228,train
QXKHYNVANLEOEG,2.716244730290291,0.0019297048255101134,2.605573129795865,train
QXWJDGMLSMFETH,0.2998486722203719,0.009041040042663265,0.5561292747361232,train
QYMMJNLHFKGANY,1.1303701780073399,0.0026555571581677664,1.8933830990313496,train
QYPNKSZPJQQLRK,0.4936663734101009,0.007526080010674078,0.6680751512946292,train
QZCLKYGREBVARF,0.21765146391721218,0.01873039549083635,0.26843998271400404,test
QZXATCCPQKOEIH,0.4539853908639815,0.03406811519672634,0.14758629917600247,valid
RAOCRURYZCVHMG,2.254337333713182,0.0021150155857321,2.3772813192041617,train
RBNIGDFIUWJJEV,0.3193838276079661,0.0046946850846782155,1.0709955941871658,train
RCLXAPJEFHPYEG,0.5763324701864769,0.008008075734325357,0.6278645717890621,train
RDCAZFAKCIEASQ,0.6106510231073887,0.006500326390583062,0.7734976276069073,valid
RDJQCOBTKKAQAH,0.609820043588565,0.006500326390584055,0.7734976276067892,valid
RECCURWJDVZHIH,1.5426263269228555,0.0035610326679322082,1.4119463399099286,train
RFHAOTPXVQNOHP,1.0636298664859685,0.0027672231734819914,1.8169792339010602,test
RGCLLPNLLBQHPF,0.5939603054628538,0.014938387863829972,0.3365816370293033,valid
RGOVYLWUIBMPGK,0.6663305973418558,0.03406811519672634,0.14758629917600247,train
RHVBIEJVJWNXBU,1.0330182074176515,0.005971249078470472,0.8420327096913669,train
RIZMRRKBZQXFOY,0.38918100116506815,0.008978404355071806,0.5600089774244031,test
RJBJMKAMQIOAML,0.8293550619429969,0.014069106644405593,0.3573778469996805,train
RJKCKKDSSSRYCB,0.7055637530919584,0.006618802882359665,0.7596520294005258,train
RJMIEHBSYVWVIN,2.1292969835597773,0.0025664328776634454,1.9591344412499088,train
RMFNNCGOSPBBAD,1.1391911426750134,0.0026591872780796365,1.89079839665057,train
RMOGWMIKYWRTKW,0.2897860909077996,0.04141815029012565,0.12139574091470892,train
RNVCVTLRINQCPJ,2.809706228686045,0.00310708002702142,1.618235448736289,train
ROVGZAWFACYCSP,0.4563157591036444,0.03406811519672634,0.14758629917600247,train
RQDJADAKIFFEKQ,0.3274510579236894,0.005794372937254012,0.867736180641725,valid
RQUXYBHREKXNKT,0.8583647577247169,0.0037418764560385514,1.3437073887547848,train
RQVGAIADHNPSME,0.3281385174048089,0.005794372937254461,0.8677361806416576,test
RQZAXGRLVPAYTJ,1.0142172245556784,0.006375883153353173,0.7885946026382675,test
RRKTZKIUPZVBMF,2.048163858737747,0.007803833548286526,0.6442970638309624,train
RRNIZKPFKNDSRS,0.24969211635131514,0.026318198162434442,0.1910460211126201,train
RROQIUMZODEXOR,0.5717864997584574,0.014119139549624685,0.356111434702848,train
RRVIAQKBTUQODI,1.9101447802224354,0.0031023623280200933,1.6206962663176088,train
RSIHSRDYCUFFLA,0.6981058855689468,0.006618802882359433,0.7596520294005525,train
RWCCWEUUXYIKHB,1.243500766669008,0.007028668847552972,0.7153540948990733,train
RXCPQSJAVKGONC,0.6990356079560972,0.006618802882358487,0.7596520294006611,train
RXZBMPWDPOLZGW,0.19958262825999531,0.004200567221970354,1.1969781165478168,test
RYAUSSKQMZRMAI,1.1639223276585862,0.005236271618986317,0.9602227324410515,valid
RYVIXQCRCQLFCM,0.9113859631508039,0.004189951655434163,1.2000107531707473,train
RZILCCPWPBTYDO,0.6867108631972787,0.006618802882359433,0.7596520294005525,train
RZVAJINKPMORJF,1.6064979346804815,0.002351109902338969,2.1385589149977835,train
SAPGTCDSBGMXCD,1.3688661745324564,0.0031617014238213073,1.5902788934793297,test
SBDNJUWAMKYJOX,2.820929852566346,0.0031070800270208312,1.6182354487365962,train
SBUJHOSQTJFQJX,0.49577840871769857,0.011773130212696327,0.4270730851481036,train
SCABKEBYDRTODC,0.19958262825999531,0.004200567221970354,1.1969781165478168,train
SCCDDNKJYDZXMM,1.665232958131663,0.003199053082139046,1.5717110384503552,train
SDMSCIWHRZJSRN,0.5270146572831885,0.010229564600610965,0.4915152538834615,train
SGUAFYQXFOLMHL,0.7661134416552724,0.0063007455270815355,0.7979987479537997,test
SHCRDCOTRILILT,0.3003337260969971,0.009041040042664757,0.5561292747360314,train
SJDACOMXKWHBOW,1.5257249154423733,0.005662529207614486,0.88794015137712,valid
SLCGUGMPSUYJAY,0.2910528324201207,0.04141815029012565,0.12139574091470892,train
SLDQOBRACOQXGE,2.2261962432451674,0.002115015585732153,2.3772813192041022,train
SMWDFEZZVXVKRB,3.8147686558286855,0.003159196744574059,1.5915397008502776,train
SNHRLVCMMWUAJD,0.4856617218952936,0.007592772863750731,0.6622069607522554,train
SNPPWIUOZRMYNY,1.2728132713626943,0.007383255756444816,0.6809986281997151,train
SOUGWDPPRBKJEX,1.023747535537036,0.009595370887382597,0.5240013232211905,train
SPNQRCTZKIBOAX,1.1290118941659406,0.0026555571581675323,1.8933830990315166,train
STECJAGHUSJQJN,0.7171854800594714,0.005593238516377464,0.898940216310141,valid
STJLVHWMYQXCPB,0.665104673446786,0.03406811519672634,0.14758629917600247,valid
STJMRWALKKWQGH,1.4761260911646246,0.0060742250323914775,0.8277577822642843,train
STMIIPIFODONDC,0.29053525556575505,0.04141815029014609,0.12139574091464903,train
STUSTWKEFDQFFZ,2.53877549698669,0.008063410046279888,0.6235559165326421,train
SUBWVHAACKTENX,0.19958262825999531,0.004200567221970354,1.1969781165478168,test
SWAJJKROCOJICG,1.250661610608996,0.007028668847551331,0.7153540948992404,train
SYJGKVOENHZYMQ,0.49208942538037626,0.007592772863750304,0.6622069607522926,valid
SZINUGQCTHLQAZ,1.0187776442645913,0.00637588315335288,0.7885946026383038,train
SZRPDCCEHVWOJX,1.396498382994379,0.0032887871511612654,1.528827136171216,train
SZWKGOZKRMMLAJ,1.1420299128235174,0.007303135934703324,0.6884695953548373,train
TUBQDCKAWGHZPF,1.2782894254355714,0.0055005130879364796,0.9140941874702132,train
TVLSRXXIMLFWEO,0.48369946114041423,0.007592772863750195,0.6622069607523021,valid
TVVXHFWWAYXBNC,0.8681105066770581,0.003741876456039665,1.343707388754385,valid
TWFZGCMQGLPBSX,2.9384494679561706,0.004673953176384684,1.0757461301047375,train
TWHBYJSVDCWICV,0.19958262825999531,0.004200567221970354,1.1969781165478168,train
TWMFGCHRALXDAR,1.1414324824137219,0.007299803101783961,0.6887839263168354,test
TWPMMLHBHPYSMT,2.1474073867114387,0.001792780262545684,2.8045751879524863,train
TYMLOMAKGOJONV,2.021078800233224,0.0029488134166246326,1.7050882275019859,train
TZBPRYIIJAJUOY,0.9455497816981213,0.00869857536509139,0.5780241971535467,train
UACOXBQBNWQWOK,2.0492580454903004,0.007803833548284698,0.6442970638311134,valid
UAFDGCOOJPIAHN,0.45401124659579606,0.034068115196720185,0.1475862991760291,valid
UAIUNKRWKOVEES,3.45598412551174,0.011900016521279793,0.42251933287617255,test
UBCHPRBFMUDMNC,1.7591814629377196,0.002558520988122888,1.9651928067533486,valid
UBCKGWBNUIFUST,0.6643884627479923,0.03371059607089422,0.14915153179767535,train
UDCDOJQOXWCCSD,0.8262971891116011,0.012024130152400347,0.4181580686552071,train
UDKABVSQKJNZBH,1.0278556478281595,0.006643401005701948,0.7568393112911762,train
UELITFHSCLAHKR,1.1059581566147023,0.0027870058820942028,1.8040819626862272,test
UFEODZBUAFNAEU,0.6055377585243352,0.006500326390585819,0.7734976276065793,test
UFFBMTHBGFGIHF,2.8747552939564205,0.004738692532175853,1.0610494366634675,train
UFNOUKDBUJZYDE,0.3987086856251471,0.0053194464959221656,0.9452086877160949,test
UHBUSMAHWHZQKS,0.5419810728117175,3218510.753348572,1.562209179060657e-09,valid
UIKROCXWUNQSPJ,1.7121632888946257,0.003228083230613447,1.5575766430381286,test
UIOFUWFRIANQPC,0.3894537717825193,0.008978404355068815,0.5600089774245897,train
ULSLJYXHZDTLQK,0.9428829864197068,0.008698575365090227,0.578024197153624,test
UNYCSANQWMNNCS,0.20703845932313256,0.0057978061873302685,0.8672223388174036,valid
UQCSETXJXJTMKO,0.19958262825999531,0.004200567221970354,1.1969781165478168,train
URDNHJIVMYZFRT,0.24455252212443587,0.00989645372772383,0.508059470606245,train
UREBDLICKHMUKA,0.6008434019196494,0.006500326390582981,0.773497627606917,train
USRKFGIXLGKMKU,0.4546812102214635,0.03406811519673864,0.14758629917594918,train
USSIQXCVUWKGNF,0.8697857039178604,0.003741876456039435,1.3437073887544675,train
UTOHZQYBSYOOGC,1.2651387710005975,0.007028668847552517,0.7153540948991198,train
UURAUHCOJAIIRQ,0.30538004231007365,0.009041040042665502,0.5561292747359856,valid
UVBUBMSSQKOIBE,0.19958262825999531,0.004200567221970354,1.1969781165478168,valid
UVLBAPBHAHFJSY,2.4574840433958345,0.0038190678148093456,1.31654824831582,valid
UWFYSQMTEOIJJG,0.8171672411519458,0.00787309604758715,0.6386289474173867,train
UWVQIROCRJWDKL,0.8614640067913226,0.003741876456039665,1.343707388754385,train
UWYHMGVUTGAWSP,0.4069714106463685,0.005281228378625791,0.9520487813281961,train
VACCAVUAMIDAGB,0.659405995169634,0.011965453129277473,0.42020866134053225,test
VAIZTNZGPYBOGF,0.9544144513675993,0.007258111768190582,0.6927403713762356,test
VAOCPAMSLUNLGC,1.8966898252677684,0.008215865691683713,0.6119850579928555,train
VBCVPMMZEGZULK,0.2980849336413463,0.009041040042663036,0.5561292747361372,train
VDTNNGKXZGSZIP,0.46589816757445046,0.009797406854961678,0.5131956972104571,train
VEQOALNAAJBPNY,2.068893480583262,0.004002018418228375,1.256362794055399,valid
VEVZCONIUDBCDC,1.7631217135980444,0.002558520988122762,1.9651928067534457,test
VGHPMIFEKOFHHQ,0.8483490384373399,0.014069106644403768,0.3573778469997268,train
VGZSUPCWNCWDAN,0.8242839716513419,0.013704874783777366,0.36687581033124517,test
VHCNQEUWZYOAEV,1.6730198084111256,0.00319905308213853,1.571711038450609,test
VHRSUDSXCMQTMA,0.8298755347001349,0.014069106644403768,0.3573778469997268,train
VIKNJXKGJWUCNN,0.8777417808602694,0.003741876456039435,1.3437073887544675,train
VJYFKVYYMZPMAB,1.0221891455045586,0.0063758831533531814,0.7885946026382665,test
VKHAHZOOUSRJNA,0.7214932924258033,0.005593238516377678,0.8989402163101066,train
VLTNWNUPWHBSQY,0.8731763477583593,0.003741876456039435,1.3437073887544675,train
VLYWMPOKSSWJAL,0.7580288719534831,0.009554449363475957,0.5262456108676641,test
VMXUWOKSQNHOCA,0.5948779069894792,0.014616914952608782,0.3439841483711438,valid
VNENJHUOPQAPAT,3.1229692538319034,0.0027856036590599353,1.8049901052626334,train
VNKBTWQZTQIWDV,0.8201100064893666,0.007873096047586705,0.6386289474174228,test
VOEYXMAFNDNNED,1.2686652555556497,0.007028668847551738,0.715354094899199,train
VOVIALXJUBGFJZ,0.659183722523731,0.011965453129278669,0.4202086613404903,valid
VOWAEIGWURALJQ,0.6725184530656613,0.034068115196720185,0.1475862991760291,train
VTFZEBCYVXMEBB,1.1384387895474235,0.0026555571581678874,1.8933830990312635,train
VTNQPKFIQCLBDU,1.2657400786763813,0.007729114858466673,0.6505255949559064,train
VUNOFAIHSALQQH,1.669173455405741,0.0031990530821387263,1.5717110384505124,valid
VUTHWSUXEOILTN,1.1381630141324262,0.0026555571581678874,1.8933830990312635,train
VVBLNCFGVYUYGU,1.21046987044234,0.008048352279261223,0.6247225354116954,train
VWUXBMIQPBEWFH,0.207998744911422,0.006149445464763724,0.8176325931495608,valid
VXTGHWHFYNYFFV,1.88945703791114,0.008215865691684187,0.6119850579928203,train
VYBKAZXQKUFAHG,1.9087205258738698,0.0030451295487849465,1.6511570234484156,train
VYUUPUMKBLIKJV,0.5655061730437368,0.014119139549624685,0.356111434702848,test
VZFRNCSOCOPNDB,0.902754199630505,0.004189951655434163,1.2000107531707473,train
VZRKEAFHFMSHCD,0.8807700410339014,0.0037418764560395498,1.343707388754426,train
WAIJIHDWAKJCBX,0.848569334920105,0.01406910664440885,0.3573778469995977,train
WCCIEZDFRJREQJ,3.561632358143536,0.244621936761266,0.02055411345505589,train
WDQFELCEOPFLCZ,2.2658389389334452,0.0021150155857321126,2.3772813192041475,test
WECDUOXQLAIPQW,2.03588550339741,0.0029488134166250433,1.7050882275017483,train
WFDXOXNFNRHQEC,1.3691687298678517,0.0030786100853681993,1.6332003411809866,train
WFKSADNZWSKCRZ,1.1976462556020437,0.008048352279262155,0.6247225354116231,train
WFTHOCDLKYPFJX,1.0263479937639974,0.009862022288572575,0.509833266916528,train
WGZDBVOTUVNQFP,1.598184200216368,0.0023511099023397456,2.138558914997077,test
WINHLTQNRABBSW,1.6544731548670728,0.0031990530821382297,1.5717110384507562,train
WJCNZQLZVWNLKY,3.799321543957312,0.005766883245896569,0.8718725223653935,train
WKBPZYKAUNRMKP,0.35871989549819344,2.3038197792937405,0.0021824567559394557,train
WKEDVNSFRWHDNR,1.0351198168749927,0.005971249078472187,0.8420327096911251,train
WKGKFWXGAHXMCE,0.3836300793802781,0.015406618844361224,0.3263524003923027,train
WKSAUQYGYAYLPV,3.2128310749566427,0.002011454536308086,2.4996771992744926,test
WLFDQEVORAMCIM,1.0310832697960366,0.005971249078470945,0.8420327096913004,train
WMYINDVYGQKYMI,0.39655386959786076,0.008921306306057466,0.5635931408803465,train
WPCVRWVBBXIRMA,2.491294227426434,0.008063410046282048,0.6235559165324751,test
WPPOGHDFAVQKLN,1.6585485875185138,0.0031990530821383416,1.5717110384507014,test
WRPIRSINYZBGPK,2.489842984526325,0.008063410046281205,0.6235559165325403,valid
WTLBZVNBAKMVDP,0.19958262825999531,0.004200567221970354,1.1969781165478168,train
WTOYNNBCKUYIKC,1.2068785246429743,0.008048352279262622,0.624722535411587,train
WTPBIYSMFKUQKY,1.7167596651327932,0.0025585209881226704,1.9651928067535158,train
WTPSHLVHJOJDIF,2.5657249584291355,0.003163514805713111,1.589367317866298,valid
WUADCCWRTIWANL,2.118790725949235,0.003772078897872824,1.332948535255184,test
WURBVZBTWMNKQT,0.3982113685760295,0.0051890135885936835,0.9689677924218435,train
WURGXGVFSMYFCG,0.6051389041633572,0.006500326390584656,0.7734976276067178,train
WUZNHSBFPPFULJ,1.3710431854466674,0.002327435964593405,2.1603116555195716,train
WVLAAKXASPCBGT,1.0599482355785899,0.004476548755028555,1.1231838000510055,test
WVQBLGZPHOPPFO,1.4244522524834369,0.004506319846049761,1.1157634641034417,train
WWYNJERNGUHSAO,0.8367425029890204,0.014069106644403768,0.3573778469997268,train
WXURHACBFYSXBI,0.712676131054702,0.006618802882359433,0.7596520294005525,train
WXWCDTXEKCVRRO,3.5440745747771984,0.013283354016002941,0.3785178830383629,train
WXZVAROIGSFCFJ,0.7008008408868088,0.006618802882359433,0.7596520294005525,train
WYEHFWKAOXOVJD,1.5298548469936633,0.0029596923729968668,1.6988208259953146,test
WYEMLYFITZORAB,1.824442401723939,0.0031431565131611896,1.5996616842760196,train
WYKYKTKDBLFHCY,1.7186533424776174,0.0025585209881228005,1.965192806753416,train
WYMSBXTXOHUIGT,1.3481003287109685,0.0032475377197122017,1.548245925295104,train
WYVVKGNFXHOCQV,1.0231630110785832,0.008478091798278735,0.5930564520199435,test
WYWHKKSPHMUBEB,3.4888583501499966,0.011900016521282687,0.4225193328760698,train
WYWZRNAHINYAEF,1.4980762229082398,0.006560167862517467,0.7664418269713418,train
WZKXBGJNNCGHIC,2.320287251006097,0.004500723420232939,1.1171508605001863,test
XBZBRCVCSVLJJZ,2.2676832150707757,0.0021150155857318545,2.3772813192044375,valid
XCGSFFUVFURLIX,0.5851628672589378,0.008008075734324896,0.6278645717890983,train
XCSGPAVHZFQHGE,1.3718896441274557,0.0023274359645928974,2.160311655520043,train
XDNBJTQLKCIJBV,1.2700247062511116,0.007028668847552607,0.7153540948991105,train
XGXOSJSGDNPEEF,1.2692689583621108,0.007028668847552925,0.7153540948990782,valid
XIXHUNCZQIRQOG,1.4855639952608084,0.006560167862517467,0.7664418269713418,valid
XKJMBINCVNINCA,1.4923167706189124,0.006560167862517148,0.7664418269713791,train
XKNKHVGWJDPIRJ,1.002119183063724,0.0063758831533531814,0.7885946026382665,train
XLDBGFGREOMWSL,1.0056099409837127,0.0063758831533520495,0.7885946026384064,train
XMAYWYJOQHXEEK,0.7630015679679091,0.009554449363474873,0.5262456108677238,train
XMJFVIGTHMOGNZ,0.2053441033426362,0.003924479883802838,1.2811855814417956,valid
XMTQQYYKAHVGBJ,0.606798640419568,0.0065003263905850485,0.7734976276066711,train
XNKARWLGLZGMGX,0.38490960370583804,0.008978404355071225,0.5600089774244393,train
XOGPDSATLSAZEK,3.2333188589267396,0.002011454536308424,2.4996771992740725,train
XOXHILFPRYWFOD,0.594273505428397,0.014938387863828367,0.3365816370293395,test
XOZLRRYPUKAKMU,0.4860215545458731,0.007592772863750304,0.6622069607522926,valid
XPAZGLFMMUODDK,3.9437094934055414,0.0021183500777499807,2.3735392438661878,train
XQYZDYMELSJDRZ,2.10389265700469,0.004002018418227517,1.2563627940556683,valid
XQZXYNRDCRIARQ,0.25489861892249177,0.026318198162440628,0.19104602111257518,train
XRHGWAGWAHHFLF,0.6625543698821554,0.09208891727348431,0.05459926330607762,test
XVOKUMIPKHGGTN,1.3807614928778453,0.0032887871511612654,1.528827136171216,test
XVPBINOPNYFXID,2.0648403134668443,0.004002018418227533,1.2563627940556634,valid
XWALNWXLMVGSFR,0.6745671783245722,0.03406811519672634,0.14758629917600247,train
XWIYFDMXXLINPU,2.157020736407472,0.001792780262545703,2.804575187952457,train
XWMMHXRGYYPFAV,0.9888623824610646,0.004356237752473502,1.1542040006727465,train
XWTYSIMOBUGWOL,1.2679792939633523,0.007028668847551787,0.7153540948991941,train
XXOYNJXVWVNOOJ,1.0271374103714945,0.008267503900618554,0.6081626452465765,train
XZZNDPSIHUTMOC,1.3604277703712868,0.0032475377197124914,1.5482459252949659,valid
YBBLVLTVTVSKRW,1.901254851793384,0.0030057738606456674,1.6727762216637658,valid
YBJHBAHKTGYVGT,1.6662613105129784,0.0031990530821386512,1.5717110384505493,test
YEZNLOUZAIOMLT,2.8853404816172104,0.0047386925321758425,1.06104943666347,train
YFAGHNZHGGCZAX,0.39218893473079164,0.008978404355069613,0.5600089774245399,train
YFBPRJGDJKVWAH,1.0257122984375953,0.010021497795089757,0.5017201165528508,train
YFGYUFNIOHWBOB,0.7147092044005334,0.005593238516377464,0.898940216310141,train
YFNCATAIYKQPOO,0.4661366959804221,0.009797406854961969,0.5131956972104418,train
YGUFQYGSBVXPMC,3.1486233526227365,0.002785603659060151,1.8049901052624937,train
YIJZJEYQBAAWRJ,1.6912005269939823,0.0031990530821387085,1.571711038450521,valid
YILJWHUIUCRKEU,0.8292313705830718,0.014069106644403962,0.35737784699972186,train
YJFCKXVXEKHSEC,0.7108177456297746,0.006618802882360379,0.759652029400444,valid
YKBZOVFACRVRJN,0.8251421327670729,0.012612979861599143,0.3986359367063236,train
YKKQAXQGZIBJFS,1.4916941025897017,0.006560167862517451,0.7664418269713437,train
YLDDCEXDGNXCIO,1.8453533210970976,0.008215865691683713,0.6119850579928555,test
YLJREFDVOIBQDA,4.896266854606785,0.0024969043292376704,2.0136883031163886,valid
YNVKAENVJKEMOU,0.8894935304603141,0.00418995165543483,1.2000107531705564,train
YOSHYTLCDANDAN,0.9922564481678285,0.006365414994362877,0.7898914754559263,train
YOUGRGFIHBUKRS,1.5248027558115271,0.006532794040936817,0.7696533841843796,train
YOWNVPAUWYHLQX,0.3210526194073417,0.00579437293725358,0.8677361806417896,test
YPACMOORZSDQDQ,1.4806178609306142,0.006215190056602953,0.8089836346106406,test
YPEWWOUWRRQBAX,1.9017307230024088,0.0030057738606453677,1.6727762216639324,train
YQIGLEFUZMIVHU,1.0048148785491477,0.006375883153354305,0.7885946026381275,test
YREQHYQNNWYQCJ,0.829760915243248,0.014069106644403962,0.35737784699972186,train
YRRKLBAKDXSTNC,0.6804492941941447,0.03406811519673249,0.14758629917597585,test
YTRMTPPVNRALON,3.0802393574558136,0.002785603659059806,1.8049901052627173,train
YUAUPYJCVKNAEC,2.4879389970760606,0.008063410046281892,0.6235559165324872,train
YVIXXPCJZAUQHJ,0.4824421730639233,0.007592772863751614,0.6622069607521783,test
YWBVHLJPRPCRSD,3.206396840080195,0.002011454536308209,2.49967719927434,train
YWTYJOPNNQFBPC,1.5214046325104944,0.008644054773405612,0.5816699654953282,valid
YXALYBMHAYZKAP,0.453728440295883,0.03406811519672634,0.14758629917600247,train
YYJNOYZRYGDPNH,0.6109519790058493,0.00650032639058367,0.7734976276068349,test
ZACLXWTWERGCLX,0.4733839941739953,0.009797406854961386,0.5131956972104723,train
ZBBHBTPTTSWHBA,0.5814054250902193,0.008008075734325357,0.6278645717890621,test
ZBRHTUMWSDPCMI,0.2892993939453724,0.04141815029014609,0.12139574091464903,train
ZCJPOPBZHLUFHF,1.476529935070963,0.006074225032390766,0.8277577822643811,train
ZCTYHONEGJTYQV,1.8901890092264466,0.008215865691684835,0.6119850579927719,train
ZDHCJEIGTNNEMY,0.9489743179319475,0.008698575365089998,0.5780241971536392,train
ZDHYERRNXRANLI,0.8502427626317678,0.014069106644405593,0.3573778469996805,train
ZEGLQSKFSKZGRO,0.20451201236143673,0.003924479883803643,1.281185581441533,valid
ZETBBVYSBABLHL,0.7418953158509276,0.009554449363476925,0.5262456108676108,test
ZISFCTXLAXIEMV,0.4557680036925826,0.03406811519672634,0.14758629917600247,train
ZIWFCOIGUNPHPM,0.5303674817255102,0.010229564600613214,0.4915152538833535,test
ZJJXGWJIGJFDTL,0.4835695856713119,0.007592772863751692,0.6622069607521714,test
ZKLXUUYLEHCAMF,0.43538396822441733,2.3038197792937405,0.0021824567559394557,test
ZLCUIOWQYBYEBG,3.164343622681258,0.0032758417676690753,1.534868714176092,train
ZLIBICFPKPWGIZ,2.627063582863813,0.003163514805713552,1.5893673178660763,valid
ZNNLBTZKUZBEKO,0.480978291533536,0.007592772863750304,0.6622069607522926,train
ZNOLGFHPUIJIMJ,0.5696465759104368,0.014119139549623044,0.35611143470288936,train
ZNRZGJAHNMGWQN,1.3739719042786835,0.0029065747688939774,1.7298667474843048,train
ZOGDSYNXUXQGHF,0.4921405224364869,0.0075927728637489155,0.6622069607524137,test
ZOXBWJMCXHTKNU,2.4701384839081606,0.01925168876791585,0.2611712199589486,test
ZPUCINDJVBIVPJ,0.9190273187250718,0.02367060610954132,0.2124147991191426,valid
ZQEIXNIJLIKNTD,1.2661657862589657,0.0070286688475514215,0.7153540948992313,train
ZRKZFNZPJKEWPC,0.7667393912066471,0.006406432994699402,0.7848340950333298,valid
ZRVUJXDFFKFLMG,0.3326657869176125,0.02060976557496957,0.24396138925000818,valid
ZTMKADLOSYKWCA,1.483822300208816,0.006560167862517274,0.7664418269713643,train
ZTWZVMIYIIVABD,0.20741195588513955,0.006149445464763012,0.8176325931496555,train
ZUBPKHVCBGWWGO,0.20728834152195616,0.006149445464764607,0.8176325931494435,test
ZWJNEYVWPYIKMB,1.0314587111632534,0.005971249078472956,0.8420327096910166,test
ZXDDPOHVAMWLBH,1.2651225037640788,0.007028668847552972,0.7153540948990733,train
ZXSWTMLNIIZPET,1.074401525303576,0.002767223173481826,1.8169792339011688,train
ZYGHJZDHTFUPRJ,1.893015862853316,0.008215865691683713,0.6119850579928555,train
ZZYSLNWGKKDOML,1.1110633817205073,0.0026555571581679833,1.893383099031195,train
