group_key,scaffold_group,split,source
AAGFPTSOPGCENQ,O=C1C=CC[C@@H]2[C@H]3CCCN4CCC[C@@H](CN12)[C@@H]34,valid,WUR
ADWTYURAFSWNSU,O=C1NCCN1Cc1cccnc1,valid,WUR
AEKQMJRJRAHOAP,O=C1[C@@H](Cc2c[nH]cn2)CCc2cc3ccccc3n21,train,LCSB
AEOCXXJPGCBFJA,c1ccncc1,train,LCSB
AFAIELJLZYUNPW,N=C1C=CC(=C(c2ccccc2)c2ccccc2)C=C1,valid,LCSB
AFYCEAFSNDLKSX,O=c1ccc2ccccc2o1,train,LCSB
AGOYDEPGAOXOCK,O=C1CCCCOC(=O)C[C@@H](O[C@H]2CCCCO2)C[C@@H](O[C@H]2CCCCO2)CCC1,valid,WUR
AHMMSNQYOPMLSX,O=C1C=CC2C(=C1)CC[C@H]1[C@@H]3CCCC3CC[C@H]21,train,WUR
AHOUBRCZNHFOSL,c1ccc([C@@H]2CCNC[C@H]2COc2ccc3c(c2)OCO3)cc1,valid,WUR
AKNNEGZIBPJZJG,O=C1O[C@H]([C@@H]2NCCc3cc4c(cc32)OCO4)c2ccccc21,train,WUR
AKNQMEBLVAMSNZ,c1ccc(C2(Cn3cncn3)OCCO2)cc1,valid,LCSB
ALZOLUNSQWINIR,c1ccc2ncccc2c1,train,LCSB
AMEKQAFGQBKLKX,O=C(Nc1ccccc1)C1=COCCS1(=O)=O,test,WUR
AMFGTOFWMRQMEM,c1ccc(-n2cncn2)cc1,valid,LCSB
AMRQXHFXNZFDCH,c1ccccc1,train,LCSB
ANJTVLIZGCUXLD,O=c1cccc2n1C[C@@H]1CNC[C@H]2C1,test,WUR
AQHHHDLHHXJYJD,c1ccc2ccccc2c1,train,LCSB
AQSQFWLMFCKKMG,__ACYCLIC__AQSQFWLMFCKKMG,test,LCSB
AQYMRQUYPFCXDM,O=C(Nc1ccccc1)c1ccc2ccccc2c1,train,LCSB
ASDAXOTYWQZBDR,O=C1CCC[C@]2(CO2)C(=O)O[C@@H]2CC[NH+]3CC=C(CO1)[C@H]23,valid,WUR
ASOKPJOREAFHNY,c1ccc2[nH]nnc2c1,train,LCSB
ATROHALUCMTWTB,c1ccccc1,train,WUR
ATWWYGQDYGSWQA,O=c1cccc2c(c1)CCCc1ccccc1-2,train,WUR
AUFSOOYCQYDGES,c1ccccc1,train,WUR
AUGQEEXBDZWUJY,C1=C[C@H]2O[C@@H]3CCC(C2CC1)[C@]31CO1,test,WUR
AUMLVMKWJGCERZ,O=C(NS(=O)(=O)/C=C/c1ccccc1)c1ccccc1,valid,LCSB
AUQAUAIUNJIIEP,c1ccccc1,train,WUR
AWYOMXWDGWUJHS,c1cncnc1,train,LCSB
AWZOLILCOUMRDG,O=[PH](Sc1ccccc1)Sc1ccccc1,valid,WUR
BACYUWVYYTXETD,__ACYCLIC__BACYUWVYYTXETD,train,LCSB
BAFQDKPJKOLXFZ,c1ccccc1,train,WUR
BBXXLROWFHWFQY,c1cncnc1,train,LCSB
BCGWQEUPMDMJNV,c1ccc2c(c1)CCc1ccccc1N2,train,LCSB
BCTQJXQXJVLSIG,O=C(Nc1ccccc1)c1ccccc1,train,WUR
BDNFQGRSKSQXRI,c1ccc(C(O[C@@H]2CCCN(CCc3ccc4c(c3)OCO4)C2)c2ccccc2)cc1,train,LCSB
BEAXWKCHSPVXQB,O=C(CN1CCNCC1)c1cccc(-c2nc(=O)c3[nH]ncc3[nH]2)c1,valid,WUR
BEOZJBLIRPRMJM,O=C1NCC(c2ccccc2)=Nc2cn[nH]c21,test,LCSB
BEZZFPOZAYTVHN,O=S(c1ccccc1)c1ccc2[nH]cnc2c1,test,LCSB
BGEBZHIAGXMEMV,O=c1ccc2cc3ccoc3cc2o1,train,LCSB
BGRWYRAHAFMIBJ,__ACYCLIC__BGRWYRAHAFMIBJ,train,LCSB
BHAAPTBBJKJZER,c1ccccc1,train,LCSB
BHHGXPLMPWCGHP,c1ccccc1,train,WUR
BIXJFIJYBLJTMK,C1=C2c3cccc4[nH]cc(c34)CC2NCC1,test,WUR
BJQHLKABXJIVAM,c1ccccc1,train,WUR
BLGXFZZNTVWLAY,c1ccc2c3c([nH]c2c1)[C@@H]1C[C@@H]2CCCC[C@H]2CN1CC3,test,WUR
BMLIZLVNXIYGCK,c1ccccc1,train,LCSB
BOFHKBLZOYVHSI,c1ccccc1,train,LCSB
BPICBUSOMSTKRF,c1ccc(NC2=NCCCS2)cc1,valid,WUR
BQGRVFPPZJPWPB,c1ccc(CNc2ccccc2)cc1,test,LCSB
BQYJATMQXGBDHF,c1ccc(Oc2ccc(C3(Cn4cncn4)OCCO3)cc2)cc1,train,LCSB
BUGYDGFZZOZRHP,C1C2CC3CC1CC(C2)C3,valid,WUR
BUXRLJCGHZZYNE,c1ccccc1,train,WUR
BUYMVQAILCEWRR,__ACYCLIC__BUYMVQAILCEWRR,test,WUR
BWHOZHOGCMHOBV,c1ccccc1,train,LCSB
BWQSLRZZOVFVHJ,C1CC2CCCN2C1,test,WUR
BXEHUCNTIZGSOJ,c1ccccc1,train,WUR
BXFOFFBJRFZBQZ,C1=C[C@H]2O[C@@H]3CCC(C2CC1)[C@]31CO1,test,WUR
BXNANOICGRISHX,O=c1ccc2ccccc2o1,train,LCSB
BYYMILHAKOURNM,c1ccccc1,train,LCSB
BZKPWHYZMXOIDC,c1nncs1,test,LCSB
CABMTIJINOIHOD,O=C1CN=C(c2ccc3ccccc3n2)N1,test,LCSB
CAWXEEYDBZRFPE,O=c1nc[nH]c(=O)n1C1CCCCC1,test,LCSB
CBVCZFGXHXORBI,O=C(N[C@@H]1CCc2ccccc21)[C@@H](CCCN1CCN(Cc2cccnc2)CC1)Cc1ccccc1,test,LCSB
CCGPUGMWYLICGL,c1ccccc1,train,WUR
CEAZRRDELHUEMR,C1CC[C@@H](O[C@@H]2CCC[C@H](O[C@@H]3CCCCO3)C2)OC1,train,WUR
CEEDFYRUPAWDOU,c1ccccc1,train,WUR
CEIZFXOZIQNICU,O=C1C=CCN1,train,WUR
CEQFOVLGLXCDCX,c1ccc(N=Nc2ccccc2)cc1,train,LCSB
CGSLYBDCEGBZCG,O=[PH](Oc1ccccc1)Oc1ccccc1,valid,LCSB
CHIFOSRWCNZCFN,c1ccccc1,train,WUR
CIEXPHRYOLIQQD,O=C(Nc1ccccc1)c1ccco1,train,LCSB
CIFWZNRJIBNXRE,c1ccc(Nc2ncccn2)cc1,valid,LCSB
CIGKZVUEZXGYSV,c1ccccc1,train,WUR
CJCSPKMFHVPWAR,c1ccccc1,train,LCSB
CJHXCRMKMMBYJQ,c1cncnc1,train,WUR
CJIASZBWXIFQMU,C=C1NC(=O)CCCNC(=O)C[C@H](/C=C/C=C/CCCc2ccccc2)NC(=O)[C@H](Cc2c[nH]c3ccccc23)NC(=O)CCNC(=O)CNC(=O)CNC1=O,test,WUR
CJJOSEISRRTUQB,O=c1[nH]nnc2ccccc12,test,WUR
CJPQIRJHIZUAQP,O=C(Cc1ccccc1)Nc1ccccc1,train,LCSB
CLKZWXHKFXZIMA,O=C(NCc1cccnc1)Nc1ccccc1,train,LCSB
CLSJYOLYMZNKJB,c1ccc2[nH]cnc2c1,train,WUR
CMEWLCATCRTSGF,c1ccccc1,train,LCSB
CMGDVUCDZOBDNL,c1ccc2[nH]nnc2c1,train,WUR
CMWTZPSULFXXJA,c1ccc2ccccc2c1,train,WUR
CNIGFESSDPOCKS,O=C(NCc1ccccc1)c1cccnc1Oc1ccc2c(c1)OCO2,valid,LCSB
CNKHSLKYRMDDNQ,O=C(NNC(=O)c1ccccc1)c1ccccc1,train,LCSB
CNWSQCLBDWYLAN,__ACYCLIC__CNWSQCLBDWYLAN,valid,LCSB
COYBRKAVBMYYSF,c1ccc2ncccc2c1,train,LCSB
CPEUVMUXAHMANV,O=C(c1ccccc1)c1ccc2nc[nH]c2c1,train,WUR
CPHJEACXPATRSU,__ACYCLIC__CPHJEACXPATRSU,valid,LCSB
CQIUKKVOEOPUDV,O=C1C=CC2=COCCC2=C1,train,WUR
CSMYCLLHRFFFLG,N=C(Cc1c[nH]c2ccccc12)S[C@H]1CCCCO1,train,WUR
CSWIKHNSBZVWNQ,c1ccccc1,train,WUR
CULUKMPMGVXCEI,O=c1cccc2n1C[C@@H]1CNC[C@H]2C1,test,WUR
CVXBEEMKQHEXEN,c1ccc2ccccc2c1,train,LCSB
CXJSOEPQXUCJSA,O=c1cccnn1-c1ccccc1,train,WUR
CXXVJZRGOOIVOD,O=C1OC2(CCN1CC1CCOCC1)CCN(C1CCN(C(=O)c3cncnc3)CC1)CC2,train,LCSB
DBEPLOCGEIEOCV,O=C1C=CC2[C@H]3CCC4CCC[C@H]4[C@@H]3CC[C@H]2N1,train,LCSB
DBXFMOWZRXXBRN,c1ccccc1,train,WUR
DCOPUUMXTXDBNB,c1ccc(Nc2ccccc2)cc1,train,WUR
DFPAKSUCGFBDDF,c1ccncc1,train,LCSB
DGFTWBUZRHAHTH,c1ccccc1,train,LCSB
DGFVZQGXKQCQGK,O=C(NCc1ccccc1)c1c[nH]c2cccnc2c1=O,test,LCSB
DIOYAVUHUXAUPX,__ACYCLIC__DIOYAVUHUXAUPX,train,LCSB
DIRFUJHNVNOBMY,c1ccccc1,train,WUR
DIZKGJLRHOCMTP,c1ccc(Cc2ccccc2)cc1,train,LCSB
DJDSLBVSSOQSLW,c1ccccc1,train,LCSB
DJNZZLZKAXGMMC,O=C1CCN(C2CCCC2)c2nc(Nc3ccc(C(=O)NC4CCNCC4)cc3)ncc2N1,train,LCSB
DJRKHTCUXRGYEU,c1ccccc1,train,LCSB
DKNWSYNQZKUICI,C1C2CC3CC1CC(C2)C3,valid,WUR
DKYWVDODHFEZIM,O=C(c1ccccc1)c1ccccc1,train,WUR
DLAPIMGBBDILHJ,c1ccccc1,train,WUR
DMBHHRLKUKUOEG,c1ccc(Nc2ccccc2)cc1,train,LCSB
DMJNNHOOLUXYBV,O=C1C[C@H]2CC(S[C@H]3CCNC3)=CN12,test,WUR
DNDNWOWHUWNBCK,N=C(Cc1c[nH]c2ccccc12)S[C@H]1CCCCO1,train,WUR
DNRJTBAOUJJKDY,c1ccc2c(c1)CCCC2,train,LCSB
DNTGGZPQPQTDQF,c1ccccc1,train,LCSB
DNUAYCRATWAJQE,O=c1cccnn1-c1ccccc1,train,LCSB
DOIRQSBPFJWKBE,c1ccccc1,train,LCSB
DOLQYFPDPKPQSS,c1ccccc1,train,WUR
DPJCXCZTLWNFOH,c1ccccc1,train,WUR
DPWPWRLQFGFJFI,c1ccccc1,train,LCSB
DQFPEYARZIQXRM,O=C1C=CCC(c2ccccc2)C1,test,WUR
DSKJPMWIHSOYEA,c1cncnc1,train,LCSB
DSRNRYQBBJQVCW,c1ccccc1,train,WUR
DTAPQAJKAFRNJB,c1ccccc1,train,LCSB
DTDSAWVUFPGDMX,O=C1OC2(C=C1c1ccccc1)CCCCC2,valid,WUR
DTHPMNDYKOSVFR,c1c[nH]cn1,train,WUR
DTRCGMNODLDAAK,C=C1CCCC2=NCCCC[C@@]23CCC([C@@H]2C=CC(=O)O2)=C[C@@H]3/C=C/CC[C@@H]2CC[C@@]3(CCC[C@]4(CCC[C@@H](C1)O4)O3)O2,train,WUR
DUFVKSUJRWYZQP,O=C1NCCS1,valid,LCSB
DUOHVNSMLSPTMI,c1c[nH]cn1,train,WUR
DVOODWOZJVJKQR,O=c1ocnn1-c1ccccc1,valid,WUR
DVXZVCNEGRKLMW,O=C1C=C[C@@H](C2=C[C@@H]3C=CCCC[C@@H]4CC[C@H](/C=C/CCC5=NCCC[C@@]53CC2)O4)O1,train,WUR
DWFZBUWUXWZWKD,O=c1cc(SCc2ccccc2)cn[nH]1,valid,LCSB
DWRKFAJEBUWTQM,c1ccc(C2(Cn3cncn3)OCCO2)cc1,valid,WUR
DWSPRBSLSXQIEJ,O=C(c1ccccc1)c1cn[nH]c1,valid,WUR
DXGLGDHPHMLXJC,O=C(c1ccccc1)c1ccccc1,train,WUR
DZUPKTNAUCDVTL,c1ccccc1,train,WUR
FAOZLTXFLGPHNG,O=C1C=CC2C(=C1)CC[C@@H]1C2CCC2CCC[C@H]21,train,LCSB
FBMQNRKSAWNXBT,O=C1c2ccccc2C(=O)c2ccccc21,train,LCSB
FBOUIAKEJMZPQG,C(=C\n1cncn1)/c1ccccc1,valid,LCSB
FCBQJNCAKZSIAH,O=c1[nH]c2ccc(S(=O)CCN3CCC(Cc4ccccc4)CC3)cc2o1,valid,LCSB
FCOAHACKGGIURQ,c1ccccc1,train,WUR
FFGPTBGBLSHEPO,C1=Cc2ccccc2Nc2ccccc21,test,LCSB
FFHQNQNMELQOEF,O=C(Nc1cc(NCc2ccccc2)c2ccccc2n1)c1ccccc1,test,LCSB
FFSSWMQPCJRCRV,c1ccc2ncccc2c1,train,LCSB
FHIVAFMUCKRCQO,c1cncnc1,train,WUR
FIQMHBFVRAXMOP,O=P(c1ccccc1)(c1ccccc1)c1ccccc1,valid,LCSB
FKNXQNWAXFXVNW,O=c1ccc2ccccc2[nH]1,train,WUR
FLEFKKUZMDEUIP,c1ccc(C2CC(c3ccc4c(c3)COC43CNC3)=NO2)cc1,valid,WUR
FMGZEUWROYGLAY,O=C(Nc1ncccn1)NS(=O)(=O)c1ccn[nH]1,valid,WUR
FMJYNECHJIZSCE,c1cncnc1,train,WUR
FMKMKBLHMONXJM,c1ccc(-n2cccn2)cc1,valid,LCSB
FNCMBMZOZQAWJA,c1ccccc1,train,WUR
FNYLWPVRPXGIIP,c1ccc(-c2cnc3ncncc3n2)cc1,valid,LCSB
FOXFZRUHNHCZPX,O=c1cnnc[nH]1,valid,LCSB
FQEBOQLYHASAOY,c1ccc(Oc2ccccc2)cc1,valid,LCSB
FQKUGOMFVDPBIZ,c1ccc([SiH](Cn2cncn2)c2ccccc2)cc1,valid,LCSB
FQNKTJPBXAZUGC,O=C(c1ccccc1)c1ccccc1,train,LCSB
FQVNMXZPGWLUFZ,O=C(/C=C/c1ccccc1)OC[C@@H]1CCN2CCC[C@H]12,valid,WUR
FQXXSQDCDRQNQE,C1=C[C@@H]2Oc3cccc4c3[C@@]23CCN[C@H](C4)C3=C1,test,WUR
FSAVDKDHPDSCTO,c1ccccc1,train,LCSB
FSVJFNAIGNNGKK,O=C(C1CCCCC1)N1CC(=O)N2CCc3ccccc3C2C1,test,LCSB
FTLQSQQQFMZPKO,O=C(c1ccc(C#Cc2ccccc2)o1)N1CCC(c2ccccc2)CC1,valid,LCSB
FULZLIGZKMKICU,c1ccccc1,train,LCSB
FUSNMLFNXJSCDI,S=C(Nc1ccccc1)Oc1ccc2ccccc2c1,train,LCSB
FWQYJOPJMIEKHZ,c1ccccc1,train,LCSB
FXKFFTMLFPWYFH,O=C1CCc2ccccc2[C@H]2CCCCN12,test,LCSB
GBAWQJNHVWMTLU,C1=CC2C=CC2C1,valid,WUR
GCAOVMKRBUCSET,O=C(Nc1cccc2ccoc12)c1ccccc1,test,LCSB
GDDNFNQRHNCJAZ,C=C1CCCC(=O)OCC2=CC[NH+]3CC[C@H](OC1=O)[C@H]23,train,WUR
GDLIGKIOYRNHDA,c1ccc2c(c1)CCc1ccccc1N2,train,LCSB
GECHUMIMRBOMGK,O=S(=O)(Nc1ccccn1)c1ccccc1,valid,WUR
GEPDYQSQVLXLEU,__ACYCLIC__GEPDYQSQVLXLEU,test,WUR
GFNANZIMVAIWHM,O=C1C=CC2C(=C1)CC[C@@H]1C2CCC2CCC[C@H]21,train,LCSB
GGLIEWRLXDLBBF,c1ccccc1,train,LCSB
GGRWZBVSUZZMKS,O=C1C[NH+]=C(c2ccccc2)c2ccccc2N1,test,WUR
GHOKWGTUZJEAQD,__ACYCLIC__GHOKWGTUZJEAQD,valid,LCSB
GJTKAAFWJZWEPS,O=C(NC1CCNCC1)c1cc2ccccc2n1Cc1cc(-c2cccs2)on1,test,LCSB
GLTMLPGXPMAIOI,O=C(Nc1ccccc1-c1ccccc1)c1cccnc1,train,WUR
GMBRUAIJEFRHFQ,c1ccc(-n2cncn2)cc1,valid,LCSB
GNBHRKFJIUUOQI,O=C1OC2(c3ccccc3Oc3ccccc32)c2ccccc21,test,LCSB
GNOIPBMMFNIUFM,__ACYCLIC__GNOIPBMMFNIUFM,valid,LCSB
GNTVZNNILZKEIB,c1ccccc1,train,WUR
GOCUAJYOYBLQRH,c1ccc(Oc2ccccn2)cc1,test,LCSB
GOJCZVPJCKEBQV,c1ccccc1,train,LCSB
GONRXGWUUBPRKF,c1ccc(Cc2ccc3nc[nH]c3c2)cc1,train,WUR
GPMHHSJZGVOEFS,O=C(c1ccccc1)c1ccc2nc[nH]c2c1,train,WUR
GPNAVOJCQIEKQF,c1ccc2scnc2c1,train,LCSB
GPXLRLUVLMHHIK,O=C(Nc1ccccc1)Nc1ccncc1,valid,LCSB
GSLOLTKGVZFNKZ,O=C1C=CC2C(=C1)CC[C@H]1[C@@H]3CCCC3CC[C@H]21,train,WUR
GTKRZJVAXAQBMB,c1cncnc1,train,WUR
GTZCKTIZOGTWQO,c1ccccc1,train,WUR
GVDRRZOORHCTAN,O=C(N[C@H](CC(=O)N1CCCC1)Cc1ccccc1)c1cc2ccccc2[nH]1,valid,LCSB
GVGYEFKIHJTNQZ,O=C(O[C@@H]1C[C@H]2CC[C@@H](C1)N2)c1ccccc1,valid,WUR
GWLFIMOOGVXSMZ,O=c1c2ccccc2sc2ccccc12,train,LCSB
GYSCAQFHASJXRS,O=C1COC(=O)[C@H](Cc2ccccc2)NC(=O)COC(=O)[C@H](Cc2ccccc2)NC(=O)COC(=O)[C@H](Cc2ccccc2)N1,test,WUR
GYSSRZJIHXQEHQ,O=C(Nc1ccccc1)C1=COCCS1,valid,LCSB
GZGZVOLBULPDFD,c1ccccc1,train,LCSB
GZUITABIAKMVPG,O=C(c1ccc(OCCN2CCCCC2)cc1)c1c(-c2ccccc2)sc2ccccc12,valid,LCSB
GZVHEAJQGPRDLQ,c1ccc(-c2ncncn2)cc1,train,LCSB
HAORKNGNJCEJBX,c1ccc(Nc2nccc(C3CC3)n2)cc1,test,LCSB
HBBVCKCCQCQCTJ,c1ccc(OCCCOc2ccccc2)cc1,test,LCSB
HBPDKDSFLXWOAE,c1nncs1,test,LCSB
HDDSHPAODJUKPD,c1ccc(Sc2ccc3[nH]cnc3c2)cc1,test,WUR
HDHLIWCXDDZUFH,c1ncnc(NC2CC2)n1,train,LCSB
HDOVUKNUBWVHOX,O=c1nc[nH]c2[nH]cnc12,valid,WUR
HDVAWXXJVMJBAR,C1CCN2CCCCC2C1,valid,WUR
HEZNVIYQEUHLNI,c1ccccc1,train,LCSB
HFCYZXMHUIHAQI,O=C(Nc1ccccc1)Nc1cnns1,test,LCSB
HGBGXSPIBLZGHS,c1ccc([C@@H]2CCCc3ccccc32)cc1,test,LCSB
HJJPJSXJAXAIPN,C1=CCNCC1,train,WUR
HKPHPIREJKHECO,c1ccccc1,train,LCSB
HKQYGTCOTHHOMP,O=c1c(-c2ccccc2)coc2ccccc12,test,LCSB
HLFSDGLLUJUHTE,c1ccc([C@H]2CN3CCSC3=N2)cc1,train,WUR
HMXDWDSNPRNUKI,O=C(NN1CCCCC1)c1cc(-c2ccccc2)n(-c2ccccc2)n1,valid,LCSB
HOMGKSMUEGBAAB,O=[PH]1NCCCO1,valid,LCSB
HPDHKHMHQGCNPE,C=C1CCCC(=O)OCC2=CCNCC[C@H](OC1=O)C2=O,valid,WUR
HRKAMJBPFPHCSD,__ACYCLIC__HRKAMJBPFPHCSD,valid,WUR
HSHNITRMYYLLCV,O=c1ccc2ccccc2o1,train,LCSB
HSMVPDGQOIQYSR,C(=Nc1ccccc1)n1ccnc1,train,LCSB
HTJGLYIJVSDQAE,C1CCN2CCC[C@@H]2C1,train,WUR
HWVNEWGKWRGSRK,c1ccc(SCc2cnc(-c3ccccc3)s2)cc1,test,LCSB
HXHWSAZORRCQMX,c1ccc2[nH]cnc2c1,train,LCSB
HXTGXYRHXAGCFP,c1ccc(CCN2CCC(Cc3ccccc3)CC2)cc1,train,LCSB
HYAFETHFCAUJAY,O=C1NC(=O)C(Cc2ccc(OCCc3ccccn3)cc2)S1,test,LCSB
HYYBABOKPJLUIN,c1ccc(Nc2ccccc2)cc1,train,LCSB
HZJKXKUJVSEEFU,c1ccc(CCn2cncn2)cc1,train,LCSB
IAJNXBNRYMEYAZ,C=C(c1ccccc1)c1ccccc1,test,LCSB
IAKHMKGGTNLKSZ,O=c1cccc2c(c1)CCCc1ccccc1-2,train,LCSB
IANUJLZYFUDJIH,O=C(COc1nncs1)Nc1ccccc1,test,LCSB
IBXPYPUJPLLOIN,c1c[nH]cn1,train,LCSB
ICFJFFQQTFMIBG,c1ccccc1,train,LCSB
IDIMIWQPUHURPV,C=C1CCCC(=O)OCC2=CC[NH+]3CC[C@H](OC1=O)[C@H]23,train,WUR
IEDVJHCEMCRBQM,c1ccc(Cc2cncnc2)cc1,test,WUR
IFOLNWVBRSCJOJ,O=c1cc[nH]cn1,train,WUR
IIAGSABLXRZUSE,N=C(Cc1c[nH]c2ccccc12)S[C@H]1CCCCO1,train,WUR
IIBYAHWJQTYFKB,O=C(NCCc1ccccc1)c1ccccc1,train,LCSB
IIMUEPCADBPEMF,__ACYCLIC__IIMUEPCADBPEMF,valid,WUR
IIQKUGXEGMZCLE,c1ccc(Cc2ccc3nc[nH]c3c2)cc1,train,WUR
IITCWRFYJWUUPC,c1ccncc1,train,LCSB
IKVXBIIHQGXQRQ,O=C(Nc1ccccc1)c1ccccc1,train,LCSB
ILBONRFSLATCRE,N=C1SCCS1,test,LCSB
IMTMBDXEKMXETQ,c1ccccc1,train,LCSB
INFDPOAKFNIJBF,c1cc(-c2cc[nH+]cc2)cc[nH+]1,train,WUR
IOPTXXRNXCPJGO,c1ccccc1,train,WUR
IOUNQDKNJZEDEP,O=c1[nH]c2ccccc2o1,train,LCSB
IPEHSCPRVOWQFQ,O=S(=O)(NC1CCCCC1)c1ccccc1,train,LCSB
IPKKHRVROFYTEK,c1ccccc1,train,LCSB
IPRJXAGUEGOFGG,c1ccccc1,train,WUR
IRGFNBRYIWLUOO,O=C(/C=C/c1ccccc1)NC1CCC(CCN2CCc3ccc(-c4ncon4)cc3CC2)CC1,train,LCSB
IRIAEXORFWYRCZ,O=C(OCc1ccccc1)c1ccccc1,test,LCSB
IRJQWZWMQCVOLA,O=C(NN=Cc1ccccn1)Nc1ccccc1,valid,LCSB
IRSCQMHQWWYFCW,O=c1[nH]cnc2[nH]cnc12,valid,WUR
ISRUGXGCCGIOQO,c1ccccc1,train,LCSB
ISZQNKFXNXQTTF,C(=NOCc1ccccc1)c1ccccc1,test,WUR
ITYMTTQVNYAJAA,O=C1C=CC2C(=C1)CC[C@@H]1C2CCC2CCC[C@H]21,train,WUR
IUBSYMUCCVWXPE,c1ccccc1,train,WUR
IUHMIOAKWHUFKU,c1ccc([C@H]2C[C@@H](c3ccc4c(c3)OCO4)c3cccnc32)cc1,train,LCSB
IVUXTESCPZUGJC,c1ccc(Oc2ccccc2)cc1,valid,LCSB
IXBQSRWSVIBXNC,C=C1NC(=O)CCCNC(=O)C[C@H](/C=C/C=C/CCCc2ccccc2)NC(=O)CNC(=O)CCNC1=O,test,WUR
IXSZQYVWNJNRAL,c1ccc(C2=NC(c3ccccc3)CO2)cc1,valid,LCSB
IYAZLDLPUNDVAG,c1ccc(-n2nc3ccccc3n2)cc1,valid,LCSB
IYIKLHRQXLHMJQ,O=C(c1ccccc1)c1coc2ccccc12,valid,LCSB
IZFZCMFMJKDHJZ,N=C1SC(=Nc2ccccc2)N(c2ccccc2)C1=N,valid,WUR
IZXSCPRWPYQTJH,C=C1CCCC(=O)OC[C@H]2CC[NH+]3CC[C@@H](OC1=O)[C@@H]23,valid,WUR
JAEZSIYNWDWMMN,__ACYCLIC__JAEZSIYNWDWMMN,train,LCSB
JALVTHFTYRPDMB,C1CC[C@@H]2CC[C@@H]3[C@H](CCC4[C@H]3C[C@H]3[C@@H]4C[C@H]4CCCCN43)C2C1,valid,WUR
JBDHZKLJNAIJNC,c1ccc(Oc2ccccn2)cc1,test,LCSB
JBIJLHTVPXGSAM,c1ccc2ccccc2c1,train,LCSB
JCCNYMKQOSZNPW,c1ccc2c(c1)CCc1cccnc1C2=C1CCNCC1,valid,LCSB
JCICIFOYVSPMHG,O=C1Cc2ccccc2N1c1ccccc1,test,LCSB
JEJREKXHLFEVHN,O=C(Cc1ccccc1)O[C@H]1C[C@@H]2N[C@H](C1)[C@H]1O[C@H]12,valid,WUR
JHSPCUHPSIUQRB,c1ccccc1,train,WUR
JHWNWJKBPDFINM,O=C1CCCCCCCCCCCN1,valid,LCSB
JIIOLEGNERQDIP,c1ccccc1,train,WUR
JJAPPCJXQFKMJL,c1ccc(-c2ccnn2-c2ccccc2)cc1,test,LCSB
JJCFRYNCJDLXIK,C1=Cc2ccccc2C(=C2CCNCC2)c2ccccc21,test,WUR
JJJPNTQYUJPWGQ,c1ccc(CCCc2ccccn2)cc1,test,LCSB
JLFNLZLINWHATN,__ACYCLIC__JLFNLZLINWHATN,train,LCSB
JLRGJRBPOGGCBT,c1ccccc1,train,LCSB
JLYFCTQDENRSOL,c1ccsc1,valid,LCSB
JNELGWHKGNBSMD,O=c1c2ccccc2oc2ccccc12,test,LCSB
JNMRHUJNCSQMMB,O=S(=O)(Nc1nccs1)c1ccccc1,test,WUR
JNRLEMMIVRBKJE,c1ccc(Cc2ccccc2)cc1,train,LCSB
JNTOCHDNEULJHD,O=c1nc[nH]c2[nH]cnc12,valid,WUR
JOFDPSBOUCXJCC,c1ccccc1,train,WUR
JOOMJVFZQRQWKR,c1cnc2ccnn2c1,valid,LCSB
JRBJSXQPQWSCCF,c1ccc(-c2ccccc2)cc1,test,LCSB
JRBPAEWTRLWTQC,__ACYCLIC__JRBPAEWTRLWTQC,train,LCSB
JRRUSQGIRBEMRN,O=c1cccc2c(c1)CCCc1ccccc1-2,train,WUR
JSJCTEKTBOKRST,c1ccccc1,train,WUR
JTEGQNOMFQHVDC,O=c1ncccn1[C@H]1CSCO1,train,LCSB
JTMLMJOBCBXFES,O=C(NCCOc1ccccc1)c1ccccc1,test,WUR
JUVSRZCUMWZBFK,c1ccccc1,train,LCSB
JWAZRIHNYRIHIV,c1ccc2ccccc2c1,train,LCSB
JWUCHKBSVLQQCO,c1ccc(C(Cn2cncn2)c2ccccc2)cc1,test,LCSB
JWYUFVNJZUSCSM,c1ccc2[nH]cnc2c1,train,LCSB
JWZZKOKVBUJMES,c1ccccc1,train,WUR
JXCGFZXSOMJFOA,c1ccccc1,train,WUR
JXHJNEJVUNHLKO,c1ccccc1,train,WUR
JXUDZCJTCKCTQK,c1ccccc1,train,WUR
JYIJIIVLEOETIQ,O=C1CCC[C@@H]2[C@H]3C[C@@H](CN12)[C@H]1CCCCN1C3,valid,WUR
JZCPYUJPEARBJL,O=C(NN1CCCCC1)c1cc(-c2ccccc2)n(-c2ccccc2)n1,valid,WUR
KAJICSGLHKRDLN,S=C(NC1CCCCC1)NC1CCCCC1,train,LCSB
KCFYEAOKVJSACF,c1ccc(SCc2cc3ccccc3[nH]2)cc1,train,WUR
KCXZNSGUUQJJTR,c1ccccc1,train,LCSB
KDGDTPNBDMVKHC,O=C1Nc2cc(CN[C@H]3CCCN[C@H]3c3ccccc3)ccc2[C@H]2C[C@@H]12,train,LCSB
KDLRVYVGXIQJDK,O=C(NC[C@@H]1CCCCO1)[C@@H]1CCCN1,test,WUR
KEMXXQOFIRIICG,c1ccccc1,train,WUR
KFFQABQEJATQAT,__ACYCLIC__KFFQABQEJATQAT,test,LCSB
KGNGTSCIQCLKEH,N=c1ncc(O[C@H]2CCCCO2)c[nH]1,test,WUR
KGOIKOVSEVRHNH,c1ccccc1,train,WUR
KGXUEPOHGFWQKF,C(/Sc1ccccc1)=C1/SCCN1c1ccccc1,train,WUR
KIDWGGCIROEJJW,__ACYCLIC__KIDWGGCIROEJJW,test,WUR
KIEDNEWSYUYDSN,O=C1CCON1Cc1ccccc1,valid,LCSB
KJCVRFUGPWSIIH,c1ccc2ccccc2c1,train,LCSB
KJFMBFZCATUALV,O=C1OC(c2ccccc2)(c2ccccc2)c2ccccc21,valid,WUR
KLGMSAOQDHLCOS,__ACYCLIC__KLGMSAOQDHLCOS,valid,LCSB
KMYKHQRQBUANHP,C=C1CCCC2=NCCCC[C@@]23CCC([C@@H]2CCC(=O)O2)=C[C@@H]3[C@@H]2O[C@@]3(CCC[C@H]2O3)C[C@H]2CCC[C@@]3(CC[C@]4(CCC[C@@H](C1)O4)O3)O2,valid,WUR
KNHGNICBXADRMC,c1ccc(N2CCOCC2)cc1,valid,LCSB
KOKXXPKAPFSRCR,O=c1cc(Oc2ccccc2)c2cncnc2[nH]1,test,LCSB
KQSABULTKYLFEV,c1ccc2ccccc2c1,train,LCSB
KRNUKKZDGDAWBF,c1ccccc1,train,LCSB
KTALPKYXQZGAEG,O=c1c2ccccc2sc2ccccc12,train,LCSB
KUBCEEMXQZUPDQ,c1ccccc1,train,WUR
KUBUBYBFFRVFHD,c1ccccc1,train,WUR
KULDXINYXFTXMO,O=c1ccc2ccccc2o1,train,WUR
KUMXVBFFVVLQFX,N=C1NC[C@@H]2N=CN[C@@]23CCCN13,test,WUR
KVDJTXBXMWJJEF,O=C(NCCc1ccccn1)c1ccccc1,test,WUR
KVJXBPDAXMEYOA,C1=C[C@H]2O[C@]23CC[C@H]2[C@@H]4CCCC4CC[C@@H]2C3C1,test,LCSB
KWAPEXIWYNEGAV,c1ccccc1,train,WUR
KWGRBVOPPLSCSI,c1ccccc1,train,WUR
KWVISVAMQJWJSZ,C1=C2CCCCC2[C@H]2CCC3[C@@H](C[C@@H]4O[C@]5(CCCCN5)C[C@H]34)[C@@H]2C1,valid,WUR
KXGYBSNVFXBPNO,c1ccccc1,train,WUR
KYFWUBJMTHVBIF,O=C(N[C@@H]1N=C(c2ccccc2)c2cccc3c2N(CC3)C1=O)c1ccncc1,test,LCSB
KYGZCKSPAKDVKC,O=c1cc[nH]c2cc3c(cc12)OCO3,train,WUR
KZHGPDSVHSDCMX,c1ccc2scnc2c1,train,LCSB
LAKWINYVWJPHQW,O=C1c2ccccc2C(=O)N1c1ccccc1,valid,LCSB
LBGPXIPGGRQBJW,c1ccc(-c2cc(-c3ccccc3)[nH+][nH]2)cc1,test,WUR
LCOVYWIXMAJCDS,O=C1C=CC2C(=C1)CC[C@H]1[C@@H]3CCCC3CC[C@H]21,train,WUR
LESVOLZBIFDZGS,__ACYCLIC__LESVOLZBIFDZGS,test,WUR
LFULEKSKNZEWOE,c1ccccc1,train,WUR
LGBYJXBCVZKJBL,O=C1CCCCCN1SSN1CCCCCC1=O,test,LCSB
LIAWQASKBFCRNR,c1ccccc1,train,LCSB
LJOZMWRYMKECFF,O=C(Nc1ccccc1)c1ccccc1,train,LCSB
LKJPSUCKSLORMF,c1ccccc1,train,WUR
LLEMOWNGBBNAJR,c1ccc(-c2ccccc2)cc1,test,LCSB
LLYYNOVSVPBRGV,O=C1CC[C@]23CCCCCC(CCC2)[C@H]13,valid,WUR
LMEKQMALGUDUQG,c1nc(Sc2cnc[nH]2)c2[nH]cnc2n1,train,LCSB
LMOINURANNBYCM,c1ccccc1,train,WUR
LMTIGABGABPAGU,c1ccc2c(c1)CCO2,train,LCSB
LNJNFVJKDJYTEU,c1ccccc1,train,WUR
LNOOSYCKMKZOJB,c1ccccc1,train,WUR
LOUPRKONTZGTKE,c1ccc2c(C[C@@H]3CC4CCN3CC4)ccnc2c1,train,LCSB
LPEPZBJOKDYZAD,c1ccc(Nc2ccccc2)cc1,train,WUR
LQDARGUHUSPFNL,c1ccc(CCn2cncn2)cc1,train,LCSB
LQOLIRLGBULYKD,O=C(N[C@@H]1C(=O)N2CCS[C@H]12)c1conc1-c1ccccc1,train,WUR
LRUDIIUSNGCQKF,c1ccc2[nH]nnc2c1,train,WUR
LUBJCRLGQSPQNN,c1ccccc1,train,LCSB
LUQMWGMGWJEGAT,c1ccccc1,train,WUR
LUVXHMJTVXZFPD,O=C(N[C@H]1CN2CCC1CC2)c1ccc2c(c1)OCCO2,valid,LCSB
LVNYJXIBJFXIRZ,c1ccccc1,train,WUR
LVQDKIWDGQRHTE,c1ncnc(NC2CC2)n1,train,WUR
LVXYAFNPMXCRJI,c1ccc(CCCCN2CCN(c3ccccn3)CC2)cc1,train,WUR
MBIZFBDREVRUHY,c1ccccc1,train,LCSB
MBMQEIFVQACCCH,O=C1CCC/C=C/c2ccccc2C(=O)OCCCC1,valid,WUR
MCJGNVYPOGVAJF,c1ccc2ncccc2c1,train,WUR
MESJRHHDBDCQTH,c1ccccc1,train,LCSB
METKIMKYRPQLGS,c1ccccc1,train,WUR
MEZLKOACVSPNER,c1ccccc1,train,LCSB
MFOUDYKPLGXPGO,c1ccccc1,train,WUR
MGWAVDBGNNKXQV,c1ccccc1,train,LCSB
MIZMDSVSLSIMSC,O=C1COC(=O)CNC(=O)COC(=O)CNC(=O)COC(=O)CN1,train,WUR
MKUXAQIIEYXACX,O=c1nc[nH]c2[nH]cnc12,valid,WUR
MLBZKOGAMRTSKP,c1ccc(C2=NOC(c3ccccc3)C2)cc1,valid,WUR
MLKCGVHIFJBRCD,O=c1[nH]cnn1-c1ccccc1,test,LCSB
MMCJEAKINANSOL,c1ccccc1,train,LCSB
MMOXZBCLCQITDF,c1ccccc1,train,WUR
MOUVJGIRLPZEES,c1ccccc1,train,WUR
MPNJTIZLDHWBFX,c1ccccc1,train,WUR
MROJXXOCABQVEF,c1ccccc1,train,LCSB
MRQIXHXHHPWVIL,c1ccc(N=Nc2cccc3ccccc23)cc1,test,LCSB
MVQUJEUCFOGFJU,c1ccccc1,train,LCSB
MWKVXOJATACCCH,C1=NOC(c2ccccc2)(c2ccccc2)C1,valid,LCSB
MWYHLEQJTQJHSS,c1ccc(OCCCCc2nnn[nH]2)cc1,train,LCSB
MXHTZQSKTCCMFG,c1ccc(CN(Cc2ccccc2)Cc2ccccc2)cc1,train,LCSB
MXMXHPPIGKYTAR,c1ccsc1,valid,WUR
NBMKJKDGKREAPL,O=C1C=CC2C(=C1)CC[C@@H]1C2CCC2CCC[C@H]21,train,WUR
NBNTWDUNCHRWMT,c1ccc(C(c2ccccc2)c2cccnc2)cc1,valid,LCSB
NDAUXUAQIAJITI,c1ccccc1,train,WUR
NDNUANOUGZGEPO,C1CCNCC1,train,WUR
NEBPTMCRLHKPOB,c1ccc(Cc2ccccc2)cc1,train,LCSB
NEKOXWSIMFDGMA,c1ccccc1,train,LCSB
NHDHVHZZCFYRSB,c1ccc(Oc2ccc(OCCOc3ccccn3)cc2)cc1,test,LCSB
NHKWRRHZTGQJMT,O=C(CCCCCCCCc1cccnc1)N1CCC(C=C(c2ccccc2)c2ccccc2)CC1,valid,LCSB
NHOWDZOIZKMVAI,c1ccc(C(c2ccccc2)c2cncnc2)cc1,test,LCSB
NHUHCSRWZMLRLA,O=S(=O)(Nc1ccno1)c1ccccc1,valid,LCSB
NHZLNPMOSADWGC,O=S(=O)(Nc1cnc2ccccc2n1)c1ccccc1,train,LCSB
NIBCDDKWFDEBEP,O=c1[nH]c(-c2cccc(S(=O)(=O)N3CCNCC3)c2)nc2cn(Cc3ccccn3)nc12,test,LCSB
NJDBZBVQIMZWPP,c1ncc(CCCCCCCc2ccc3c(n2)NCCC3)cn1,test,LCSB
NJGBTKGETPDVIK,c1ccccc1,train,LCSB
NJKDOADNQSYQEV,c1ccccc1,train,WUR
NJPQAIBZIHNJDO,O=C1CCCN1,test,LCSB
NJXZWIIMWNEOGJ,O=C1N(S(=O)(=O)c2ccccc2)c2ccccc2[C@]1(c1ccccc1)N1CCCC1,test,LCSB
NKFNBVMJTSYZDV,__ACYCLIC__NKFNBVMJTSYZDV,valid,LCSB
NKRQJWQYBNTAEV,O=C1CCC[C@]2(CO2)C(=O)O[C@@H]2CC[NH+]3CC=C(CO1)[C@H]23,valid,WUR
NLYNUTMZTCLNOO,c1ccccc1,train,WUR
NNCAWEWCFVZOGF,C1CC[NH2+]CC1,test,WUR
NNJVILVZKWQKPM,c1ccccc1,train,WUR
NNKVPIKMPCQWCG,__ACYCLIC__NNKVPIKMPCQWCG,valid,WUR
NOCJXYPHIIZEHN,O=c1ccn(-c2ccccc2)c2cc(N3CCNCC3)ccc12,valid,WUR
NPAGDVCDWIYMMC,O=C1C=C2CC[C@@H]3[C@H](CCC4CCC[C@H]43)[C@H]2CC1,train,WUR
NPECRXRQVYMQGY,c1ccccc1,train,WUR
NQCPECCCWDWTJJ,O=c1cc[nH]cn1,train,WUR
NQLVQOSNDJXLKG,c1ccccc1,train,WUR
NQSMEZJWJJVYOI,O=C(c1ccccc1)c1ccccc1,train,WUR
NRZWQKGABZFFKE,__ACYCLIC__NRZWQKGABZFFKE,train,WUR
NTAFJUSDNOSFFY,c1c[nH]cn1,train,WUR
NUPJIGQFXCQJBK,O=C1CN=C(c2ccccn2)N1,test,LCSB
NVEPPWDVLBMNMB,C(=C\c1cccs1)/C1=NCCCN1,train,WUR
NVGOPFQZYCNLDU,O=c1cccnn1-c1ccccc1,train,LCSB
NVKAWKQGWWIWPM,O=C1CCC2[C@H](CC[C@H]3[C@@H]4CCCC4CC[C@H]23)C1,train,WUR
NWBJYWHLCVSVIJ,c1ccc(CNc2[nH]cnc3ncnc2-3)cc1,train,LCSB
NWIVYGKSHSJHEF,c1ccc(Cc2ccccc2)cc1,train,LCSB
NWUWYYSKZYIQAE,c1ccccc1,train,LCSB
NXJCRELRQHZBQA,O=c1ccc2ccccc2o1,train,LCSB
NXQDBZGWYSEGFL,c1ccccc1,train,WUR
NXQMCAOPTPLPRL,O=C(OCCOCCOC(=O)c1ccccc1)c1ccccc1,train,LCSB
NYPJDWWKZLNGGM,O=C(Cc1ccccc1)OCc1cccc(Oc2ccccc2)c1,valid,WUR
NYRMIJKDBAQCHC,O=C1C(c2ccccc2)=COC1c1ccccc1,train,WUR
NZCRJKRKKOLAOJ,O=C1/C=C\C=C\CCCCCCCC/C=C/OC2Oc3ccc4cc(c5c(nc6ccccn65)c4c3C2=O)N1,test,WUR
OBZIQQJJIKNWNO,c1ccccc1,train,LCSB
OCQDPIXQTSYZJL,O=C1c2ccccc2C(=O)c2ccccc21,train,WUR
OEMJXSVJXPIFMA,O=c1ccn(-c2ccccc2)c2ccc(Nc3ccccc3)cc12,valid,LCSB
OIJHFHYPXWSVPF,c1ccc(Nc2ccccc2)cc1,train,LCSB
OIKHXEKXIIAQKY,c1ccc(CCCCn2cncn2)cc1,test,WUR
OJMMVQQUTAEWLP,O=C(NC[C@@H]1CCCCO1)[C@@H]1CCCN1,test,WUR
OJPDDQSCZGTACX,c1ccccc1,train,LCSB
OMNKZBIFPJNNIO,__ACYCLIC__OMNKZBIFPJNNIO,train,LCSB
OMOLDRXZKFFGJI,c1ccccc1,train,WUR
OMSPUVWUIHNYCS,c1ccc(-c2nc(CCOc3cccc4[nH]ccc34)co2)cc1,test,LCSB
ONCZDRURRATYFI,C(=NOCc1ccccc1)c1ccccc1,test,LCSB
ONWXNHPOAGOMTG,O=C1CC(=O)N(c2ccccc2)N1c1ccccc1,train,LCSB
OSUHJPCHFDQAIT,c1ccc(Oc2cnc3ccccc3n2)cc1,valid,LCSB
OUDSBRTVNLOZBN,O=C(NN1CCCCCC1)NS(=O)(=O)c1ccccc1,valid,LCSB
OUGIDAPQYNCXRA,O=c1cc(-c2ccccc2)oc2ccc3ccccc3c12,valid,LCSB
OUPZKGBUJRBPGC,O=c1n(CC2CO2)c(=O)n(CC2CO2)c(=O)n1CC1CO1,train,WUR
OVEMTTZEBOCJDV,c1ccccc1,train,LCSB
OWDLFBLNMPCXSD,O=C1OCCC1Nc1ccccc1,train,WUR
OWNAXTAAAQTBSP,c1ccccc1,train,LCSB
OWRCNXZUPFZXOS,N=C(Nc1ccccc1)Nc1ccccc1,train,LCSB
OWUREPXBPJFMOK,O=C1COC(=O)CNC(=O)COC(=O)CNC(=O)COC(=O)CN1,train,WUR
OXEUETBFKVCRNP,c1ccc2c(c1)[nH]c1ccccc12,test,LCSB
OZMMLYFAEKBWEE,c1ccc(CCCN2CCOCC2)cc1,valid,WUR
PFEFOYRSMXVNEL,c1ccccc1,train,WUR
PFFIDZXUXFLSSR,O=C(Nc1ccsc1)c1cn[nH]c1,train,WUR
PFRYFZZSECNQOL,c1ccc(N=Nc2ccccc2)cc1,train,LCSB
PHLBKPHSAVXXEF,O=c1n(CCCN2CCN(c3ccccc3)CC2)nc2ccccn12,valid,LCSB
PHNUZKMIPFFYSO,c1ccccc1,train,WUR
PJEIIBXJUDOMAN,c1ccccc1,train,LCSB
PJVWKTKQMONHTI,O=c1oc2ccccc2cc1Cc1ccccc1,train,LCSB
PKKMITFKYRCCOL,N=C(Cc1c[nH]c2ccccc12)S[C@H]1CCCCO1,train,WUR
PKOFBDHYTMYVGJ,c1ccccc1,train,LCSB
PLYQBXHVYUJNQB,C1CCOCC1,valid,WUR
PMCVMORKVPSKHZ,__ACYCLIC__PMCVMORKVPSKHZ,valid,WUR
PNKLMTPXERFKEN,C1=C[C@H]2O[C@@H]3CCC(C2CC1)[C@]31CO1,test,WUR
PNRAZZZISDRWMV,c1ccccc1,train,LCSB
PNVJTZOFSHSLTO,c1ccccc1,train,WUR
PNVNVHUZROJLTJ,c1ccc(CC2CCCCC2)cc1,train,LCSB
PNXBXCRWXNESOV,O=c1cc(Cc2ccccc2)[nH]c(=S)[nH]1,valid,WUR
POFWRMVFWIJXHP,c1ccc(CNc2ncnc3c2ncn3C2CCCCO2)cc1,test,LCSB
POZRVZJJTULAOH,C1=C2CC[C@H]3[C@@H]4CCCC4CC[C@@H]3C2Cc2cnoc21,valid,LCSB
PQDRCVHHJPMGKO,O=C(NC1CCN(C2CC2)CC1)c1nc2ccccc2n1Cc1cc(-c2cccs2)on1,train,LCSB
PQFRTXSWDXZRRS,c1c[nH]cn1,train,LCSB
PRGILOMAMBLWNG,O=c1cccc2c(c1)CCCc1ccccc1-2,train,WUR
PRLVTUNWOQKEAI,N=C1NC(=O)N(c2ccccc2)CS1,train,LCSB
PRUGWHGQBHEDAX,c1cc2cnn(C3CCCCC3)c2cc1C1CCCCC1,test,LCSB
PTCGDEVVHUXTMP,O=C(Nc1ccccc1)c1ccccc1,train,LCSB
PTOAARAWEBMLNO,c1ncc2ncn([C@H]3CCCO3)c2n1,test,LCSB
PUFYZCKVLOYPHL,O=C(/C=C/c1ccccc1)O[C@H]1CCN2C[C@@H]3C[C@@H](CN4C(=O)CCC[C@H]34)[C@@H]2C1,valid,WUR
PUIYMUZLKQOUOZ,c1ccccc1,train,LCSB
PVNIIMVLHYAWGP,c1ccncc1,train,LCSB
PVTHJAPFENJVNC,C1CCC(O[C@@H]2CCCCO2)CC1,test,WUR
PXMNMQRDXWABCY,c1ccc(CCCCn2cncn2)cc1,test,LCSB
PXWNBAGCFUDYBE,O=C(OCCc1ccccc1)c1ccccc1,train,LCSB
PZBLUWVMZMXIKZ,c1ccccc1,train,LCSB
PZBPKYOVPCNPJY,c1ccc(CCn2ccnc2)cc1,valid,LCSB
PZRHRDRVRGEVNW,O=c1ccc(-c2ccncc2)c[nH]1,test,LCSB
PZYDAVFRVJXFHS,O=C1CCCN1C1CCCCC1,valid,LCSB
QAHFOPIILNICLA,c1ccc(Cc2ccccc2)cc1,train,LCSB
QASFUMOKHFSJGL,C1=C2CCCCC2[C@H]2CC3=C[C@@]4(CC[C@H]3[C@@H]2C1)C[C@@H]1NCCC[C@H]1O4,test,LCSB
QAXBVGVYDCAVLV,O=C1CCCCC1c1cccs1,test,WUR
QAYICIQNSGETAS,S=C1NCNCS1,test,WUR
QBAYIBZITZBSFO,c1ccccc1,train,WUR
QBSJMKIUCUGGNG,c1ccccc1,train,WUR
QCAWEPFNJXQPAN,O=C(NNC(=O)c1ccccc1)c1ccccc1,train,LCSB
QEGVVEOAVNHRAA,c1ccc(Sc2ncccn2)cc1,valid,LCSB
QEVHRUUCFGRFIF,O=C(O[C@H]1CC[C@H]2C[C@@H]3c4[nH]c5ccccc5c4CCN3C[C@H]2C1)c1ccccc1,valid,LCSB
QFMJFXFXQAFGBO,c1ccccc1,train,WUR
QGHREAKMXXNCOA,c1ccccc1,train,LCSB
QGTOTYJSCYHYFK,O=C(N[C@H]1COC(=O)[C@H](Cc2ccccc2)CCOC1=O)c1ccccn1,train,WUR
QGWIQIAWOCJRPI,O=C(C[C@@H](NS(=O)(=O)c1ccc2ccccc2c1)c1ccc2c(c1)OCO2)NCCc1ccc(CN2CCCCC2)cc1,valid,LCSB
QHMTXANCGGJZRX,O=C1NN=CCN1/N=C/c1cccnc1,test,LCSB
QHOQHJPRIBSPCY,c1cncnc1,train,WUR
QIKYZXDTTPVVAC,c1ccccc1,train,LCSB
QIWQQMZFTOCFGF,c1ccc(Oc2ccccc2)cc1,valid,LCSB
QJACRCAPQIYMIH,__ACYCLIC__QJACRCAPQIYMIH,train,LCSB
QJVOZXGJOGJKPT,O=C1C=CN2C[C@H]3CNC[C@@H](C3)[C@H]2C1,train,WUR
QLHULAHOXSSASE,C1CCNCC1,train,LCSB
QMBJSIBWORFWQT,O=C1C=C2C=C[C@H]3[C@@H]4CCCC4CC[C@@H]3C2CC1,test,WUR
QMGGMESMCJCABO,O=C1C=CC[C@@H]2[C@H]3CCC[NH+]4CCC[C@@H](CN12)[C@@H]34,valid,WUR
QMGVPVSNSZLJIA,O=C1C[C@@H]2OCC=C3CN4CC[C@]56c7ccccc7N1[C@H]5[C@H]2[C@H]3C[C@H]46,train,LCSB
QNXAVFXEJCPCJO,O=S(=O)(Nc1ccccc1)c1nc2ccncn2n1,valid,LCSB
QPFYXYFORQJZEC,c1ccc(N=Nc2cccnc2)cc1,train,LCSB
QPQKUYVSJWQSDY,c1ccc(N=Nc2ccccc2)cc1,train,LCSB
QRUDEWIWKLJBPS,c1ccc2[nH]nnc2c1,train,LCSB
QTCRXZRCLRRRCO,C=C1CCCC(=O)OC[C@H]2CC[NH+]3CC[C@@H](OC1=O)[C@@H]23,valid,WUR
QTDRLOKFLJJHTG,O=C(NC1CCCCC1)c1ccoc1,test,WUR
QUAMTGJKVDWJEQ,O=C(c1ccccc1)c1ccccc1,train,LCSB
QULLOTSYPAOTIW,O=C(Nc1cnccn1)[C@H](CC1CCCC1)c1ccccc1,test,LCSB
QVBOTMGSBYXVJQ,c1ccccc1,train,WUR
QWGDMFLQWFTERH,c1ccc2c(c1)N=C(N1CCNCC1)c1ccccc1O2,train,LCSB
QXKHYNVANLEOEG,O=c1ccc2cc3ccoc3cc2o1,train,LCSB
QXWJDGMLSMFETH,O=C(NS(=O)(=O)/C=C/c1cccs1)c1ccccc1,train,LCSB
QYMMJNLHFKGANY,c1ccccc1,train,WUR
QYPNKSZPJQQLRK,O=C(NNC(=O)c1ccccc1)c1ccccc1,train,LCSB
QZCLKYGREBVARF,__ACYCLIC__QZCLKYGREBVARF,test,LCSB
QZXATCCPQKOEIH,O=S(=O)(Nc1ccccc1)c1nc2ccncn2n1,valid,LCSB
RAOCRURYZCVHMG,c1ccc2[nH]cnc2c1,train,WUR
RBNIGDFIUWJJEV,O=C(Nc1ccccc1)c1ccccc1,train,WUR
RCLXAPJEFHPYEG,O=C(N[C@@H]1CCOc2ccccc21)c1ccccc1,train,LCSB
RDCAZFAKCIEASQ,__ACYCLIC__RDCAZFAKCIEASQ,valid,LCSB
RDJQCOBTKKAQAH,c1ccc(CCNC2CCc3ccccc3C2)cc1,valid,LCSB
RECCURWJDVZHIH,c1ccccc1,train,WUR
RFHAOTPXVQNOHP,c1ccc(C(Cn2cncn2)Cn2cncn2)cc1,test,LCSB
RGCLLPNLLBQHPF,__ACYCLIC__RGCLLPNLLBQHPF,valid,WUR
RGOVYLWUIBMPGK,c1ccccc1,train,LCSB
RHVBIEJVJWNXBU,O=C1CC[C@H]2[C@@H](CC[C@@H]3[C@@H]2CCC2CCC[C@H]23)C1,train,WUR
RIZMRRKBZQXFOY,__ACYCLIC__RIZMRRKBZQXFOY,test,LCSB
RJBJMKAMQIOAML,c1ccccc1,train,WUR
RJKCKKDSSSRYCB,c1ccccc1,train,LCSB
RJMIEHBSYVWVIN,O=C1c2ccccc2CN1c1ccccc1,train,WUR
RMFNNCGOSPBBAD,c1ccccc1,train,WUR
RMOGWMIKYWRTKW,c1ccc(CCn2cncn2)cc1,train,WUR
RNVCVTLRINQCPJ,c1ccccc1,train,WUR
ROVGZAWFACYCSP,O=C1C=C[C@@H](OC(=O)C2CC2)C1,train,WUR
RQDJADAKIFFEKQ,c1ccc(CCC(Cn2cncn2)c2ccccc2)cc1,valid,LCSB
RQUXYBHREKXNKT,c1ccccc1,train,LCSB
RQVGAIADHNPSME,O=c1[nH]nnc2ccccc12,test,WUR
RQZAXGRLVPAYTJ,O=C1C=C2C=C[C@H]3[C@@H]4CCCC4CC[C@@H]3C2CC1,test,LCSB
RRKTZKIUPZVBMF,O=C1C[C@@H]2OCC=C3CN4CC[C@]56c7ccccc7N1[C@H]5[C@H]2[C@H]3C[C@H]46,train,LCSB
RRNIZKPFKNDSRS,c1ccccc1,train,LCSB
RROQIUMZODEXOR,C1CNCCN1,train,WUR
RRVIAQKBTUQODI,c1ccc2scnc2c1,train,LCSB
RSIHSRDYCUFFLA,O=C1C=CC2C(=C1)CC[C@H]1[C@@H]3CCCC3CC[C@H]21,train,WUR
RWCCWEUUXYIKHB,O=C(c1ccccc1)c1ccccc1,train,WUR
RXCPQSJAVKGONC,O=S(=O)(Nc1ccccc1)c1nc2ncccn2n1,train,LCSB
RXZBMPWDPOLZGW,N=C1CCCCOC(=O)C[C@@H](O[C@H]2CCCCO2)C[C@@H](O[C@H]2CCCCO2)CCC1,test,LCSB
RYAUSSKQMZRMAI,c1ccc(CCCN2CCOCC2)cc1,valid,WUR
RYVIXQCRCQLFCM,c1cnc(Oc2cccc(Oc3ncccn3)c2)nc1,train,LCSB
RZILCCPWPBTYDO,c1ccccc1,train,LCSB
RZVAJINKPMORJF,c1ccccc1,train,WUR
SAPGTCDSBGMXCD,c1ccc(C(c2ccccc2)c2cncnc2)cc1,test,LCSB
SBDNJUWAMKYJOX,c1ccc(Nc2ccccc2)cc1,train,WUR
SBUJHOSQTJFQJX,C1CC[C@@H](O[C@@H]2CCC[C@H](O[C@@H]3CCCCO3)C2)OC1,train,WUR
SCABKEBYDRTODC,__ACYCLIC__SCABKEBYDRTODC,train,LCSB
SCCDDNKJYDZXMM,c1ccccc1,train,WUR
SDMSCIWHRZJSRN,c1ccc(-c2ccno2)cc1,train,LCSB
SGUAFYQXFOLMHL,c1ccc(CCCNCCc2ccccc2)cc1,test,LCSB
SHCRDCOTRILILT,O=C1C=C[C@@H](OC(=O)C2CC2)C1,train,WUR
SJDACOMXKWHBOW,O=C1Nc2ccccc2C1(c1ccccc1)c1ccccc1,valid,LCSB
SLCGUGMPSUYJAY,O=C(Nc1ccccc1)c1ccccc1,train,WUR
SLDQOBRACOQXGE,c1ccccc1,train,LCSB
SMWDFEZZVXVKRB,c1ccc2ncccc2c1,train,WUR
SNHRLVCMMWUAJD,O=C1C=CC2C(=C1)CC[C@@H]1C2CCC2CCC[C@H]21,train,LCSB
SNPPWIUOZRMYNY,c1ccccc1,train,LCSB
SOUGWDPPRBKJEX,c1ccccc1,train,WUR
SPNQRCTZKIBOAX,c1ccccc1,train,LCSB
STECJAGHUSJQJN,O=C(Cc1ccccc1)O[C@H]1C[C@@H]2N[C@H](C1)[C@H]1O[C@H]12,valid,LCSB
STJLVHWMYQXCPB,c1ccc(C2(Cn3cncn3)OCCO2)cc1,valid,LCSB
STJMRWALKKWQGH,c1ccccc1,train,WUR
STMIIPIFODONDC,c1ccc(CCn2cncn2)cc1,train,LCSB
STUSTWKEFDQFFZ,c1ccccc1,train,LCSB
SUBWVHAACKTENX,O=C1CCC[C@@H](O[C@H]2CCCCO2)CCC[C@@H](O[C@H]2CCCCO2)C=CC=CCCO1,test,WUR
SWAJJKROCOJICG,c1ccccc1,train,LCSB
SYJGKVOENHZYMQ,O=S(=O)(Nc1nc2ccncn2n1)c1ccccc1,valid,LCSB
SZINUGQCTHLQAZ,O=C1C=C[C@@H]2[C@H]3c4c[nH]c5cccc(c45)C[C@H]3CN12,train,WUR
SZRPDCCEHVWOJX,c1ccc(Nc2ccncn2)cc1,train,LCSB
SZWKGOZKRMMLAJ,O=C(Nc1ccccc1)c1ccc2c(c1)CCCC2,train,LCSB
TUBQDCKAWGHZPF,c1ccc2scnc2c1,train,WUR
TVLSRXXIMLFWEO,O=C(NCCOc1ccccc1)n1ccnc1,valid,LCSB
TVVXHFWWAYXBNC,O=C(Nc1nnn[nH]1)c1cc2ccccc2s1,valid,LCSB
TWFZGCMQGLPBSX,c1ccc2[nH]cnc2c1,train,LCSB
TWHBYJSVDCWICV,O=C1COC(=O)CNC(=O)COC(=O)CNC(=O)COC(=O)CN1,train,WUR
TWMFGCHRALXDAR,__ACYCLIC__TWMFGCHRALXDAR,test,LCSB
TWPMMLHBHPYSMT,c1ccc(Nc2ccccc2)cc1,train,LCSB
TYMLOMAKGOJONV,c1ccccc1,train,WUR
TZBPRYIIJAJUOY,c1cncnc1,train,LCSB
UACOXBQBNWQWOK,c1ccc(-c2ncoc2-c2ccc3nncn3c2)cc1,valid,LCSB
UAFDGCOOJPIAHN,O=S(=O)(c1ccccc1)c1ccc2nc[nH]c2c1,valid,WUR
UAIUNKRWKOVEES,c1ccc(-c2ccccc2)cc1,test,LCSB
UBCHPRBFMUDMNC,C1C2CC3CC1CC(C2)C3,valid,WUR
UBCKGWBNUIFUST,c1ccccc1,train,LCSB
UDCDOJQOXWCCSD,c1ccccc1,train,WUR
UDKABVSQKJNZBH,C=C1CC2CC[C@@H]3C4CCC(=O)C=C4C=C[C@H]3[C@@H]2C1,train,LCSB
UELITFHSCLAHKR,c1ccc2snnc2c1,test,WUR
UFEODZBUAFNAEU,N=C(C1=NOCCO1)c1ccccc1Oc1cc(Oc2ccccc2)ncn1,test,LCSB
UFFBMTHBGFGIHF,c1ccccc1,train,WUR
UFNOUKDBUJZYDE,c1ccc(C(CC2CC2)Cn2cncn2)cc1,test,WUR
UHBUSMAHWHZQKS,O=C(NCc1ccccc1)c1cccnc1Oc1ccccc1,valid,LCSB
UIKROCXWUNQSPJ,O=C1CC[C@@H](c2cccnc2)N1,test,LCSB
UIOFUWFRIANQPC,O=C(N[C@@H]1C(=O)N2CCS[C@H]12)c1conc1-c1ccccc1,train,WUR
ULSLJYXHZDTLQK,O=c1oc2ccccc2cc1C1CCCc2ccccc21,test,LCSB
UNYCSANQWMNNCS,O=C(NCc1cccnc1)c1ccccc1C1C(=O)N(Cc2ccccc2)c2ccccc21,valid,LCSB
UQCSETXJXJTMKO,O=C1COC(=O)CNC(=O)COC(=O)CNC(=O)COC(=O)CN1,train,WUR
URDNHJIVMYZFRT,c1ccc(CCn2cncn2)cc1,train,WUR
UREBDLICKHMUKA,O=C1C=CC2C(=C1)CC[C@@H]1C2CCC2CCC[C@H]21,train,LCSB
USRKFGIXLGKMKU,c1ccc2scnc2c1,train,WUR
USSIQXCVUWKGNF,c1ccc(Cc2ccccc2)cc1,train,LCSB
UTOHZQYBSYOOGC,O=c1[nH][nH]cc1-c1ccccc1,train,WUR
UURAUHCOJAIIRQ,O=C1CC[C@]23CCCCCC(CCC2)[C@H]13,valid,WUR
UVBUBMSSQKOIBE,__ACYCLIC__UVBUBMSSQKOIBE,valid,WUR
UVLBAPBHAHFJSY,c1ccc(C2=Nc3c[nH]nc3Nc3ccccc32)cc1,valid,LCSB
UWFYSQMTEOIJJG,O=C1C=C2C=C[C@H]3[C@@H]4CCCC4CC[C@@H]3C2[C@H]2C[C@@H]12,train,LCSB
UWVQIROCRJWDKL,O=C1OCCN1Nc1ccccc1,train,LCSB
UWYHMGVUTGAWSP,O=C(N[C@@H]1C(=O)N2CCS[C@H]12)c1conc1-c1ccccc1,train,WUR
VACCAVUAMIDAGB,O=S(=O)(Nc1nncs1)c1ccccc1,test,WUR
VAIZTNZGPYBOGF,c1ccc(Oc2ccccn2)cc1,test,LCSB
VAOCPAMSLUNLGC,c1c[nH]cn1,train,LCSB
VBCVPMMZEGZULK,O=C(Nc1ccccc1)N1COC2Cc3ccccc3C2=N1,train,LCSB
VDTNNGKXZGSZIP,c1ccccc1,train,LCSB
VEQOALNAAJBPNY,O=c1cc[nH]n1-c1ccccc1,valid,LCSB
VEVZCONIUDBCDC,c1ccc(Cc2cncnc2)cc1,test,WUR
VGHPMIFEKOFHHQ,O=S(=O)(Nc1ccccc1)c1nc2ncccn2n1,train,WUR
VGZSUPCWNCWDAN,O=C(NC1CCCCC1)NS(=O)(=O)c1ccccc1,test,LCSB
VHCNQEUWZYOAEV,O=c1[nH]cnnc1-c1ccccc1,test,LCSB
VHRSUDSXCMQTMA,O=C1C=CC2C(=C1)CC[C@H]1[C@@H]3CCCC3CC[C@H]21,train,LCSB
VIKNJXKGJWUCNN,O=C1C=C2CC[C@@H]3[C@H](CCC4CCC[C@H]43)[C@H]2CC1,train,LCSB
VJYFKVYYMZPMAB,__ACYCLIC__VJYFKVYYMZPMAB,test,WUR
VKHAHZOOUSRJNA,O=C1C=C2CC[C@@H]3C(=C2CC1)[C@@H](c1ccccc1)CC1CCC[C@H]13,train,LCSB
VLTNWNUPWHBSQY,O=C1C=CC2C(=C1)CC[C@H]1[C@@H]3CCCC3CC[C@H]21,train,WUR
VLYWMPOKSSWJAL,O=S(=O)(Nc1cccnn1)c1ccccc1,test,WUR
VMXUWOKSQNHOCA,c1ccoc1,valid,LCSB
VNENJHUOPQAPAT,c1ccc2[nH]c(-c3cscn3)nc2c1,train,WUR
VNKBTWQZTQIWDV,O=c1[nH]c2ncccc2o1,test,WUR
VOEYXMAFNDNNED,c1ccccc1,train,WUR
VOVIALXJUBGFJZ,O=C1C=CC2C(=C1)CC[C@@H]1[C@@H]2CCC2C3OCO[C@@H]3C[C@H]21,valid,LCSB
VOWAEIGWURALJQ,O=C(OC1CCCCC1)c1ccccc1C(=O)OC1CCCCC1,train,WUR
VTFZEBCYVXMEBB,c1ccccc1,train,WUR
VTNQPKFIQCLBDU,c1ccccc1,train,LCSB
VUNOFAIHSALQQH,C1CCCCC1,valid,LCSB
VUTHWSUXEOILTN,c1ccccc1,train,WUR
VVBLNCFGVYUYGU,O=C(c1ccccc1)c1ccccc1,train,LCSB
VWUXBMIQPBEWFH,c1ccc2c(c1)CC[C@@H]1[C@@H]2CCC2CCC[C@H]21,valid,WUR
VXTGHWHFYNYFFV,c1ccc2[nH]cnc2c1,train,WUR
VYBKAZXQKUFAHG,c1ccccc1,train,LCSB
VYUUPUMKBLIKJV,O=C(NCc1ccccc1)c1ccccc1NS(=O)(=O)c1cccc2cccnc12,test,LCSB
VZFRNCSOCOPNDB,C1CCNC1,train,WUR
VZRKEAFHFMSHCD,__ACYCLIC__VZRKEAFHFMSHCD,train,LCSB
WAIJIHDWAKJCBX,O=C1C=CC2C(=C1)CC[C@@H]1C2CCC2CCC[C@H]21,train,WUR
WCCIEZDFRJREQJ,c1ccccc1,train,LCSB
WDQFELCEOPFLCZ,O=C1CCCN1,test,LCSB
WECDUOXQLAIPQW,c1ccc(Cc2ccccc2)cc1,train,LCSB
WFDXOXNFNRHQEC,c1ccc(Oc2cc(Oc3ccccc3)ncn2)cc1,train,LCSB
WFKSADNZWSKCRZ,c1ccccc1,train,WUR
WFTHOCDLKYPFJX,c1ccccc1,train,WUR
WGZDBVOTUVNQFP,c1ccc2cnncc2c1,test,LCSB
WINHLTQNRABBSW,O=C(c1ccccc1)c1ccc2nc[nH]c2c1,train,WUR
WJCNZQLZVWNLKY,c1ccc2[nH]c(-c3cscn3)nc2c1,train,LCSB
WKBPZYKAUNRMKP,c1ccc(CCn2cncn2)cc1,train,LCSB
WKEDVNSFRWHDNR,O=C(Nc1ccccc1)c1ccccc1,train,WUR
WKGKFWXGAHXMCE,c1ccccc1,train,WUR
WKSAUQYGYAYLPV,c1ccc(-c2cncnc2)cc1,test,LCSB
WLFDQEVORAMCIM,c1ccccc1,train,WUR
WMYINDVYGQKYMI,__ACYCLIC__WMYINDVYGQKYMI,train,LCSB
WPCVRWVBBXIRMA,O=C1OCCc2c1c(=O)oc1c3c(ccc21)O[C@H]1OCC[C@@H]31,test,WUR
WPPOGHDFAVQKLN,O=C1CCCN1,test,LCSB
WRPIRSINYZBGPK,c1ccc(Oc2ccnc3ccccc23)cc1,valid,LCSB
WTLBZVNBAKMVDP,__ACYCLIC__WTLBZVNBAKMVDP,train,LCSB
WTOYNNBCKUYIKC,O=C1C=C2CCCCC2CC1,train,LCSB
WTPBIYSMFKUQKY,c1ccc2[nH]cnc2c1,train,WUR
WTPSHLVHJOJDIF,c1ccc2c(c1)CN1CCCCCC1=N2,valid,LCSB
WUADCCWRTIWANL,O=c1c(-c2ccccc2)coc2ccccc12,test,LCSB
WURBVZBTWMNKQT,c1ccc(OCn2cncn2)cc1,train,LCSB
WURGXGVFSMYFCG,c1ccccc1,train,WUR
WUZNHSBFPPFULJ,c1ncnc(NC2CC2)n1,train,LCSB
WVLAAKXASPCBGT,O=c1[nH]c(=O)c2c(ncn2CCCNCCc2ccccc2)[nH]1,test,WUR
WVQBLGZPHOPPFO,c1ccccc1,train,LCSB
WWYNJERNGUHSAO,O=C1C=C2CC[C@@H]3[C@H](CCC4CCC[C@H]43)[C@H]2CC1,train,WUR
WXURHACBFYSXBI,O=C1C=CC2C(=C1)CC[C@@H]1C2CCC2CCC[C@H]21,train,WUR
WXWCDTXEKCVRRO,c1ccccc1,train,LCSB
WXZVAROIGSFCFJ,c1ccc2ccccc2c1,train,LCSB
WYEHFWKAOXOVJD,O=C(Nc1ccccc1)c1cccnc1Oc1ccccc1,test,WUR
WYEMLYFITZORAB,O=C(Nc1ccccc1-c1ccccc1)c1cccnc1,train,LCSB
WYKYKTKDBLFHCY,O=c1cccnn1-c1ccccc1,train,LCSB
WYMSBXTXOHUIGT,c1ccccc1,train,WUR
WYVVKGNFXHOCQV,__ACYCLIC__WYVVKGNFXHOCQV,test,WUR
WYWHKKSPHMUBEB,S=c1[nH]cnc2nc[nH]c12,train,LCSB
WYWZRNAHINYAEF,c1ccccc1,train,LCSB
WZKXBGJNNCGHIC,c1ccc(C(c2ccccc2)c2ccccc2)cc1,test,LCSB
XBZBRCVCSVLJJZ,c1ccc2c(c1)Cc1ccccc1-2,valid,LCSB
XCGSFFUVFURLIX,O=C(NC1OC2[C@@H]3CCCN3C(=O)[C@H](Cc3ccccc3)N2C1=O)[C@@H]1C=C2c3cccc4[nH]cc(c34)C[C@H]2NC1,train,WUR
XCSGPAVHZFQHGE,c1ccccc1,train,WUR
XDNBJTQLKCIJBV,c1ccccc1,train,LCSB
XGXOSJSGDNPEEF,O=C(N[C@@H]1N=C(c2ccccc2)c2cccc3c2N(CC3)C1=O)c1cccnc1,valid,LCSB
XIXHUNCZQIRQOG,c1ccc(CNC2CCCC2)cc1,valid,WUR
XKJMBINCVNINCA,c1ccccc1,train,WUR
XKNKHVGWJDPIRJ,c1ccccc1,train,LCSB
XLDBGFGREOMWSL,C(=Nc1ccccc1)=Nc1ccccc1,train,WUR
XMAYWYJOQHXEEK,c1ccc([C@@]2(Cn3ccnc3)OC[C@H](COc3ccc(N4CCNCC4)cc3)O2)cc1,train,LCSB
XMJFVIGTHMOGNZ,C1CCOCC1,valid,WUR
XMTQQYYKAHVGBJ,c1ccccc1,train,LCSB
XNKARWLGLZGMGX,c1ccccc1,train,WUR
XOGPDSATLSAZEK,O=C1c2ccccc2C(=O)c2ccccc21,train,LCSB
XOXHILFPRYWFOD,O=S(=O)(Nc1cccnn1)c1ccccc1,test,WUR
XOZLRRYPUKAKMU,O=c1cc[nH]n1-c1ccccc1,valid,WUR
XPAZGLFMMUODDK,c1ccc2[nH]cnc2c1,train,LCSB
XQYZDYMELSJDRZ,c1ccc(Cc2nccc3ccccc23)cc1,valid,WUR
XQZXYNRDCRIARQ,c1ccccc1,train,WUR
XRHGWAGWAHHFLF,c1nc[nH]n1,test,LCSB
XVOKUMIPKHGGTN,O=C1CN=C(c2ccccn2)N1,test,LCSB
XVPBINOPNYFXID,O=C1CCC[C@@H]2[C@H]3CCC[NH+]4CCC[C@@H](CN12)[C@@H]34,valid,WUR
XWALNWXLMVGSFR,O=C1C=CC2C(=C1)CC[C@H]1[C@@H]3CCCC3CC[C@H]21,train,WUR
XWIYFDMXXLINPU,O=C1OCCc2c1c(=O)oc1c3c(ccc21)O[C@H]1OC=C[C@@H]31,train,WUR
XWMMHXRGYYPFAV,c1ccccc1,train,WUR
XWTYSIMOBUGWOL,c1ccccc1,train,WUR
XXOYNJXVWVNOOJ,c1ccccc1,train,LCSB
XZZNDPSIHUTMOC,O=P(Oc1ccccc1)(Oc1ccccc1)Oc1ccccc1,valid,LCSB
YBBLVLTVTVSKRW,c1ccc(Cn2cncn2)cc1,valid,LCSB
YBJHBAHKTGYVGT,O=C1N[C@H]2CSC[C@H]2N1,test,LCSB
YEZNLOUZAIOMLT,c1ccc(Nc2ccccc2)cc1,train,WUR
YFAGHNZHGGCZAX,O=C(N[C@@H]1C(=O)N2CCS[C@H]12)c1conc1-c1ccccc1,train,WUR
YFBPRJGDJKVWAH,c1ccccc1,train,WUR
YFGYUFNIOHWBOB,c1cncnc1,train,LCSB
YFNCATAIYKQPOO,c1ccccc1,train,LCSB
YGUFQYGSBVXPMC,c1ccccc1,train,LCSB
YIJZJEYQBAAWRJ,c1cncc(C2=NCCS2)c1,valid,LCSB
YILJWHUIUCRKEU,c1ccc(-c2nnn[nH]2)c(-c2ccc(Cn3cnc4cccnc43)cc2)c1,train,LCSB
YJFCKXVXEKHSEC,O=C(Oc1ccc2ccccc2c1)c1ccccc1,valid,LCSB
YKBZOVFACRVRJN,C1CCOC1,train,LCSB
YKKQAXQGZIBJFS,c1ccccc1,train,WUR
YLDDCEXDGNXCIO,c1ccc2c(c1)CCCN2,test,LCSB
YLJREFDVOIBQDA,c1ccc2nc3c(cc2c1)CCCC3,valid,LCSB
YNVKAENVJKEMOU,O=C(Nn1ccc2ccccc21)c1cnc(-c2ccccn2)nc1,train,LCSB
YOSHYTLCDANDAN,O=C1N(Cc2ccc(-c3ccccc3-c3nnn[nH]3)cc2)C=NC12CCCC2,train,WUR
YOUGRGFIHBUKRS,c1ccccc1,train,WUR
YOWNVPAUWYHLQX,O=C(NC(=O)c1ccccc1)Nc1cccc(Oc2ccccn2)c1,test,WUR
YPACMOORZSDQDQ,O=C(OCCCOC(=O)c1ccccc1)c1ccccc1,test,LCSB
YPEWWOUWRRQBAX,__ACYCLIC__YPEWWOUWRRQBAX,train,LCSB
YQIGLEFUZMIVHU,__ACYCLIC__YQIGLEFUZMIVHU,test,WUR
YREQHYQNNWYQCJ,c1ccc(CCOCc2cccc(Oc3ccccc3)c2)cc1,train,LCSB
YRRKLBAKDXSTNC,__ACYCLIC__YRRKLBAKDXSTNC,test,LCSB
YTRMTPPVNRALON,c1ccc(-c2ccc3ccccc3n2)cc1,train,LCSB
YUAUPYJCVKNAEC,c1ccc(N=c2[nH]ccs2)cc1,train,WUR
YVIXXPCJZAUQHJ,c1ccc(CCNCCc2cscn2)cc1,test,LCSB
YWBVHLJPRPCRSD,O=c1c(-c2ccccc2)c[nH]cc1-c1ccccc1,train,LCSB
YWTYJOPNNQFBPC,N=C1NCCN1Cc1cccnc1,valid,LCSB
YXALYBMHAYZKAP,O=C(OCC1CCC2OC2C1)C1CCC2OC2C1,train,WUR
YYJNOYZRYGDPNH,C(=NOCc1ccccc1)c1cn[nH]c1Oc1ccccc1,test,LCSB
ZACLXWTWERGCLX,C=C1C2CC[C@H]1O[C@@H]1C=CC(=O)CC21,train,WUR
ZBBHBTPTTSWHBA,O=C(OCCNCc1ccccc1)C1=CNC=CC1c1ccccc1,test,LCSB
ZBRHTUMWSDPCMI,O=S(=O)(NC1CCOCC1)c1ccc(Oc2ccccc2)cc1,train,LCSB
ZCJPOPBZHLUFHF,c1ccccc1,train,LCSB
ZCTYHONEGJTYQV,c1ccccc1,train,WUR
ZDHCJEIGTNNEMY,O=C1C=C2CC[C@@H]3[C@H](CCC4CCC[C@H]43)[C@H]2CC1,train,WUR
ZDHYERRNXRANLI,c1ccccc1,train,WUR
ZEGLQSKFSKZGRO,C1CCOCC1,valid,WUR
ZETBBVYSBABLHL,O=C(Nc1ccc(Oc2cccnc2)nc1)N1CCc2ccccc21,test,LCSB
ZISFCTXLAXIEMV,O=C(NCc1ccccc1)c1ccccc1,train,WUR
ZIWFCOIGUNPHPM,c1ccc(CN[C@H]2CCCN[C@H]2c2ccccc2)cc1,test,LCSB
ZJJXGWJIGJFDTL,O=C(NC1CCCCC1)NS(=O)(=O)c1ccc(CCNC(=O)c2cnccn2)cc1,test,LCSB
ZKLXUUYLEHCAMF,C1=C[C@@H]2Oc3cccc4c3[C@@]23CCN[C@H](C4)C3=C1,test,WUR
ZLCUIOWQYBYEBG,O=C1c2ccccc2C(=O)c2ccccc21,train,LCSB
ZLIBICFPKPWGIZ,c1ccc(Nc2ncccn2)cc1,valid,LCSB
ZNNLBTZKUZBEKO,O=C(NC1CCCCC1)NS(=O)(=O)c1ccc(CCNC(=O)c2ccccc2)cc1,train,LCSB
ZNOLGFHPUIJIMJ,c1ccccc1,train,WUR
ZNRZGJAHNMGWQN,c1ccccc1,train,WUR
ZOGDSYNXUXQGHF,O=C1C=CCC(c2ccccc2)C1,test,WUR
ZOXBWJMCXHTKNU,O=C1OC(=O)c2ccccc21,test,LCSB
ZPUCINDJVBIVPJ,O=C(O[C@@H]1C[C@H]2CC[C@@H](C1)N2)c1ccccc1,valid,WUR
ZQEIXNIJLIKNTD,c1ccccc1,train,LCSB
ZRKZFNZPJKEWPC,__ACYCLIC__ZRKZFNZPJKEWPC,valid,LCSB
ZRVUJXDFFKFLMG,O=C(Nc1nccs1)C1=Cc2ccccc2S(=O)(=O)N1,valid,LCSB
ZTMKADLOSYKWCA,O=c1[nH]c2c(c(=O)n1C1CCCCC1)CCC2,train,WUR
ZTWZVMIYIIVABD,O=C(CCC1(C(=O)NC2CCCCC2)CCCC1)Oc1ccc2c(c1)CCC2,train,LCSB
ZUBPKHVCBGWWGO,O=C1OC(CCc2ccccc2)CC=C1Sc1ccccc1,test,LCSB
ZWJNEYVWPYIKMB,O=C(Nc1ccccc1)c1ccoc1,test,LCSB
ZXDDPOHVAMWLBH,O=C(c1ccccc1)c1ccccc1,train,WUR
ZXSWTMLNIIZPET,O=C1C=C2CC[C@@H]3[C@H](CCC4CCC[C@H]43)[C@H]2CC1,train,WUR
ZYGHJZDHTFUPRJ,O=c1ccc2ccccc2o1,train,WUR
ZZYSLNWGKKDOML,O=C(NCc1ccccc1)c1ccn[nH]1,train,LCSB
