instrument_type,ce_repr,n_rows,fewest_decimals_within_4ulp,ulps_from_that_rounding
<NA>,8.755370000000001,1,5.0,1.0
<NA>,17.806420000000003,1,5.0,1.0
Orbitrap,2.6026780000000005,1,6.0,1.0
Orbitrap,2.6807510000000003,2,6.0,1.0
Orbitrap,2.7822340000000003,2,6.0,1.0
Orbitrap,3.2622340000000003,2,6.0,1.0
Orbitrap,3.2626580000000005,2,6.0,1.0
Orbitrap,3.3214460000000003,1,6.0,1.0
Orbitrap,3.3217259999999995,1,6.0,1.0
Orbitrap,3.640185999999999,1,6.0,2.0
Orbitrap,3.751136999999999,4,6.0,2.0
Orbitrap,3.803784495499999,2,10.0,2.0
Orbitrap,3.8443020000000008,2,6.0,2.0
Orbitrap,3.882352000000001,1,6.0,2.0
Orbitrap,3.900963000000001,2,6.0,2.0
Orbitrap,3.951091499999999,1,7.0,2.0
Orbitrap,3.962051999999999,1,6.0,2.0
Orbitrap,4.001480000000001,1,5.0,1.0
Orbitrap,4.083362999999999,4,6.0,1.0
Orbitrap,4.233404999999999,1,6.0,1.0
Orbitrap,4.281791999999999,1,6.0,1.0
Orbitrap,4.282520000000001,1,5.0,1.0
Orbitrap,4.412412000000001,4,6.0,1.0
Orbitrap,4.4190640000000005,1,6.0,1.0
Orbitrap,4.502770000000001,2,5.0,1.0
Orbitrap,4.562118000000001,4,6.0,1.0
Orbitrap,4.591220999999999,1,6.0,1.0
Orbitrap,4.6630720000000005,2,6.0,1.0
Orbitrap,4.702882000000001,1,6.0,1.0
Orbitrap,4.744426000000001,1,6.0,1.0
Orbitrap,4.770618000000001,1,6.0,1.0
Orbitrap,4.779532000000001,1,6.0,1.0
Orbitrap,4.783005999999999,1,6.0,1.0
Orbitrap,4.8022194890000005,1,9.0,1.0
Orbitrap,4.884542000000001,2,6.0,1.0
Orbitrap,4.891607999999999,4,6.0,1.0
Orbitrap,4.893351000000001,4,6.0,1.0
Orbitrap,4.893689999999999,4,5.0,1.0
Orbitrap,4.942658000000001,2,6.0,1.0
Orbitrap,4.952224500000001,1,7.0,1.0
Orbitrap,5.021827999999999,2,6.0,1.0
Orbitrap,5.060618000000001,1,6.0,1.0
Orbitrap,5.101675999999999,1,6.0,1.0
Orbitrap,5.125736000000001,2,6.0,1.0
Orbitrap,5.163995999999999,4,6.0,1.0
Orbitrap,5.180154000000001,1,6.0,1.0
Orbitrap,5.203530225000001,10,9.0,1.0
Orbitrap,5.205356000000001,1,6.0,1.0
Orbitrap,5.220656999999999,4,6.0,1.0
Orbitrap,5.241747999999999,1,6.0,1.0
Orbitrap,5.252731004999999,1,9.0,1.0
Orbitrap,5.253292675000001,2,9.0,1.0
Orbitrap,5.303439999999999,1,5.0,1.0
Orbitrap,5.314157999999999,4,6.0,1.0
Orbitrap,5.361502000000001,6,6.0,1.0
Orbitrap,5.3832960000000005,1,6.0,1.0
Orbitrap,5.4040550000000005,1,6.0,1.0
Orbitrap,5.421930000000001,2,5.0,1.0
Orbitrap,5.523579000000001,4,6.0,1.0
Orbitrap,5.5425640000000005,1,6.0,1.0
Orbitrap,5.552779999999999,1,5.0,1.0
Orbitrap,5.5530990000000005,4,6.0,1.0
Orbitrap,5.5621100000000006,1,5.0,1.0
Orbitrap,5.564468000000001,2,6.0,1.0
Orbitrap,5.642091000000001,1,6.0,1.0
Orbitrap,5.673069000000001,2,6.0,1.0
Orbitrap,5.744012000000001,1,6.0,1.0
Orbitrap,5.751525000000001,1,6.0,1.0
Orbitrap,5.752510170000001,2,8.0,1.0
Orbitrap,5.765066000000001,1,6.0,1.0
Orbitrap,5.782430000000001,1,5.0,1.0
Orbitrap,5.8209360000000006,2,6.0,1.0
Orbitrap,5.8235280000000005,2,6.0,1.0
Orbitrap,5.844120000000001,1,5.0,1.0
Orbitrap,5.852631000000001,2,6.0,1.0
Orbitrap,5.901605539999999,2,8.0,1.0
Orbitrap,5.904312730000001,8,8.0,1.0
Orbitrap,5.904319999999999,1,5.0,1.0
Orbitrap,5.912520000000001,1,5.0,1.0
Orbitrap,5.923289999999999,2,5.0,1.0
Orbitrap,5.944046999999999,2,6.0,1.0
Orbitrap,5.9718990000000005,4,6.0,1.0
Orbitrap,6.021476000000001,1,6.0,1.0
Orbitrap,6.032730000000001,4,5.0,1.0
Orbitrap,6.0828240000000005,1,6.0,1.0
Orbitrap,6.104825000000001,1,6.0,1.0
Orbitrap,6.122541999999999,1,6.0,1.0
Orbitrap,6.142226000000001,1,6.0,1.0
Orbitrap,6.1527650000000005,1,6.0,1.0
Orbitrap,6.155733000000001,8,6.0,1.0
Orbitrap,6.1822420000000005,1,6.0,1.0
Orbitrap,6.212394000000001,1,6.0,1.0
Orbitrap,6.242373000000001,1,6.0,1.0
Orbitrap,6.243995999999999,2,6.0,1.0
Orbitrap,6.2708010000000005,4,6.0,1.0
Orbitrap,6.3617550000000005,4,6.0,1.0
Orbitrap,6.393066000000001,2,6.0,1.0
Orbitrap,6.407170000000001,2,5.0,1.0
Orbitrap,6.420890999999999,1,6.0,1.0
Orbitrap,6.443683999999999,1,6.0,1.0
Orbitrap,6.452547000000001,4,6.0,1.0
Orbitrap,6.453292675000001,2,9.0,1.0
Orbitrap,6.5016050000000005,2,6.0,1.0
Orbitrap,6.502500000000001,1,4.0,1.0
Orbitrap,6.5034220000000005,1,6.0,1.0
Orbitrap,6.504309999999999,1,5.0,1.0
Orbitrap,6.504314999999999,1,6.0,1.0
Orbitrap,6.505436070000001,2,8.0,1.0
Orbitrap,6.524468000000001,4,6.0,1.0
Orbitrap,6.525316000000001,2,6.0,1.0
Orbitrap,6.553513510000001,4,8.0,1.0
Orbitrap,6.555894455000001,2,9.0,1.0
Orbitrap,6.574140000000001,4,5.0,1.0
Orbitrap,6.575228999999999,2,6.0,1.0
Orbitrap,6.603275960000001,12,8.0,1.0
Orbitrap,6.603579000000001,3,6.0,1.0
Orbitrap,6.603839999999999,2,5.0,1.0
Orbitrap,6.605090000000001,2,5.0,1.0
Orbitrap,6.607476180000001,1,8.0,1.0
Orbitrap,6.643451999999999,1,6.0,1.0
Orbitrap,6.653038404999999,5,9.0,1.0
Orbitrap,6.654857680000001,6,8.0,1.0
Orbitrap,6.654859999999999,1,5.0,1.0
Orbitrap,6.6636180000000005,1,6.0,1.0
Orbitrap,6.692234999999999,4,6.0,1.0
Orbitrap,6.702239185000001,3,9.0,1.0
Orbitrap,6.7022450000000005,1,6.0,1.0
Orbitrap,6.704054999999999,1,6.0,1.0
Orbitrap,6.722751000000001,2,6.0,1.0
Orbitrap,6.752948999999999,4,6.0,1.0
Orbitrap,6.7537020000000005,4,6.0,1.0
Orbitrap,6.802133775000001,1,9.0,1.0
Orbitrap,6.8021400000000005,1,5.0,1.0
Orbitrap,6.803780000000001,1,5.0,1.0
Orbitrap,6.803784494999999,6,9.0,2.0
Orbitrap,6.805599999999999,1,4.0,1.0
Orbitrap,6.8429340000000005,1,6.0,1.0
Orbitrap,6.843400000000001,2,4.0,1.0
Orbitrap,6.8522893400000005,4,8.0,1.0
Orbitrap,6.853546944999999,2,9.0,1.0
Orbitrap,6.855360000000001,1,5.0,1.0
Orbitrap,6.861058000000001,1,6.0,1.0
Orbitrap,6.872577000000001,4,6.0,1.0
Orbitrap,6.879023999999999,1,6.0,1.0
Orbitrap,6.884665999999999,4,6.0,1.0
Orbitrap,6.901534000000001,1,6.0,1.0
Orbitrap,6.901656000000001,8,6.0,1.0
Orbitrap,6.904559999999999,2,5.0,1.0
Orbitrap,6.933047999999999,4,6.0,1.0
Orbitrap,6.951948505000001,6,9.0,1.0
Orbitrap,6.952510169999999,3,8.0,1.0
Orbitrap,6.955585000000001,2,6.0,1.0
Orbitrap,6.982658000000001,1,6.0,1.0
Orbitrap,7.0017109500000005,2,8.0,1.0
Orbitrap,7.025556000000001,4,6.0,1.0
Orbitrap,7.053292675000001,2,9.0,1.0
Orbitrap,7.056507000000001,3,6.0,1.0
Orbitrap,7.060442000000001,1,6.0,1.0
Orbitrap,7.104312729999999,1,8.0,1.0
Orbitrap,7.113066000000001,4,6.0,1.0
Orbitrap,7.143222000000001,1,6.0,1.0
Orbitrap,7.151694234999999,1,9.0,1.0
Orbitrap,7.182978000000001,2,6.0,1.0
Orbitrap,7.202389999999999,1,5.0,1.0
Orbitrap,7.203450000000001,4,5.0,1.0
Orbitrap,7.204148999999999,1,6.0,1.0
Orbitrap,7.256115289999999,1,8.0,1.0
Orbitrap,7.263069000000001,2,6.0,1.0
Orbitrap,7.264302000000001,4,6.0,1.0
Orbitrap,7.302989999999999,2,5.0,1.0
Orbitrap,7.304049999999999,1,5.0,1.0
Orbitrap,7.304054999999999,1,6.0,1.0
Orbitrap,7.304609999999999,1,5.0,1.0
Orbitrap,7.304620130000001,2,8.0,1.0
Orbitrap,7.352200000000001,1,4.0,1.0
Orbitrap,7.353815000000001,1,6.0,1.0
Orbitrap,7.354019999999999,4,5.0,1.0
Orbitrap,7.403021689999999,5,8.0,1.0
Orbitrap,7.403784494999999,2,9.0,1.0
Orbitrap,7.403785000000001,1,6.0,1.0
Orbitrap,7.404292000000001,1,6.0,1.0
Orbitrap,7.455355000000001,1,6.0,1.0
Orbitrap,7.481559999999999,2,5.0,1.0
Orbitrap,7.502273999999999,4,6.0,1.0
Orbitrap,7.502916279999999,4,8.0,1.0
Orbitrap,7.503871060000001,2,8.0,1.0
Orbitrap,7.504332000000001,1,6.0,1.0
Orbitrap,7.505406000000001,8,6.0,1.0
Orbitrap,7.506390000000001,4,5.0,1.0
Orbitrap,7.544246000000001,1,6.0,1.0
Orbitrap,7.563689999999999,4,5.0,1.0
Orbitrap,7.564088000000001,2,6.0,1.0
Orbitrap,7.592915999999999,4,6.0,1.0
Orbitrap,7.603530000000001,1,5.0,1.0
Orbitrap,7.605344999999999,1,6.0,1.0
Orbitrap,7.607168774999999,1,9.0,1.0
Orbitrap,7.607170000000001,1,5.0,1.0
Orbitrap,7.624302000000001,2,6.0,1.0
Orbitrap,7.652724999999999,1,6.0,1.0
Orbitrap,7.677989999999999,4,5.0,1.0
Orbitrap,7.680626999999999,4,6.0,1.0
Orbitrap,7.681787999999999,4,6.0,1.0
Orbitrap,7.682447999999999,1,6.0,1.0
Orbitrap,7.683552799999999,1,7.0,1.0
Orbitrap,7.685531999999999,1,6.0,1.0
Orbitrap,7.6886040000000015,4,6.0,2.0
Orbitrap,7.702495000000001,1,6.0,1.0
Orbitrap,7.711434000000001,4,6.0,1.0
Orbitrap,7.742141999999999,4,6.0,1.0
Orbitrap,7.742441999999999,2,6.0,1.0
Orbitrap,7.750520000000001,1,5.0,1.0
Orbitrap,7.751694234999999,1,9.0,2.0
Orbitrap,7.757149999999999,1,5.0,1.0
Orbitrap,7.764704000000001,1,6.0,1.0
Orbitrap,7.801926000000002,2,6.0,2.0
Orbitrap,7.802168000000001,1,6.0,1.0
Orbitrap,7.803834999999999,2,6.0,1.0
Orbitrap,7.830699000000001,3,6.0,1.0
Orbitrap,7.860480000000001,1,5.0,1.0
Orbitrap,7.890513000000001,1,6.0,1.0
Orbitrap,7.891502999999999,1,6.0,1.0
Orbitrap,7.904059999999999,1,5.0,1.0
Orbitrap,7.924028999999999,4,6.0,1.0
Orbitrap,7.924103999999999,1,6.0,1.0
Orbitrap,7.951893000000001,4,6.0,1.0
Orbitrap,8.002960000000002,1,5.0,1.0
Orbitrap,8.006660239999999,2,8.0,1.0
Orbitrap,8.014773000000002,2,6.0,1.0
Orbitrap,8.015568000000002,14,6.0,1.0
Orbitrap,8.054041745000001,2,9.0,1.0
Orbitrap,8.055366220000002,2,8.0,1.0
Orbitrap,8.102739999999999,1,5.0,1.0
Orbitrap,8.105623464999999,6,9.0,1.0
Orbitrap,8.106095999999999,4,6.0,1.0
Orbitrap,8.132850000000001,1,5.0,1.0
Orbitrap,8.133914999999998,2,6.0,1.0
Orbitrap,8.155384999999999,1,6.0,1.0
Orbitrap,8.155385914999998,4,9.0,1.0
Orbitrap,8.156144999999999,1,6.0,1.0
Orbitrap,8.166725999999999,4,6.0,1.0
Orbitrap,8.182739999999999,1,5.0,1.0
Orbitrap,8.195547000000001,4,6.0,1.0
Orbitrap,8.224382000000002,1,6.0,1.0
Orbitrap,8.251074000000001,1,6.0,1.0
Orbitrap,8.252135999999998,1,6.0,1.0
Orbitrap,8.254550000000002,1,5.0,1.0
Orbitrap,8.281896000000001,1,6.0,1.0
Orbitrap,8.282459999999999,4,5.0,1.0
Orbitrap,8.302655000000001,2,6.0,1.0
Orbitrap,8.304305000000001,1,6.0,1.0
Orbitrap,8.306130000000001,2,5.0,1.0
Orbitrap,8.306132005000002,1,9.0,1.0
Orbitrap,8.343011999999998,1,6.0,1.0
Orbitrap,8.352817575000001,3,9.0,1.0
Orbitrap,8.372729999999999,4,5.0,1.0
Orbitrap,8.401456679999999,1,8.0,1.0
Orbitrap,8.403265000000001,1,6.0,1.0
Orbitrap,8.404059799999999,1,7.0,1.0
Orbitrap,8.404628999999998,8,6.0,1.0
Orbitrap,8.405095235000001,4,9.0,1.0
Orbitrap,8.405270400000001,1,7.0,1.0
Orbitrap,8.4508186340332,1,,
Orbitrap,8.454855000000002,1,6.0,1.0
Orbitrap,8.454857680000002,1,8.0,1.0
Orbitrap,8.462672999999999,1,6.0,1.0
Orbitrap,8.463591000000001,4,6.0,1.0
Orbitrap,8.466809999999999,1,5.0,1.0
Orbitrap,8.483991199999998,1,7.0,1.0
Orbitrap,8.486902400000002,1,7.0,1.0
Orbitrap,8.488316999999999,1,6.0,1.0
Orbitrap,8.503058799999998,2,7.0,1.0
Orbitrap,8.504620130000001,2,8.0,1.0
Orbitrap,8.522495999999999,1,6.0,1.0
Orbitrap,8.522967000000001,2,6.0,1.0
Orbitrap,8.555629999999999,1,5.0,1.0
Orbitrap,8.563583999999999,1,6.0,1.0
Orbitrap,8.565040000000002,1,5.0,1.0
Orbitrap,8.580993000000001,1,6.0,1.0
Orbitrap,8.611745999999998,4,6.0,1.0
Orbitrap,8.672120999999999,1,6.0,1.0
Orbitrap,8.701094999999999,1,6.0,1.0
Orbitrap,8.702747725000002,2,9.0,1.0
Orbitrap,8.704161000000001,2,6.0,1.0
Orbitrap,8.705623464999999,2,9.0,1.0
Orbitrap,8.731404000000001,4,6.0,1.0
Orbitrap,8.736201000000001,2,6.0,1.0
Orbitrap,8.750297784999999,1,9.0,1.0
Orbitrap,8.751828105000001,1,9.0,1.0
Orbitrap,8.754325000000001,1,6.0,1.0
Orbitrap,8.754329445000002,2,9.0,1.0
Orbitrap,8.757200000000001,1,4.0,1.0
Orbitrap,8.758424999999999,1,6.0,1.0
Orbitrap,8.761344000000001,1,6.0,1.0
Orbitrap,8.766971999999999,4,6.0,1.0
Orbitrap,8.792108999999998,2,6.0,1.0
Orbitrap,8.792157000000001,1,6.0,1.0
Orbitrap,8.793059999999999,1,5.0,1.0
Orbitrap,8.794488000000001,1,6.0,1.0
Orbitrap,8.803530225000001,4,9.0,1.0
Orbitrap,8.804772000000002,4,6.0,1.0
Orbitrap,8.805148364999999,4,9.0,1.0
Orbitrap,8.805155000000001,1,6.0,1.0
Orbitrap,8.823011999999999,1,6.0,1.0
Orbitrap,8.824824000000001,4,6.0,1.0
Orbitrap,8.825895000000001,4,6.0,1.0
Orbitrap,8.838128000000001,1,6.0,1.0
Orbitrap,8.852459999999999,1,5.0,1.0
Orbitrap,8.853787474999999,1,9.0,1.0
Orbitrap,8.854904999999999,1,6.0,1.0
Orbitrap,8.855111950000001,6,8.0,1.0
Orbitrap,8.855711999999999,2,6.0,1.0
Orbitrap,8.856506999999999,4,6.0,1.0
Orbitrap,8.882100000000001,2,4.0,1.0
Orbitrap,8.884236000000001,4,6.0,1.0
Orbitrap,8.884403999999998,2,6.0,1.0
Orbitrap,8.884934999999999,2,6.0,1.0
Orbitrap,8.903210000000001,2,5.0,1.0
Orbitrap,8.939153999999998,4,6.0,1.0
Orbitrap,8.943612000000002,1,6.0,1.0
Orbitrap,8.951690000000001,1,5.0,1.0
Orbitrap,8.951694999999999,2,6.0,1.0
Orbitrap,8.952750700000001,1,7.0,1.0
Orbitrap,8.955332785000001,1,9.0,1.0
Orbitrap,8.963146400000001,1,7.0,1.0
Orbitrap,8.983358200000001,1,7.0,1.0
Orbitrap,9.003275960000002,3,8.0,1.0
Orbitrap,9.004332425000001,8,9.0,1.0
Orbitrap,9.005090000000001,1,5.0,1.0
Orbitrap,9.006155999999999,2,6.0,1.0
Orbitrap,9.033987000000002,2,6.0,1.0
Orbitrap,9.102247000000002,2,6.0,1.0
Orbitrap,9.124236000000002,4,6.0,1.0
Orbitrap,9.15470066576445,1,,
Orbitrap,9.182441999999998,1,6.0,1.0
Orbitrap,9.212436000000002,2,6.0,1.0
Orbitrap,9.214619999999998,1,5.0,1.0
Orbitrap,9.241001999999998,1,6.0,1.0
Orbitrap,9.306494999999998,4,6.0,1.0
Orbitrap,9.422463000000002,1,6.0,1.0
Orbitrap,9.425885999999998,4,6.0,1.0
Orbitrap,9.446903999999998,1,6.0,1.0
Orbitrap,9.456175000000002,2,6.0,1.0
Orbitrap,9.457426024999998,1,9.0,1.0
Orbitrap,9.482130000000002,2,5.0,1.0
Orbitrap,9.555129999999998,1,5.0,1.0
Orbitrap,9.571344000000002,1,6.0,1.0
Orbitrap,9.578528999999998,1,6.0,1.0
Orbitrap,9.657069000000002,4,6.0,1.0
Orbitrap,9.737819000000002,4,6.0,1.0
Orbitrap,9.755133000000002,2,6.0,1.0
Orbitrap,9.783215999999998,4,6.0,1.0
Orbitrap,9.786702000000002,4,6.0,1.0
Orbitrap,9.853345804999998,2,9.0,1.0
Orbitrap,9.923146400000002,2,7.0,1.0
Orbitrap,10.00878451461685,1,,
Orbitrap,10.088207999999998,1,6.0,1.0
Orbitrap,10.164018400000002,1,7.0,1.0
Orbitrap,10.2554182007716,1,,
Orbitrap,10.2595531489363,1,,
Orbitrap,10.327991999999998,4,6.0,1.0
Orbitrap,10.360308000000002,1,6.0,1.0
Orbitrap,10.403991199999998,2,7.0,1.0
Orbitrap,10.410712000000002,1,6.0,1.0
Orbitrap,10.441313999999998,4,6.0,1.0
Orbitrap,10.563377999999998,1,6.0,1.0
Orbitrap,10.565243199999998,3,7.0,1.0
Orbitrap,10.628315999999998,4,6.0,1.0
Orbitrap,10.644863199999998,2,7.0,1.0
Orbitrap,10.656047999999998,4,6.0,1.0
Orbitrap,10.685568000000002,2,6.0,1.0
Orbitrap,10.725704000000002,1,6.0,1.0
Orbitrap,10.742522999999998,4,6.0,1.0
Orbitrap,10.805003999999998,4,6.0,1.0
Orbitrap,10.806846000000002,1,6.0,1.0
Orbitrap,10.833602999999998,4,6.0,1.0
Orbitrap,10.863462000000002,2,6.0,1.0
Orbitrap,10.956130000000002,1,5.0,1.0
Orbitrap,10.963664799999998,1,7.0,1.0
Orbitrap,11.003184509277348,1,,
Orbitrap,11.106744999999998,1,6.0,1.0
Orbitrap,11.1499671936035,1,,
Orbitrap,11.164511999999998,1,6.0,1.0
Orbitrap,11.202739199999998,1,7.0,1.0
Orbitrap,11.254550000000002,1,5.0,1.0
Orbitrap,11.280856000000002,1,6.0,1.0
Orbitrap,11.283929999999998,2,5.0,1.0
Orbitrap,11.306674999999998,1,6.0,1.0
Orbitrap,11.346138000000002,2,6.0,1.0
Orbitrap,11.376680999999998,4,6.0,1.0
Orbitrap,11.504779999999998,1,5.0,1.0
Orbitrap,11.512394999999998,1,6.0,1.0
Orbitrap,11.530132000000002,1,6.0,1.0
Orbitrap,11.587991999999998,1,6.0,1.0
Orbitrap,11.60595950979465,1,,
Orbitrap,11.65460056593025,1,,
Orbitrap,11.687394399999995,1,7.0,3.0
Orbitrap,11.688240000000002,1,5.0,1.0
Orbitrap,11.760845000000002,4,6.0,1.0
Orbitrap,11.846056799999998,1,7.0,1.0
Orbitrap,11.846579999999998,2,5.0,1.0
Orbitrap,11.856986999999998,1,6.0,1.0
Orbitrap,11.882224000000004,1,6.0,2.0
Orbitrap,11.902254999999998,1,6.0,1.0
Orbitrap,11.90486876531785,1,,
Orbitrap,11.965956000000002,1,6.0,1.0
Orbitrap,12.001613501361598,1,,
Orbitrap,12.056673231162453,1,,
Orbitrap,12.061845000000002,1,6.0,1.0
Orbitrap,12.065460000000002,4,5.0,1.0
Orbitrap,12.130812000000002,1,6.0,1.0
Orbitrap,12.159143999999998,4,6.0,1.0
Orbitrap,12.164536800000002,1,7.0,1.0
Orbitrap,12.199838800000002,2,7.0,1.0
Orbitrap,12.204619999999998,1,5.0,1.0
Orbitrap,12.204630000000002,1,5.0,1.0
Orbitrap,12.243258399999998,1,7.0,1.0
Orbitrap,12.244371199999998,1,7.0,1.0
Orbitrap,12.255855512823452,1,,
Orbitrap,12.283248000000002,3,6.0,1.0
Orbitrap,12.284452000000002,1,6.0,1.0
Orbitrap,12.323991199999998,1,7.0,1.0
Orbitrap,12.329808000000002,2,6.0,1.0
Orbitrap,12.333242999999998,4,6.0,1.0
Orbitrap,12.359005000000002,1,6.0,1.0
Orbitrap,12.457019999999998,1,5.0,1.0
Orbitrap,12.484457999999998,1,6.0,1.0
Orbitrap,12.487991999999998,2,6.0,1.0
Orbitrap,12.520053000000004,4,6.0,2.0
Orbitrap,12.567847999999998,6,6.0,1.0
Orbitrap,12.605379999999998,1,5.0,1.0
Orbitrap,12.605656000000002,2,6.0,1.0
Orbitrap,12.646495199999997,1,7.0,2.0
Orbitrap,12.65484430435805,1,,
Orbitrap,12.700214999999998,1,6.0,1.0
Orbitrap,12.7044185572754,1,,
Orbitrap,12.706220000000002,1,5.0,1.0
Orbitrap,12.7527312417409,1,,
Orbitrap,12.753234999999998,1,6.0,1.0
Orbitrap,12.761792000000002,1,6.0,1.0
Orbitrap,12.785499000000002,2,6.0,1.0
Orbitrap,12.786132000000002,2,6.0,1.0
Orbitrap,12.808479514999998,2,9.0,1.0
Orbitrap,12.841781999999998,1,6.0,1.0
Orbitrap,12.846787999999998,2,6.0,1.0
Orbitrap,12.854474379111153,1,,
Orbitrap,12.905094000000002,4,6.0,1.0
Orbitrap,12.905404999999998,3,6.0,1.0
Orbitrap,12.951990000000002,1,5.0,1.0
Orbitrap,12.954615000000002,1,6.0,1.0
Orbitrap,12.9563087297136,1,,
Orbitrap,12.961926000000002,4,6.0,1.0
Orbitrap,13.0087897350542,1,,
Orbitrap,13.043119999999998,7,5.0,1.0
Orbitrap,13.048619199999996,1,7.0,2.0
Orbitrap,13.050632000000002,2,6.0,1.0
Orbitrap,13.051849999999998,1,5.0,1.0
Orbitrap,13.05490801713845,1,,
Orbitrap,13.055672860023549,1,,
Orbitrap,13.141043999999996,3,6.0,3.0
Orbitrap,13.148280000000002,4,5.0,1.0
Orbitrap,13.154365000000002,1,6.0,1.0
Orbitrap,13.156934999999995,1,6.0,3.0
Orbitrap,13.205649267928749,1,,
Orbitrap,13.207158000000002,4,6.0,1.0
Orbitrap,13.233968999999998,2,6.0,1.0
Orbitrap,13.257192000000002,1,6.0,1.0
Orbitrap,13.286903999999998,1,6.0,1.0
Orbitrap,13.304765000000002,1,6.0,1.0
Orbitrap,13.358515929999998,2,8.0,1.0
Orbitrap,13.40229651637085,1,,
Orbitrap,13.405570791781347,1,,
Orbitrap,13.4077765868755,1,,
Orbitrap,13.410422999999998,1,6.0,1.0
Orbitrap,13.449680999999998,4,6.0,1.0
Orbitrap,13.454390000000002,1,5.0,1.0
Orbitrap,13.505897999999998,4,6.0,1.0
Orbitrap,13.5061721952004,1,,
Orbitrap,13.508553191818352,1,,
Orbitrap,13.519173599999998,1,7.0,1.0
Orbitrap,13.559024464999998,1,9.0,1.0
Orbitrap,13.606495199999998,1,7.0,1.0
Orbitrap,13.686800000000002,2,4.0,1.0
Orbitrap,13.710480000000002,1,5.0,1.0
Orbitrap,13.722116000000002,1,6.0,1.0
Orbitrap,13.754550000000002,1,5.0,1.0
Orbitrap,13.757490000000002,1,5.0,1.0
Orbitrap,13.800533093883102,1,,
Orbitrap,13.803312000000002,8,6.0,1.0
Orbitrap,13.80620924167265,1,,
Orbitrap,13.807945000000002,1,6.0,1.0
Orbitrap,13.808510000000002,1,5.0,1.0
Orbitrap,13.855020307712952,1,,
Orbitrap,13.9082602579383,1,,
Orbitrap,13.909516285000002,1,9.0,1.0
Orbitrap,13.911170000000002,5,5.0,1.0
Orbitrap,13.955035000000002,1,6.0,1.0
Orbitrap,13.95563637897915,1,,
Orbitrap,13.956395999999998,1,6.0,1.0
Orbitrap,14.051112000000002,4,6.0,1.0
Orbitrap,14.055654999999998,1,6.0,1.0
Orbitrap,14.055834999999998,1,6.0,1.0
Orbitrap,14.058801927763302,1,,
Orbitrap,14.1079911166069,1,,
Orbitrap,14.113014000000002,4,6.0,1.0
Orbitrap,14.127439999999998,2,5.0,1.0
Orbitrap,14.163157814999998,3,9.0,1.0
Orbitrap,14.2047393798828,1,,
Orbitrap,14.204945000000002,2,6.0,1.0
Orbitrap,14.208063999999998,4,6.0,1.0
Orbitrap,14.226132000000002,4,6.0,1.0
Orbitrap,14.257988874126498,1,,
Orbitrap,14.293055999999998,2,6.0,1.0
Orbitrap,14.303495000000002,1,6.0,1.0
Orbitrap,14.329508000000002,1,6.0,1.0
Orbitrap,14.355557999999998,4,6.0,1.0
Orbitrap,14.365956000000002,2,6.0,1.0
Orbitrap,14.402602399999996,1,7.0,2.0
Orbitrap,14.405243199999996,1,7.0,2.0
Orbitrap,14.406872000000002,1,6.0,1.0
Orbitrap,14.406900000000002,4,4.0,1.0
Orbitrap,14.406933599999997,2,7.0,2.0
Orbitrap,14.407945000000002,1,6.0,1.0
Orbitrap,14.408080000000002,1,5.0,1.0
Orbitrap,14.408297999999998,1,6.0,1.0
Orbitrap,14.410846720000002,1,8.0,1.0
Orbitrap,14.458991030000002,1,8.0,1.0
Orbitrap,14.460794999999996,1,6.0,2.0
Orbitrap,14.462189999999998,1,5.0,1.0
Orbitrap,14.500444000000002,4,6.0,1.0
Orbitrap,14.508258637276448,1,,
Orbitrap,14.516990000000002,2,5.0,1.0
Orbitrap,14.560743999999998,1,6.0,1.0
Orbitrap,14.566495199999997,1,7.0,2.0
Orbitrap,14.6090430877526,1,,
Orbitrap,14.646907199999998,3,7.0,1.0
Orbitrap,14.6550326121923,1,,
Orbitrap,14.673509999999998,6,5.0,1.0
Orbitrap,14.687003999999998,1,6.0,1.0
Orbitrap,14.727747199999998,1,7.0,1.0
Orbitrap,14.729544000000002,1,6.0,1.0
Orbitrap,14.757740000000002,1,5.0,1.0
Orbitrap,14.758240000000002,1,5.0,1.0
Orbitrap,14.759583713148752,1,,
Orbitrap,14.760839999999998,1,5.0,1.0
Orbitrap,14.8051415520338,1,,
Orbitrap,14.807114999999998,1,6.0,1.0
Orbitrap,14.808224999999998,2,6.0,1.0
Orbitrap,14.808584000000002,1,6.0,1.0
Orbitrap,14.881297599999998,2,7.0,1.0
Orbitrap,14.904841819999998,1,8.0,1.0
Orbitrap,14.906737127659948,1,,
Orbitrap,14.90956403420835,1,,
Orbitrap,14.96059516548795,1,,
Orbitrap,14.963119999999998,3,5.0,1.0
Orbitrap,15.0044860839844,1,,
Orbitrap,15.004547999999998,4,6.0,1.0
Orbitrap,15.007364999999998,2,6.0,1.0
Orbitrap,15.007370000000002,4,5.0,1.0
Orbitrap,15.0079679682201,1,,
Orbitrap,15.055033645918998,1,12.0,1.0
Orbitrap,15.060810000000002,1,5.0,1.0
Orbitrap,15.088492000000002,1,6.0,1.0
Orbitrap,15.109845000000002,1,6.0,1.0
Orbitrap,15.128176000000002,3,6.0,1.0
Orbitrap,15.153579711914052,1,,
Orbitrap,15.1580215589408,1,,
Orbitrap,15.185831999999998,5,6.0,1.0
Orbitrap,15.205681599999998,1,7.0,1.0
Orbitrap,15.248604000000002,4,6.0,1.0
Orbitrap,15.254884999999998,1,6.0,1.0
Orbitrap,15.302287000000002,4,6.0,1.0
Orbitrap,15.302428119999998,2,8.0,1.0
Orbitrap,15.304439999999998,1,5.0,1.0
Orbitrap,15.313850999999998,4,6.0,1.0
Orbitrap,15.3577608835817,1,,
Orbitrap,15.363575999999998,5,6.0,1.0
Orbitrap,15.364895999999998,1,6.0,1.0
Orbitrap,15.365243199999997,1,7.0,2.0
Orbitrap,15.377208000000005,2,6.0,3.0
Orbitrap,15.399795999999998,1,6.0,1.0
Orbitrap,15.401654999999998,1,6.0,1.0
Orbitrap,15.401669999999998,1,5.0,1.0
Orbitrap,15.40167915155325,1,,
Orbitrap,15.403210619999998,2,8.0,1.0
Orbitrap,15.404519999999998,1,5.0,1.0
Orbitrap,15.4051367159123,1,,
Orbitrap,15.405957875560947,1,,
Orbitrap,15.409323999999998,4,6.0,1.0
Orbitrap,15.415793999999998,1,6.0,1.0
Orbitrap,15.454490000000002,1,5.0,1.0
Orbitrap,15.45527420018395,1,,
Orbitrap,15.45853853930705,1,,
Orbitrap,15.484883999999996,2,6.0,2.0
Orbitrap,15.496746000000002,1,6.0,1.0
Orbitrap,15.529408000000002,1,6.0,1.0
Orbitrap,15.5547302246094,1,,
Orbitrap,15.558327679351253,1,,
Orbitrap,15.60379333496095,1,,
Orbitrap,15.603852000000003,2,6.0,2.0
Orbitrap,15.604336000000002,1,6.0,1.0
Orbitrap,15.6549057006836,1,,
Orbitrap,15.6567155586127,1,,
Orbitrap,15.657374999999998,1,6.0,1.0
Orbitrap,15.659544833637902,1,,
Orbitrap,15.661398000000002,4,6.0,1.0
Orbitrap,15.705265808105448,1,,
Orbitrap,15.7080545660744,1,,
Orbitrap,15.720960000000002,1,5.0,1.0
Orbitrap,15.727116000000002,1,6.0,1.0
Orbitrap,15.74910888671875,1,,
Orbitrap,15.757400000000002,1,4.0,1.0
Orbitrap,15.7581039428711,1,,
Orbitrap,15.781026000000002,1,6.0,1.0
Orbitrap,15.805485534667948,1,,
Orbitrap,15.8059637942913,1,,
Orbitrap,15.812411725000002,1,9.0,1.0
Orbitrap,15.829373000000002,4,6.0,1.0
Orbitrap,15.848057999999998,4,6.0,1.0
Orbitrap,15.8557203934063,1,,
Orbitrap,15.8569790403274,1,,
Orbitrap,15.8592873079796,1,,
Orbitrap,15.8993606567383,1,,
Orbitrap,15.903786000000002,4,6.0,1.0
Orbitrap,15.9044464111328,1,,
Orbitrap,15.910290000000002,1,5.0,1.0
Orbitrap,15.928692000000002,2,6.0,1.0
Orbitrap,15.952225000000002,1,6.0,1.0
Orbitrap,15.955151165000002,2,9.0,1.0
Orbitrap,15.960132000000002,1,6.0,1.0
Orbitrap,16.00259579737785,1,,
Orbitrap,16.00523529052735,1,,
Orbitrap,16.005920000000003,1,5.0,1.0
Orbitrap,16.029546000000003,1,6.0,1.0
Orbitrap,16.030320000000003,1,5.0,1.0
Orbitrap,16.031136000000004,14,6.0,1.0
Orbitrap,16.05059661865235,1,,
Orbitrap,16.054183695979653,1,,
Orbitrap,16.05458366616055,1,,
Orbitrap,16.055729195803597,1,,
Orbitrap,16.056468000000002,2,6.0,1.0
Orbitrap,16.057975458771498,1,,
Orbitrap,16.058538835473602,1,,
Orbitrap,16.089257999999997,4,6.0,1.0
Orbitrap,16.10330963134765,1,,
Orbitrap,16.10608861005605,1,,
Orbitrap,16.107509999999998,1,5.0,1.0
Orbitrap,16.107745625836152,1,,
Orbitrap,16.109209999999997,3,5.0,1.0
Orbitrap,16.109566978319048,1,,
Orbitrap,16.111359999999998,1,5.0,1.0
Orbitrap,16.116327000000002,3,6.0,1.0
Orbitrap,16.172024999999998,1,6.0,1.0
Orbitrap,16.177111999999997,1,6.0,1.0
Orbitrap,16.178843999999998,5,6.0,1.0
Orbitrap,16.198237609863302,1,,
Orbitrap,16.204493713378902,1,,
Orbitrap,16.212191999999998,4,6.0,1.0
Orbitrap,16.252022399999998,1,7.0,1.0
Orbitrap,16.254354858398447,1,,
Orbitrap,16.258291801345898,1,,
Orbitrap,16.265700000000002,1,4.0,1.0
Orbitrap,16.3047746403953,1,,
Orbitrap,16.306607373026402,1,,
Orbitrap,16.307644999999997,1,6.0,1.0
Orbitrap,16.313290000000002,2,5.0,1.0
Orbitrap,16.333451999999998,8,6.0,1.0
Orbitrap,16.355595397949198,1,,
Orbitrap,16.3597707880386,1,,
Orbitrap,16.365479999999998,1,5.0,1.0
Orbitrap,16.388094000000002,2,6.0,1.0
Orbitrap,16.390584000000004,2,6.0,1.0
Orbitrap,16.391094000000002,4,6.0,1.0
Orbitrap,16.40632144641505,1,,
Orbitrap,16.4073881766435,1,,
Orbitrap,16.448764000000004,1,6.0,1.0
Orbitrap,16.460086999999998,1,6.0,1.0
Orbitrap,16.462230378170553,1,,
Orbitrap,16.502148000000002,1,6.0,1.0
Orbitrap,16.502969999999998,1,5.0,1.0
Orbitrap,16.5035235932067,1,,
Orbitrap,16.504271999999997,1,6.0,1.0
Orbitrap,16.506177533338548,1,,
Orbitrap,16.506919999999997,2,5.0,1.0
Orbitrap,16.507499884999998,1,9.0,1.0
Orbitrap,16.514046999999998,4,6.0,1.0
Orbitrap,16.514058000000002,4,6.0,1.0
Orbitrap,16.55428302243415,1,,
Orbitrap,16.55775920010705,1,,
Orbitrap,16.563792000000003,1,6.0,1.0
Orbitrap,16.564919999999997,5,5.0,1.0
Orbitrap,16.56553280881335,1,,
Orbitrap,16.568488000000002,2,6.0,1.0
Orbitrap,16.597154000000003,6,6.0,1.0
Orbitrap,16.598637999999998,4,6.0,1.0
Orbitrap,16.60882765436755,1,,
Orbitrap,16.6093395913295,1,,
Orbitrap,16.609360000000002,1,5.0,1.0
Orbitrap,16.612260000000003,2,5.0,1.0
Orbitrap,16.650655999999998,1,6.0,1.0
Orbitrap,16.654092000000002,2,6.0,1.0
Orbitrap,16.65615523816675,1,,
Orbitrap,16.65728313499095,1,,
Orbitrap,16.658642000000004,3,6.0,1.0
Orbitrap,16.686023999999996,1,6.0,1.0
Orbitrap,16.7061462402344,1,,
Orbitrap,16.708244999999998,2,6.0,1.0
Orbitrap,16.745459999999998,4,5.0,1.0
Orbitrap,16.75213470458985,1,,
Orbitrap,16.75306854248045,1,,
Orbitrap,16.75315015414585,1,,
Orbitrap,16.753194999999998,1,6.0,1.0
Orbitrap,16.757364999999997,1,6.0,1.0
Orbitrap,16.757773946543598,1,,
Orbitrap,16.8011520385742,1,,
Orbitrap,16.80586630668445,1,,
Orbitrap,16.8066668743371,1,,
Orbitrap,16.806707601912148,1,,
Orbitrap,16.8078414916992,1,,
Orbitrap,16.808049999999998,4,5.0,1.0
Orbitrap,16.808119599999998,2,7.0,1.0
Orbitrap,16.80852418976025,1,,
Orbitrap,16.809025000000002,2,6.0,1.0
Orbitrap,16.809257999999996,9,6.0,1.0
Orbitrap,16.80935067709075,1,,
Orbitrap,16.81034266869755,1,,
Orbitrap,16.833509999999997,1,5.0,1.0
Orbitrap,16.847331999999998,4,6.0,1.0
Orbitrap,16.85425720214845,1,,
Orbitrap,16.85772737843265,1,,
Orbitrap,16.8595321780706,1,,
Orbitrap,16.874487000000002,1,6.0,1.0
Orbitrap,16.876741000000003,4,6.0,1.0
Orbitrap,16.902610590000002,3,8.0,1.0
Orbitrap,16.904173000000004,2,6.0,1.0
Orbitrap,16.9074818089802,1,,
Orbitrap,16.90754859343305,1,,
Orbitrap,16.908734999999997,1,6.0,1.0
Orbitrap,16.909301521837197,1,,
Orbitrap,16.917080000000002,1,5.0,1.0
Orbitrap,16.921284000000004,1,6.0,1.0
Orbitrap,16.925345999999998,1,6.0,1.0
Orbitrap,16.926273000000002,4,6.0,1.0
Orbitrap,16.927182000000002,4,6.0,1.0
Orbitrap,16.927182600000002,1,7.0,1.0
Orbitrap,16.933619999999998,1,5.0,1.0
Orbitrap,16.936746000000003,1,6.0,1.0
Orbitrap,16.9568588256836,1,,
Orbitrap,16.976633999999997,1,6.0,1.0
Orbitrap,17.00440521240235,1,,
Orbitrap,17.00456060625035,1,,
Orbitrap,17.005013619829548,1,,
Orbitrap,17.006057739257802,1,,
Orbitrap,17.0082730140899,1,,
Orbitrap,17.041031999999998,1,6.0,1.0
Orbitrap,17.045934000000003,2,6.0,1.0
Orbitrap,17.048175999999998,2,6.0,1.0
Orbitrap,17.054002380371102,1,,
Orbitrap,17.054335405000003,1,9.0,1.0
Orbitrap,17.056919999999998,2,5.0,1.0
Orbitrap,17.05985796713305,1,,
Orbitrap,17.060556039999998,2,8.0,1.0
Orbitrap,17.06111269758395,1,,
Orbitrap,17.103896999999996,1,6.0,1.0
Orbitrap,17.104733999999997,5,6.0,1.0
Orbitrap,17.10706463220645,1,,
Orbitrap,17.107384999999997,1,6.0,1.0
Orbitrap,17.108040000000003,1,5.0,1.0
Orbitrap,17.108520000000002,1,5.0,1.0
Orbitrap,17.127167999999998,1,6.0,1.0
Orbitrap,17.130080000000003,1,5.0,1.0
Orbitrap,17.156135000000003,1,6.0,1.0
Orbitrap,17.156174375000003,5,9.0,1.0
Orbitrap,17.156174999999998,1,6.0,1.0
Orbitrap,17.161986000000002,1,6.0,1.0
Orbitrap,17.168628000000002,7,6.0,1.0
Orbitrap,17.200611000000002,2,6.0,1.0
Orbitrap,17.20695401098045,1,,
Orbitrap,17.20801706884925,1,,
Orbitrap,17.20887908935545,1,,
Orbitrap,17.210395378264902,1,,
Orbitrap,17.2134708760763,1,,
Orbitrap,17.223491999999997,4,6.0,1.0
Orbitrap,17.25047607421875,1,,
Orbitrap,17.2566021620311,1,,
Orbitrap,17.25681915283205,1,,
Orbitrap,17.259014999999998,1,6.0,1.0
Orbitrap,17.296371459960948,1,,
Orbitrap,17.302725000000002,1,6.0,1.0
Orbitrap,17.303872680664053,1,,
Orbitrap,17.306065000000004,1,6.0,1.0
Orbitrap,17.308396911621102,1,,
Orbitrap,17.31061414037455,1,,
Orbitrap,17.344241999999998,2,6.0,1.0
Orbitrap,17.346131999999997,1,6.0,1.0
Orbitrap,17.3557861328125,1,,
Orbitrap,17.356188115000002,1,9.0,1.0
Orbitrap,17.403509999999997,1,5.0,1.0
Orbitrap,17.403518020000003,1,8.0,1.0
Orbitrap,17.40456028477805,1,,
Orbitrap,17.408322000000002,4,6.0,1.0
Orbitrap,17.410505999999998,4,6.0,1.0
Orbitrap,17.45885469722105,1,,
Orbitrap,17.462808000000003,4,6.0,1.0
Orbitrap,17.470584000000002,2,6.0,1.0
Orbitrap,17.472402000000002,4,6.0,1.0
Orbitrap,17.487128000000002,2,6.0,1.0
Orbitrap,17.504514999999998,4,6.0,1.0
Orbitrap,17.505819702148447,1,,
Orbitrap,17.505825805664053,1,,
Orbitrap,17.507990000000003,2,5.0,1.0
Orbitrap,17.50874939588355,1,,
Orbitrap,17.5088645159024,1,,
Orbitrap,17.51044401134105,1,,
Orbitrap,17.512614000000003,8,6.0,1.0
Orbitrap,17.516849999999998,1,5.0,1.0
Orbitrap,17.529023999999996,1,6.0,1.0
Orbitrap,17.533943999999998,4,6.0,1.0
Orbitrap,17.55205688476565,1,,
Orbitrap,17.584217999999996,4,6.0,1.0
Orbitrap,17.584314000000003,1,6.0,1.0
Orbitrap,17.586119999999998,1,5.0,1.0
Orbitrap,17.587032000000004,1,6.0,1.0
Orbitrap,17.588976000000002,1,6.0,1.0
Orbitrap,17.600430297851553,1,,
Orbitrap,17.606527199999995,1,7.0,1.0
Orbitrap,17.608060000000002,1,5.0,1.0
Orbitrap,17.608840985299196,1,,
Orbitrap,17.609544000000003,2,6.0,1.0
Orbitrap,17.645291999999998,2,6.0,1.0
Orbitrap,17.646023999999997,1,6.0,1.0
Orbitrap,17.649648000000003,4,6.0,1.0
Orbitrap,17.649918999999997,2,6.0,1.0
Orbitrap,17.651790000000002,4,5.0,1.0
Orbitrap,17.6540747075558,1,,
Orbitrap,17.65747985892325,1,,
Orbitrap,17.659299999999998,2,4.0,1.0
Orbitrap,17.661108976316253,1,,
Orbitrap,17.704919999999998,1,5.0,1.0
Orbitrap,17.7063939367258,1,,
Orbitrap,17.7096215608521,1,,
Orbitrap,17.7098148965204,1,,
Orbitrap,17.711423999999997,2,6.0,1.0
Orbitrap,17.712058000000003,2,6.0,1.0
Orbitrap,17.713013999999998,4,6.0,1.0
Orbitrap,17.717496999999998,4,6.0,1.0
Orbitrap,17.737560000000002,3,5.0,1.0
Orbitrap,17.757810968966048,1,,
Orbitrap,17.7582525383447,1,,
Orbitrap,17.76370518407625,1,,
Orbitrap,17.764200000000002,5,4.0,1.0
Orbitrap,17.767779199999996,1,7.0,1.0
Orbitrap,17.768472000000003,5,6.0,1.0
Orbitrap,17.768807999999996,4,6.0,1.0
Orbitrap,17.769869999999997,2,5.0,1.0
Orbitrap,17.784157999999998,14,6.0,1.0
Orbitrap,17.806420000000003,4,5.0,1.0
Orbitrap,17.807695775748847,1,,
Orbitrap,17.823336000000005,1,6.0,1.0
Orbitrap,17.845959999999998,1,5.0,1.0
Orbitrap,17.85715446680685,1,,
Orbitrap,17.859856623827554,1,,
Orbitrap,17.85985738930125,1,,
Orbitrap,17.866319999999998,2,5.0,1.0
Orbitrap,17.878307999999997,4,6.0,1.0
Orbitrap,17.887224000000003,1,6.0,1.0
Orbitrap,17.887559999999997,1,5.0,1.0
Orbitrap,17.903389999999998,6,5.0,1.0
Orbitrap,17.90476684570315,1,,
Orbitrap,17.905990000000003,1,5.0,1.0
Orbitrap,17.906080067229198,1,,
Orbitrap,17.908307430289053,1,,
Orbitrap,17.910024999999997,1,6.0,1.0
Orbitrap,17.915309999999998,4,5.0,1.0
Orbitrap,17.927692999999998,1,6.0,1.0
Orbitrap,17.934289999999997,6,5.0,1.0
Orbitrap,17.944619000000003,2,6.0,1.0
Orbitrap,17.9498779296875,1,,
Orbitrap,17.95512734091715,1,,
Orbitrap,17.9569030761719,1,,
Orbitrap,17.957011383378802,1,,
Orbitrap,17.966716400000003,2,7.0,1.0
Orbitrap,17.993346000000003,4,6.0,1.0
Orbitrap,18.004006435801198,1,,
Orbitrap,18.0060974121094,1,,
Orbitrap,18.007424999999998,1,6.0,1.0
Orbitrap,18.009563999999997,4,6.0,1.0
Orbitrap,18.0096500746126,1,,
Orbitrap,18.010189999999998,1,5.0,1.0
Orbitrap,18.012311999999998,2,6.0,1.0
Orbitrap,18.0560762539969,1,,
Orbitrap,18.058291726115147,1,,
Orbitrap,18.060050000000004,4,5.0,1.0
Orbitrap,18.067974000000003,2,6.0,1.0
Orbitrap,18.107549366549502,1,,
Orbitrap,18.107652101361698,1,,
Orbitrap,18.128332000000004,1,6.0,1.0
Orbitrap,18.157696591238352,1,,
Orbitrap,18.204494000000004,1,6.0,1.0
Orbitrap,18.20721704643335,1,,
Orbitrap,18.209114000000003,1,6.0,1.0
Orbitrap,18.218746000000003,1,6.0,1.0
Orbitrap,18.219030000000004,2,5.0,1.0
Orbitrap,18.243336000000003,1,6.0,1.0
Orbitrap,18.248472000000003,4,6.0,1.0
Orbitrap,18.25746576641495,1,,
Orbitrap,18.2576370239258,1,,
Orbitrap,18.25984523519175,1,,
Orbitrap,18.261116926979447,1,,
Orbitrap,18.271631000000003,3,6.0,1.0
Orbitrap,18.3057821562654,1,,
Orbitrap,18.309047577370603,1,,
Orbitrap,18.3097213745117,1,,
Orbitrap,18.35445867619475,1,,
Orbitrap,18.35841369628905,1,,
Orbitrap,18.40196533203125,1,,
Orbitrap,18.40203247070315,1,,
Orbitrap,18.41348099752075,1,,
Orbitrap,18.424872000000004,4,6.0,1.0
Orbitrap,18.459595123635403,1,,
Orbitrap,18.491936000000003,1,6.0,1.0
Orbitrap,18.493706000000003,4,6.0,1.0
Orbitrap,18.5022689819336,1,,
Orbitrap,18.50636513940455,1,,
Orbitrap,18.508940000000003,1,5.0,1.0
Orbitrap,18.510050000000003,1,5.0,1.0
Orbitrap,18.55452270507815,1,,
Orbitrap,18.55529158521835,1,,
Orbitrap,18.5558598167261,1,,
Orbitrap,18.6058067785042,1,,
Orbitrap,18.60743218332855,1,,
Orbitrap,18.6077551975025,1,,
Orbitrap,18.611609530000003,1,8.0,1.0
Orbitrap,18.6582928661787,1,,
Orbitrap,18.6601033228851,1,,
Orbitrap,18.660665041671503,1,,
Orbitrap,18.7037567138672,1,,
Orbitrap,18.7049478172059,1,,
Orbitrap,18.7093090957674,1,,
Orbitrap,18.7578043162108,1,,
Orbitrap,18.7590647126474,1,,
Orbitrap,18.8020782459656,1,,
Orbitrap,18.806128748339297,1,,
Orbitrap,18.811528000000003,1,6.0,1.0
Orbitrap,18.812403000000003,4,6.0,1.0
Orbitrap,18.844926000000005,1,6.0,1.0
Orbitrap,18.85524139404295,1,,
Orbitrap,18.857278020000003,4,8.0,1.0
Orbitrap,18.8582987525508,1,,
Orbitrap,18.908157914899203,1,,
Orbitrap,18.9101689879287,1,,
Orbitrap,18.91143440687935,1,,
Orbitrap,18.9562016041549,1,,
Orbitrap,18.96064566182595,1,,
Orbitrap,18.964260000000003,2,5.0,1.0
Orbitrap,18.977704000000003,1,6.0,1.0
Orbitrap,19.00750235795205,1,,
Orbitrap,19.0078894138777,1,,
Orbitrap,19.011080000000003,1,5.0,1.0
Orbitrap,19.05794067382815,1,,
Orbitrap,19.05846747106725,1,,
Orbitrap,19.063238794317847,1,,
Orbitrap,19.082472000000003,1,6.0,1.0
Orbitrap,19.10962694709545,1,,
Orbitrap,19.115732999999995,2,6.0,1.0
Orbitrap,19.118869000000004,5,6.0,1.0
Orbitrap,19.122943000000003,4,6.0,1.0
Orbitrap,19.142688000000003,1,6.0,1.0
Orbitrap,19.15528570097525,1,,
Orbitrap,19.2011032104492,1,,
Orbitrap,19.2018798828125,1,,
Orbitrap,19.202475000000003,1,6.0,1.0
Orbitrap,19.20669555664065,1,,
Orbitrap,19.20742715912316,1,,
Orbitrap,19.25274200439455,1,,
Orbitrap,19.25440648965585,1,,
Orbitrap,19.258944702148447,1,,
Orbitrap,19.261152000000003,1,6.0,1.0
Orbitrap,19.26242147209885,1,,
Orbitrap,19.2629883101056,1,,
Orbitrap,19.29036319999999,1,7.0,3.0
Orbitrap,19.30475006103515,1,,
Orbitrap,19.30736086822555,1,,
Orbitrap,19.30930136473435,1,,
Orbitrap,19.314138000000003,4,6.0,1.0
Orbitrap,19.353379821777352,1,,
Orbitrap,19.35541076660155,1,,
Orbitrap,19.390524000000003,2,6.0,1.0
Orbitrap,19.40113067626955,1,,
Orbitrap,19.4088386048976,1,,
Orbitrap,19.4093989203372,1,,
Orbitrap,19.40940237608035,1,,
Orbitrap,19.40940604651845,1,,
Orbitrap,19.4106543072424,1,,
Orbitrap,19.458115000000003,1,6.0,1.0
Orbitrap,19.4604105270602,1,,
Orbitrap,19.467385000000004,6,6.0,1.0
Orbitrap,19.475638000000004,5,6.0,1.0
Orbitrap,19.510266000000005,5,6.0,1.0
Orbitrap,19.55543518066405,1,,
Orbitrap,19.564926000000003,1,6.0,1.0
Orbitrap,19.566431999999995,4,6.0,1.0
Orbitrap,19.573404000000004,4,6.0,1.0
Orbitrap,19.60857655730825,1,,
Orbitrap,19.653765000000003,4,6.0,1.0
Orbitrap,19.685868000000003,1,6.0,1.0
Orbitrap,19.7047592163086,1,,
Orbitrap,19.706091126685248,1,,
Orbitrap,19.722420000000003,4,5.0,1.0
Orbitrap,19.7553482055664,1,,
Orbitrap,19.7559509277344,1,,
Orbitrap,19.756794000000003,1,6.0,1.0
Orbitrap,19.761050399999995,1,7.0,1.0
Orbitrap,19.770632000000003,2,6.0,1.0
Orbitrap,19.886923000000003,1,6.0,1.0
Orbitrap,19.8926589285642,1,,
Orbitrap,19.90997009277345,1,,
Orbitrap,19.91149407435915,1,,
Orbitrap,19.928676000000003,1,6.0,1.0
Orbitrap,19.935688000000003,8,6.0,1.0
Orbitrap,20.0007751464844,1,,
Orbitrap,20.0027557373047,1,,
Orbitrap,20.00585174560545,1,,
Orbitrap,20.032936000000003,3,6.0,1.0
Orbitrap,20.040933000000003,2,6.0,1.0
Orbitrap,20.048094000000003,1,6.0,1.0
Orbitrap,20.0583480859039,1,,
Orbitrap,20.0616838697996,1,,
Orbitrap,20.096636000000004,4,6.0,1.0
Orbitrap,20.10860346275925,1,,
Orbitrap,20.1541778564453,2,,
Orbitrap,20.15494232177735,1,,
Orbitrap,20.242472000000003,1,6.0,1.0
Orbitrap,20.253272000000003,1,6.0,1.0
Orbitrap,20.3035934448242,1,,
Orbitrap,20.347866000000003,4,6.0,1.0
Orbitrap,20.403225000000003,4,6.0,1.0
Orbitrap,20.41157849297785,1,,
Orbitrap,20.4162292480469,1,,
Orbitrap,20.448400000000003,2,4.0,1.0
Orbitrap,20.4567337036133,1,,
Orbitrap,20.456834411621102,1,,
Orbitrap,20.502944000000003,4,6.0,1.0
Orbitrap,20.51004095280585,1,,
Orbitrap,20.55616739335185,1,,
Orbitrap,20.5574223545926,1,,
Orbitrap,20.55924512436555,1,,
Orbitrap,20.583174000000003,1,6.0,1.0
Orbitrap,20.65414294733955,1,,
Orbitrap,20.66042319876016,1,,
Orbitrap,20.665183000000003,4,6.0,1.0
Orbitrap,20.70740760930305,1,,
Orbitrap,20.714920000000003,1,5.0,1.0
Orbitrap,20.720616000000003,1,6.0,1.0
Orbitrap,20.75726013183595,1,,
Orbitrap,20.760050000000003,1,5.0,1.0
Orbitrap,20.7606300490155,1,,
Orbitrap,20.802943000000003,4,6.0,1.0
Orbitrap,20.812216211878148,1,,
Orbitrap,20.821424000000004,1,6.0,1.0
Orbitrap,20.854681390435747,1,,
Orbitrap,20.8587214272807,1,,
Orbitrap,20.86197687676109,1,,
Orbitrap,20.9027389526367,1,,
Orbitrap,20.9074144726779,1,,
Orbitrap,20.90992809621155,1,,
Orbitrap,20.91061426513595,1,,
Orbitrap,20.911720000000003,2,5.0,1.0
Orbitrap,21.00341617222625,1,,
Orbitrap,21.005208000000003,1,6.0,1.0
Orbitrap,21.013706000000003,6,6.0,1.0
Orbitrap,21.05606282436995,1,,
Orbitrap,21.05796258883665,1,,
Orbitrap,21.06117357186105,1,,
Orbitrap,21.089104000000003,1,6.0,1.0
Orbitrap,21.108790000000003,1,5.0,1.0
Orbitrap,21.10985208984505,1,,
Orbitrap,21.11218845539775,1,,
Orbitrap,21.1521535140061,1,,
Orbitrap,21.1609515321282,1,,
Orbitrap,21.2535934448242,1,,
Orbitrap,21.25631561279295,1,,
Orbitrap,21.2586853027344,1,,
Orbitrap,21.26058907893545,1,,
Orbitrap,21.261734359173204,1,,
Orbitrap,21.282310000000003,1,5.0,1.0
Orbitrap,21.361196977439203,1,,
Orbitrap,21.371136000000003,2,6.0,1.0
Orbitrap,21.4052047729492,1,,
Orbitrap,21.4118327286563,1,,
Orbitrap,21.427602000000004,1,6.0,1.0
Orbitrap,21.446008000000003,6,6.0,1.0
Orbitrap,21.451408000000004,3,6.0,1.0
Orbitrap,21.456335000000003,1,6.0,1.0
Orbitrap,21.494262000000003,1,6.0,1.0
Orbitrap,21.50792440852945,1,,
Orbitrap,21.5117458631004,1,,
Orbitrap,21.548934000000003,2,6.0,1.0
Orbitrap,21.60416446961185,1,,
Orbitrap,21.610350000000004,4,5.0,1.0
Orbitrap,21.6107955932617,1,,
Orbitrap,21.613692000000004,1,6.0,1.0
Orbitrap,21.693544000000003,1,6.0,1.0
Orbitrap,21.70366973876955,1,,
Orbitrap,21.707532912198747,1,,
Orbitrap,21.712181723532648,1,,
Orbitrap,21.726924000000004,4,6.0,1.0
Orbitrap,21.75462799072265,1,,
Orbitrap,21.763440000000003,1,5.0,1.0
Orbitrap,21.790584000000003,4,6.0,1.0
Orbitrap,21.80844774750795,1,,
Orbitrap,21.8108341332594,1,,
Orbitrap,21.8605163574219,1,,
Orbitrap,21.903524780273447,1,,
Orbitrap,21.9099791700057,1,,
Orbitrap,21.91066567643365,1,,
Orbitrap,21.9594467163086,1,,
Orbitrap,21.961728000000004,1,6.0,1.0
Orbitrap,22.0113355542178,1,,
Orbitrap,22.029186000000003,1,6.0,1.0
Orbitrap,22.094316000000003,9,6.0,1.0
Orbitrap,22.0994812011719,1,,
Orbitrap,22.10515854308405,1,,
Orbitrap,22.1508728027344,1,,
Orbitrap,22.1673836910169,1,,
Orbitrap,22.213388137565342,1,,
Orbitrap,22.257872000000003,5,6.0,1.0
Orbitrap,22.25801813206935,1,,
Orbitrap,22.3064926147461,1,,
Orbitrap,22.4048315585584,1,,
Orbitrap,22.409170000000003,1,5.0,1.0
Orbitrap,22.411728000000004,4,6.0,1.0
Orbitrap,22.45293579101565,1,,
Orbitrap,22.4581882031466,1,,
Orbitrap,22.485211000000003,4,6.0,1.0
Orbitrap,22.485474000000004,2,6.0,1.0
Orbitrap,22.5110386138848,1,,
Orbitrap,22.519170000000003,4,5.0,1.0
Orbitrap,22.552893999999995,1,6.0,1.0
Orbitrap,22.55955025478495,1,,
Orbitrap,22.561712000000004,1,6.0,1.0
Orbitrap,22.568364000000003,5,6.0,1.0
Orbitrap,22.60504302978515,1,,
Orbitrap,22.692276000000003,4,6.0,1.0
Orbitrap,22.81040636719265,1,,
Orbitrap,22.810590000000005,4,5.0,1.0
Orbitrap,22.835638000000003,6,6.0,1.0
Orbitrap,22.85728759765625,1,,
Orbitrap,22.872906000000004,4,6.0,1.0
Orbitrap,22.9590380087915,1,,
Orbitrap,22.9600093666491,1,,
Orbitrap,23.006991120027298,1,,
Orbitrap,23.0122648207149,1,,
Orbitrap,23.024780000000003,1,5.0,1.0
Orbitrap,23.060264000000004,1,6.0,1.0
Orbitrap,23.0638333580622,1,,
Orbitrap,23.10226287841795,1,,
Orbitrap,23.1039314540587,1,,
Orbitrap,23.137296000000003,1,6.0,1.0
Orbitrap,23.154255000000003,1,6.0,1.0
Orbitrap,23.180045000000003,8,6.0,1.0
Orbitrap,23.255135000000003,1,6.0,1.0
Orbitrap,23.2603148606832,1,,
Orbitrap,23.3061485786552,1,,
Orbitrap,23.3085370867499,1,,
Orbitrap,23.349756000000003,5,6.0,1.0
Orbitrap,23.354889330215748,1,,
Orbitrap,23.358316065436348,1,,
Orbitrap,23.376480000000004,1,5.0,1.0
Orbitrap,23.4086285105145,1,,
Orbitrap,23.441242000000003,2,6.0,1.0
Orbitrap,23.448708000000003,1,6.0,1.0
Orbitrap,23.50672622924585,1,,
Orbitrap,23.521690000000003,6,5.0,1.0
Orbitrap,23.650080000000003,4,5.0,1.0
Orbitrap,23.65645904541015,1,,
Orbitrap,23.656460000000003,1,5.0,1.0
Orbitrap,23.671539000000003,1,6.0,1.0
Orbitrap,23.693159999999995,2,5.0,1.0
Orbitrap,23.708934000000003,1,6.0,1.0
Orbitrap,23.75659452979335,1,,
Orbitrap,23.7589873864569,1,,
Orbitrap,23.7622612252383,1,,
Orbitrap,23.764448000000005,1,6.0,1.0
Orbitrap,23.777622000000004,12,6.0,1.0
Orbitrap,23.81055377297565,1,,
Orbitrap,23.936048000000003,1,6.0,1.0
Orbitrap,24.085904000000003,1,6.0,1.0
Orbitrap,24.123690000000003,1,5.0,1.0
Orbitrap,24.126759000000003,4,6.0,1.0
Orbitrap,24.130920000000003,2,5.0,1.0
Orbitrap,24.132834000000003,9,6.0,1.0
Orbitrap,24.210230000000003,2,5.0,1.0
Orbitrap,24.261624000000005,1,6.0,1.0
Orbitrap,24.295364000000003,1,6.0,1.0
Orbitrap,24.318287999999995,2,6.0,1.0
Orbitrap,24.398550000000004,1,5.0,1.0
Orbitrap,24.399693000000003,4,6.0,1.0
Orbitrap,24.409280000000003,2,5.0,1.0
Orbitrap,24.466755000000003,4,6.0,1.0
Orbitrap,24.495352000000004,4,6.0,1.0
Orbitrap,24.51434148139395,1,,
Orbitrap,24.5587347865246,1,,
Orbitrap,24.566496000000004,3,6.0,1.0
Orbitrap,24.583299000000004,4,6.0,1.0
Orbitrap,24.586641000000004,4,6.0,1.0
Orbitrap,24.659616000000003,2,6.0,1.0
Orbitrap,24.666485999999995,5,6.0,1.0
Orbitrap,24.682761000000003,4,6.0,1.0
Orbitrap,24.71245727539065,1,,
Orbitrap,24.75565338134765,1,,
Orbitrap,24.75681915283205,1,,
Orbitrap,24.849576000000003,1,6.0,1.0
Orbitrap,24.896048000000004,1,6.0,1.0
Orbitrap,25.009327759422447,1,,
Orbitrap,25.040106000000005,5,6.0,1.0
Orbitrap,25.294040000000003,4,5.0,1.0
Orbitrap,25.523584000000003,1,6.0,1.0
Orbitrap,25.570998000000003,2,6.0,1.0
Orbitrap,25.572264000000004,3,6.0,1.0
Orbitrap,25.810188000000004,4,6.0,1.0
Orbitrap,25.827910000000003,1,5.0,1.0
Orbitrap,25.838532000000004,4,6.0,1.0
Orbitrap,25.845211000000003,3,6.0,1.0
Orbitrap,25.854032000000004,2,6.0,1.0
Orbitrap,25.923852000000004,4,6.0,1.0
Orbitrap,25.924392000000005,1,6.0,1.0
Orbitrap,25.955685000000003,2,6.0,1.0
Orbitrap,26.016449999999995,3,5.0,1.0
Orbitrap,26.103210000000004,1,5.0,1.0
Orbitrap,26.108516452031147,1,,
Orbitrap,26.192763000000003,1,6.0,1.0
Orbitrap,26.194212000000004,4,6.0,1.0
Orbitrap,26.196471000000003,1,6.0,1.0
Orbitrap,26.208603000000004,4,6.0,1.0
Orbitrap,26.259014892578147,1,,
Orbitrap,26.282087999999995,4,6.0,2.0
Orbitrap,26.291400000000003,1,4.0,1.0
Orbitrap,26.296560000000003,4,5.0,1.0
Orbitrap,26.309140000000003,2,5.0,1.0
Orbitrap,26.370891000000004,1,6.0,1.0
Orbitrap,26.414316000000003,1,6.0,1.0
Orbitrap,26.431223000000003,4,6.0,1.0
Orbitrap,26.553600000000003,1,4.0,1.0
Orbitrap,26.650161000000004,3,6.0,1.0
Orbitrap,26.652708000000004,4,6.0,1.0
Orbitrap,26.715910000000004,2,5.0,1.0
Orbitrap,26.717200000000005,1,4.0,2.0
Orbitrap,26.746641000000004,4,6.0,1.0
Orbitrap,26.7589978525302,1,,
Orbitrap,26.760937474750303,1,,
Orbitrap,26.814032000000005,2,6.0,1.0
Orbitrap,26.817461999999995,4,6.0,1.0
Orbitrap,26.916480000000004,1,5.0,1.0
Orbitrap,27.006696000000005,1,6.0,1.0
Orbitrap,27.017622000000003,4,6.0,1.0
Orbitrap,27.062484999999995,1,6.0,1.0
Orbitrap,27.186705000000003,2,6.0,1.0
Orbitrap,27.317640000000004,2,5.0,1.0
Orbitrap,27.365004000000003,1,6.0,1.0
Orbitrap,27.3651286343402,1,,
Orbitrap,27.372708000000003,4,6.0,1.0
Orbitrap,27.373600000000003,2,4.0,1.0
Orbitrap,27.389208000000004,1,6.0,1.0
Orbitrap,27.450598000000003,1,6.0,1.0
Orbitrap,27.606624000000004,8,6.0,1.0
Orbitrap,27.640017000000004,4,6.0,1.0
Orbitrap,27.724563000000003,4,6.0,1.0
Orbitrap,27.737904000000004,2,6.0,1.0
Orbitrap,27.813410999999995,1,6.0,1.0
Orbitrap,27.822340000000004,4,5.0,1.0
Orbitrap,27.84563039999999,1,7.0,3.0
Orbitrap,27.850732200000003,2,7.0,1.0
Orbitrap,27.85963012413735,1,,
Orbitrap,27.875211000000004,2,6.0,1.0
Orbitrap,27.884104000000004,1,6.0,1.0
Orbitrap,27.930632000000003,1,6.0,1.0
Orbitrap,28.102224000000003,4,6.0,1.0
Orbitrap,28.202140000000004,1,5.0,1.0
Orbitrap,28.210455000000003,4,6.0,1.0
Orbitrap,28.214479999999995,1,5.0,1.0
Orbitrap,28.226028000000003,7,6.0,1.0
Orbitrap,28.227910000000005,1,5.0,1.0
Orbitrap,28.241768000000004,1,6.0,1.0
Orbitrap,28.26440999999999,1,5.0,3.0
Orbitrap,28.305228000000003,1,6.0,1.0
Orbitrap,28.414120000000004,1,5.0,1.0
Orbitrap,28.415980000000005,1,5.0,1.0
Orbitrap,28.446390000000005,2,5.0,1.0
Orbitrap,28.452264000000003,5,6.0,1.0
Orbitrap,28.572888000000003,1,6.0,1.0
Orbitrap,28.572978000000003,2,6.0,1.0
Orbitrap,28.615312000000003,1,6.0,1.0
Orbitrap,28.615509000000003,4,6.0,1.0
Orbitrap,28.635300000000004,1,4.0,1.0
Orbitrap,28.637784000000003,1,6.0,1.0
Orbitrap,28.659016000000005,1,6.0,1.0
Orbitrap,28.731912000000005,4,6.0,1.0
Orbitrap,28.735586999999995,1,6.0,1.0
Orbitrap,28.813744000000003,1,6.0,1.0
Orbitrap,28.813800000000004,4,4.0,1.0
Orbitrap,28.921620000000004,1,5.0,1.0
Orbitrap,28.971207000000003,4,6.0,1.0
Orbitrap,29.000888000000003,1,6.0,1.0
Orbitrap,29.016120000000004,2,5.0,1.0
Orbitrap,29.052276000000003,2,6.0,1.0
Orbitrap,29.057208000000003,9,6.0,1.0
Orbitrap,29.162740000000003,1,5.0,1.0
Orbitrap,29.162755540000003,1,8.0,1.0
Orbitrap,29.16408599999999,1,6.0,3.0
Orbitrap,29.203945600000004,1,7.0,1.0
Orbitrap,29.2659175923473,1,,
Orbitrap,29.277990000000003,2,5.0,1.0
Orbitrap,29.314960000000003,1,5.0,1.0
Orbitrap,29.347389000000003,1,6.0,1.0
Orbitrap,29.408819999999995,2,5.0,1.0
Orbitrap,29.459550000000004,1,5.0,1.0
Orbitrap,29.472982000000005,4,6.0,2.0
Orbitrap,29.510770000000004,1,5.0,1.0
Orbitrap,29.562304999999995,1,6.0,1.0
Orbitrap,29.562600000000003,3,4.0,1.0
Orbitrap,29.602400000000003,1,4.0,1.0
Orbitrap,29.617168000000003,1,6.0,1.0
Orbitrap,29.709864000000003,4,6.0,1.0
Orbitrap,29.713330000000003,1,5.0,1.0
Orbitrap,29.718490000000003,1,5.0,1.0
Orbitrap,29.720234999999995,8,6.0,1.0
Orbitrap,29.758260000000003,1,5.0,1.0
Orbitrap,29.760710000000003,4,5.0,1.0
Orbitrap,29.862800000000004,1,4.0,1.0
Orbitrap,29.907176000000003,8,6.0,1.0
Orbitrap,29.920060000000003,1,5.0,1.0
Orbitrap,30.014740000000003,4,5.0,1.0
Orbitrap,30.021624000000003,8,6.0,1.0
Orbitrap,30.062394999999995,1,6.0,1.0
Orbitrap,30.093087999999995,2,6.0,2.0
Orbitrap,30.107380000000003,1,5.0,1.0
Orbitrap,30.165786000000004,2,6.0,1.0
Orbitrap,30.174781000000003,4,6.0,1.0
Orbitrap,30.176568000000003,1,6.0,1.0
Orbitrap,30.244494000000003,4,6.0,1.0
Orbitrap,30.256352000000003,5,6.0,1.0
Orbitrap,30.404450000000004,1,5.0,1.0
Orbitrap,30.426350000000003,1,5.0,1.0
Orbitrap,30.45570068359375,1,,
Orbitrap,30.463905000000004,4,6.0,1.0
Orbitrap,30.497208000000004,5,6.0,1.0
Orbitrap,30.558010000000003,1,5.0,1.0
Orbitrap,30.602421000000003,1,6.0,1.0
Orbitrap,30.604574000000003,2,6.0,1.0
Orbitrap,30.696471000000003,1,6.0,1.0
Orbitrap,30.721812000000003,4,6.0,1.0
Orbitrap,30.795300000000005,6,4.0,1.0
Orbitrap,30.853776000000003,1,6.0,1.0
Orbitrap,30.868299000000004,1,6.0,1.0
Orbitrap,30.959992000000003,4,6.0,1.0
Orbitrap,30.972351000000003,2,6.0,1.0
Orbitrap,30.977409999999995,6,5.0,1.0
Orbitrap,30.993492000000003,1,6.0,1.0
Orbitrap,31.058816000000004,1,6.0,1.0
Orbitrap,31.061460000000004,1,5.0,1.0
Orbitrap,31.072380000000003,4,5.0,1.0
Orbitrap,31.208672000000004,1,6.0,1.0
Orbitrap,31.211865000000003,1,6.0,1.0
Orbitrap,31.257476000000004,1,6.0,1.0
Orbitrap,31.321620000000003,1,5.0,1.0
Orbitrap,31.322796000000004,3,6.0,1.0
Orbitrap,31.329738000000003,5,6.0,1.0
Orbitrap,31.441920000000003,1,5.0,1.0
Orbitrap,31.454232000000005,1,6.0,1.0
Orbitrap,31.473299000000004,2,6.0,1.0
Orbitrap,31.520670000000003,1,5.0,1.0
Orbitrap,31.562052000000005,1,6.0,1.0
Orbitrap,31.563294000000003,2,6.0,1.0
Orbitrap,31.658746000000004,1,6.0,1.0
Orbitrap,31.692708000000003,1,6.0,1.0
Orbitrap,31.756181999999995,1,6.0,1.0
Orbitrap,31.778226000000004,4,6.0,1.0
Orbitrap,31.801602000000003,1,6.0,1.0
Orbitrap,31.807572000000004,4,6.0,1.0
Orbitrap,31.857384000000003,2,6.0,1.0
Orbitrap,31.920264000000003,1,6.0,1.0
Orbitrap,31.955067000000003,1,6.0,1.0
Orbitrap,32.01184000000001,1,5.0,1.0
Orbitrap,32.05909200000001,2,6.0,1.0
Orbitrap,32.06064000000001,1,5.0,1.0
Orbitrap,32.06227200000001,14,6.0,1.0
Orbitrap,32.112936000000005,2,6.0,1.0
Orbitrap,32.113330000000005,2,5.0,1.0
Orbitrap,32.116814999999995,4,6.0,1.0
Orbitrap,32.116969999999995,2,5.0,1.0
Orbitrap,32.118900000000004,4,4.0,1.0
Orbitrap,32.147374000000006,4,6.0,1.0
Orbitrap,32.159375999999995,4,6.0,1.0
Orbitrap,32.178515999999995,5,6.0,1.0
Orbitrap,32.206630000000004,1,5.0,1.0
Orbitrap,32.232654000000004,8,6.0,1.0
Orbitrap,32.316109999999995,2,5.0,1.0
Orbitrap,32.323401000000004,3,6.0,1.0
Orbitrap,32.400760000000005,1,5.0,1.0
Orbitrap,32.415150000000004,4,5.0,1.0
Orbitrap,32.489920000000005,1,5.0,1.0
Orbitrap,32.531400000000005,1,4.0,1.0
Orbitrap,32.540316000000004,1,6.0,1.0
Orbitrap,32.641881999999995,4,6.0,1.0
Orbitrap,32.715540000000004,4,5.0,1.0
Orbitrap,32.763812009999995,1,8.0,1.0
Orbitrap,32.76908399999999,2,6.0,1.0
Orbitrap,32.776188000000005,2,6.0,1.0
Orbitrap,32.78116800000001,2,6.0,1.0
Orbitrap,32.782188000000005,4,6.0,1.0
Orbitrap,32.87070000000001,4,4.0,1.0
Orbitrap,32.876144999999994,4,6.0,1.0
Orbitrap,32.89752800000001,1,6.0,1.0
Orbitrap,32.97150500000001,1,6.0,1.0
Orbitrap,33.004296000000004,1,6.0,1.0
Orbitrap,33.00854399999999,1,6.0,1.0
Orbitrap,33.01985499999999,4,6.0,1.0
Orbitrap,33.027722000000004,8,6.0,1.0
Orbitrap,33.127584000000006,1,6.0,1.0
Orbitrap,33.129839999999994,4,5.0,1.0
Orbitrap,33.135335999999995,8,6.0,1.0
Orbitrap,33.136976000000004,2,6.0,1.0
Orbitrap,33.146936000000004,2,6.0,1.0
Orbitrap,33.197275999999995,1,6.0,1.0
Orbitrap,33.21404999999999,1,5.0,1.0
Orbitrap,33.218720000000005,1,5.0,1.0
Orbitrap,33.224520000000005,2,5.0,1.0
Orbitrap,33.27336999999999,4,5.0,1.0
Orbitrap,33.308184000000004,2,6.0,1.0
Orbitrap,33.461175000000004,4,6.0,1.0
Orbitrap,33.483276000000004,1,6.0,1.0
Orbitrap,33.517540000000004,2,5.0,1.0
Orbitrap,33.604935000000005,1,6.0,1.0
Orbitrap,33.616260000000004,1,5.0,1.0
Orbitrap,33.618050000000004,8,5.0,1.0
Orbitrap,33.61851599999999,8,6.0,1.0
Orbitrap,33.667019999999994,7,5.0,1.0
Orbitrap,33.752292000000004,4,6.0,1.0
Orbitrap,33.76472999999999,4,5.0,1.0
Orbitrap,33.764745000000005,4,6.0,1.0
Orbitrap,33.76949400000001,4,6.0,1.0
Orbitrap,33.84256800000001,1,6.0,1.0
Orbitrap,33.84342899999999,4,6.0,1.0
Orbitrap,33.850691999999995,1,6.0,1.0
Orbitrap,33.852546000000004,5,6.0,1.0
Orbitrap,33.854364000000004,2,6.0,1.0
Orbitrap,33.857375999999995,1,6.0,1.0
Orbitrap,33.867239999999995,1,5.0,1.0
Orbitrap,33.873492000000006,1,6.0,1.0
Orbitrap,33.913439999999994,5,5.0,1.0
Orbitrap,33.914379999999994,2,5.0,1.0
Orbitrap,34.023357000000004,2,6.0,1.0
Orbitrap,34.082063999999995,1,6.0,1.0
Orbitrap,34.104023999999995,2,6.0,1.0
Orbitrap,34.195344000000006,1,6.0,1.0
Orbitrap,34.20779399999999,1,6.0,1.0
Orbitrap,34.209467999999994,5,6.0,1.0
Orbitrap,34.217040000000004,1,5.0,1.0
Orbitrap,34.242936799999995,2,7.0,1.0
Orbitrap,34.253457000000004,4,6.0,1.0
Orbitrap,34.254335999999995,1,6.0,1.0
Orbitrap,34.323972000000005,1,6.0,1.0
Orbitrap,34.337256000000004,7,6.0,1.0
Orbitrap,34.38811799999999,1,6.0,1.0
Orbitrap,34.401222000000004,2,6.0,1.0
Orbitrap,34.44698399999999,4,6.0,1.0
Orbitrap,34.484714999999994,1,6.0,1.0
Orbitrap,34.51750500000001,11,6.0,1.0
Orbitrap,34.561581999999994,6,6.0,1.0
Orbitrap,34.567415999999994,4,6.0,1.0
Orbitrap,34.574760000000005,2,5.0,1.0
Orbitrap,34.656510000000004,4,5.0,1.0
Orbitrap,34.672380000000004,1,5.0,1.0
Orbitrap,34.688483999999995,2,6.0,1.0
Orbitrap,34.692263999999994,1,6.0,1.0
Orbitrap,34.734128000000005,16,6.0,1.0
Orbitrap,34.81621500000001,4,6.0,1.0
Orbitrap,34.816644000000004,4,6.0,1.0
Orbitrap,34.817415999999994,2,6.0,1.0
Orbitrap,34.821659999999994,4,5.0,1.0
Orbitrap,34.925616000000005,4,6.0,1.0
Orbitrap,34.929531000000004,4,6.0,1.0
Orbitrap,34.941168000000005,3,6.0,1.0
Orbitrap,34.944804000000005,4,6.0,1.0
Orbitrap,34.974256000000004,4,6.0,1.0
Orbitrap,35.015980000000006,8,5.0,1.0
Orbitrap,35.05804799999999,1,6.0,1.0
Orbitrap,35.0668656425051,1,,
Orbitrap,35.109756000000004,4,6.0,1.0
Orbitrap,35.14655199999999,1,6.0,1.0
Orbitrap,35.16843599999999,4,6.0,1.0
Orbitrap,35.168628000000005,1,6.0,1.0
Orbitrap,35.172239999999995,1,5.0,1.0
Orbitrap,35.17406400000001,1,6.0,1.0
Orbitrap,35.177952000000005,1,6.0,1.0
Orbitrap,35.219088000000006,6,6.0,1.0
Orbitrap,35.24991000000001,1,5.0,1.0
Orbitrap,35.292047999999994,1,6.0,1.0
Orbitrap,35.299296000000005,2,6.0,1.0
Orbitrap,35.299837999999994,1,6.0,1.0
Orbitrap,35.303580000000004,4,5.0,1.0
Orbitrap,35.38885499999999,2,6.0,1.0
Orbitrap,35.426027999999995,4,6.0,1.0
Orbitrap,35.448198000000005,2,6.0,1.0
Orbitrap,35.475120000000004,4,5.0,1.0
Orbitrap,35.522530399999994,1,7.0,1.0
Orbitrap,35.528400000000005,5,4.0,1.0
Orbitrap,35.536944000000005,4,6.0,1.0
Orbitrap,35.537409999999994,2,5.0,1.0
Orbitrap,35.53761599999999,4,6.0,1.0
Orbitrap,35.539739999999995,2,5.0,1.0
Orbitrap,35.557317000000005,4,6.0,1.0
Orbitrap,35.563401000000006,1,6.0,1.0
Orbitrap,35.612840000000006,4,5.0,1.0
Orbitrap,35.64667200000001,1,6.0,1.0
Orbitrap,35.724402000000005,1,6.0,1.0
Orbitrap,35.756615999999994,4,6.0,1.0
Orbitrap,35.757777000000004,2,6.0,1.0
Orbitrap,35.765414400000004,1,7.0,1.0
Orbitrap,35.77444800000001,1,6.0,1.0
Orbitrap,35.868579999999994,2,5.0,1.0
Orbitrap,35.872544999999995,4,6.0,1.0
Orbitrap,35.929418000000005,4,6.0,1.0
Orbitrap,35.933432800000006,2,7.0,1.0
Orbitrap,36.005447999999994,1,6.0,1.0
Orbitrap,36.019127999999995,4,6.0,1.0
Orbitrap,36.12010000000001,6,4.0,1.0
Orbitrap,36.135948000000006,2,6.0,1.0
Orbitrap,36.154410000000006,1,5.0,1.0
Orbitrap,36.169042000000005,2,6.0,1.0
Orbitrap,36.227374000000005,2,6.0,1.0
Orbitrap,36.261078000000005,1,6.0,1.0
Orbitrap,36.344688000000005,1,6.0,1.0
Orbitrap,36.43806000000001,2,5.0,1.0
Orbitrap,36.486672000000006,1,6.0,1.0
Orbitrap,36.602880000000006,1,5.0,1.0
Orbitrap,36.72976799999999,1,6.0,1.0
Orbitrap,36.73901600000001,1,6.0,1.0
Orbitrap,36.75813899999999,2,6.0,1.0
Orbitrap,36.77582999999999,6,5.0,1.0
Orbitrap,36.81703999999999,8,5.0,1.0
Orbitrap,36.84974400000001,4,6.0,1.0
Orbitrap,36.85847999999999,1,5.0,1.0
Orbitrap,36.97985499999999,8,6.0,1.0
Orbitrap,37.023770000000006,1,5.0,1.0
Orbitrap,37.050675000000005,1,6.0,1.0
Orbitrap,37.22597999999999,4,5.0,1.0
Orbitrap,37.352880000000006,4,5.0,1.0
Orbitrap,37.49896999999999,4,5.0,1.0
Orbitrap,37.585944000000005,1,6.0,1.0
Orbitrap,37.623056000000005,1,6.0,1.0
Orbitrap,37.62480600000001,4,6.0,1.0
Orbitrap,37.63870000000001,2,4.0,1.0
Orbitrap,37.68985200000001,1,6.0,1.0
Orbitrap,37.820440000000005,4,5.0,1.0
Orbitrap,37.928520000000006,2,5.0,1.0
Orbitrap,37.955408000000006,1,6.0,1.0
Orbitrap,37.963702000000005,1,6.0,1.0
Orbitrap,38.164944000000006,1,6.0,1.0
Orbitrap,38.244696000000005,2,6.0,1.0
Orbitrap,38.246010000000005,4,5.0,1.0
Orbitrap,38.259963000000006,2,6.0,1.0
Orbitrap,38.28537600000001,1,6.0,1.0
Orbitrap,38.31411599999999,1,6.0,1.0
Orbitrap,38.40313499999999,4,6.0,1.0
Orbitrap,38.40495000000001,1,5.0,1.0
Orbitrap,38.50138499999999,2,6.0,1.0
Orbitrap,38.522304000000005,1,6.0,1.0
Orbitrap,38.53948499999999,1,6.0,1.0
Orbitrap,38.62827600000001,3,6.0,1.0
Orbitrap,38.781048000000006,2,6.0,1.0
Orbitrap,38.796147000000005,4,6.0,1.0
Orbitrap,38.88577800000001,4,6.0,1.0
Orbitrap,38.93477000000001,1,5.0,1.0
Orbitrap,38.95127600000001,2,6.0,1.0
Orbitrap,38.954696000000006,4,6.0,1.0
Orbitrap,38.970065000000005,1,6.0,1.0
Orbitrap,39.02053200000001,4,6.0,1.0
Orbitrap,39.076336000000005,2,6.0,1.0
Orbitrap,39.109384000000006,4,6.0,1.0
Orbitrap,39.12917039999999,1,7.0,1.0
Orbitrap,39.12985200000001,1,6.0,1.0
Orbitrap,39.14680800000001,2,6.0,1.0
Orbitrap,39.14822100000001,4,6.0,1.0
Orbitrap,39.18041600000001,2,6.0,1.0
Orbitrap,39.371736000000006,1,6.0,1.0
Orbitrap,39.444840000000006,6,5.0,1.0
Orbitrap,39.48299600000001,1,6.0,1.0
Orbitrap,39.513588000000006,1,6.0,1.0
Orbitrap,39.54005899999999,2,6.0,1.0
Orbitrap,39.541264000000005,2,6.0,1.0
Orbitrap,39.607116000000005,1,6.0,1.0
Orbitrap,39.62397599999999,4,6.0,1.0
Orbitrap,39.759465000000006,4,6.0,1.0
Orbitrap,39.871376000000005,14,6.0,1.0
Orbitrap,39.91104599999999,1,6.0,1.0
Orbitrap,39.920556000000005,4,6.0,1.0
Orbitrap,40.065872000000006,2,6.0,1.0
Orbitrap,40.096188000000005,1,6.0,1.0
Orbitrap,40.18770000000001,2,4.0,1.0
Orbitrap,40.35546200000001,1,6.0,1.0
Orbitrap,40.484944000000006,1,6.0,1.0
Orbitrap,40.48941800000001,2,6.0,1.0
Orbitrap,40.66425000000001,1,5.0,1.0
Orbitrap,40.69573200000001,4,6.0,1.0
Orbitrap,40.84550599999999,6,6.0,1.0
Orbitrap,40.89695400000001,1,6.0,1.0
Orbitrap,40.908840000000005,1,5.0,1.0
Orbitrap,40.94533199999999,1,6.0,1.0
Orbitrap,40.962416000000005,2,6.0,1.0
Orbitrap,40.97758399999999,1,6.0,1.0
Orbitrap,41.02438000000001,1,5.0,1.0
Orbitrap,41.12191000000001,1,5.0,1.0
Orbitrap,41.137935000000006,4,6.0,1.0
Orbitrap,41.18398199999999,1,6.0,1.0
Orbitrap,41.42908799999999,1,6.0,1.0
Orbitrap,41.44123200000001,1,6.0,1.0
Orbitrap,41.46055199999999,4,6.0,1.0
Orbitrap,41.587784000000006,1,6.0,1.0
Orbitrap,41.599872000000005,4,6.0,1.0
Orbitrap,41.605886000000005,1,6.0,1.0
Orbitrap,41.62631999999999,1,5.0,1.0
Orbitrap,41.89101599999999,1,6.0,1.0
Orbitrap,41.91336999999999,4,5.0,1.0
Orbitrap,41.91983679999999,1,7.0,1.0
Orbitrap,42.02032500000001,2,6.0,1.0
Orbitrap,42.027412000000005,4,6.0,1.0
Orbitrap,42.11832999999999,2,5.0,1.0
Orbitrap,42.178208000000005,1,6.0,1.0
Orbitrap,42.317955000000005,2,6.0,1.0
Orbitrap,42.400774000000006,6,6.0,1.0
Orbitrap,42.44736999999999,2,5.0,1.0
Orbitrap,42.62118000000001,4,5.0,1.0
Orbitrap,42.65965799999999,1,6.0,1.0
Orbitrap,42.74227200000001,2,6.0,1.0
Orbitrap,42.85520400000001,1,6.0,1.0
Orbitrap,42.85779399999999,1,6.0,1.0
Orbitrap,42.892016000000005,6,6.0,1.0
Orbitrap,42.90468799999999,1,6.0,1.0
Orbitrap,42.988524000000005,1,6.0,1.0
Orbitrap,43.03438299999999,4,6.0,1.0
Orbitrap,43.097868000000005,3,6.0,1.0
Orbitrap,43.120560000000005,1,5.0,1.0
Orbitrap,43.190098000000006,4,6.0,1.0
Orbitrap,43.20732000000001,1,5.0,1.0
Orbitrap,43.22070000000001,4,4.0,1.0
Orbitrap,43.22738400000001,1,6.0,1.0
Orbitrap,43.33441199999999,5,6.0,1.0
Orbitrap,43.361084000000005,4,6.0,1.0
Orbitrap,43.36532999999999,1,5.0,1.0
Orbitrap,43.36961599999999,1,6.0,1.0
Orbitrap,43.375440000000005,10,5.0,1.0
Orbitrap,43.387088000000006,1,6.0,1.0
Orbitrap,43.45384800000001,4,6.0,1.0
Orbitrap,43.47161500000001,2,6.0,1.0
Orbitrap,43.50914999999999,1,5.0,1.0
Orbitrap,43.568084000000006,1,6.0,1.0
Orbitrap,43.581168000000005,4,6.0,1.0
Orbitrap,43.681005000000006,4,6.0,1.0
Orbitrap,43.689310000000006,1,5.0,1.0
Orbitrap,43.710488000000005,4,6.0,1.0
Orbitrap,43.803903000000005,2,6.0,1.0
Orbitrap,43.85026800000001,1,6.0,1.0
Orbitrap,43.92345600000001,1,6.0,1.0
Orbitrap,43.967580000000005,1,5.0,1.0
Orbitrap,43.98746799999999,6,6.0,1.0
Orbitrap,44.058372000000006,1,6.0,1.0
Orbitrap,44.129475000000006,4,6.0,1.0
Orbitrap,44.22005899999999,2,6.0,1.0
Orbitrap,44.42118000000001,4,5.0,1.0
Orbitrap,44.422005000000006,4,6.0,1.0
Orbitrap,44.42467499999999,2,6.0,1.0
Orbitrap,44.515744000000005,2,6.0,1.0
Orbitrap,44.71806000000001,1,5.0,1.0
Orbitrap,44.76757500000001,6,6.0,1.0
Orbitrap,44.82345600000001,5,6.0,1.0
Orbitrap,44.855298000000005,13,6.0,1.0
Orbitrap,44.97094800000001,4,6.0,1.0
Orbitrap,45.01142999999999,1,5.0,1.0
Orbitrap,45.02209499999999,8,6.0,1.0
Orbitrap,45.029385000000005,4,6.0,1.0
Orbitrap,45.12342400000001,1,6.0,1.0
Orbitrap,45.12769599999999,1,6.0,1.0
Orbitrap,45.13571999999999,2,5.0,1.0
Orbitrap,45.264852000000005,1,6.0,1.0
Orbitrap,45.315855000000006,4,6.0,1.0
Orbitrap,45.32080499999999,4,6.0,1.0
Orbitrap,45.38550599999999,5,6.0,1.0
Orbitrap,45.421552000000005,8,6.0,1.0
Orbitrap,45.50672399999999,4,6.0,1.0
Orbitrap,45.608340000000005,1,5.0,1.0
Orbitrap,45.61696499999999,1,6.0,1.0
Orbitrap,45.62860499999999,1,6.0,1.0
Orbitrap,45.662372000000005,6,6.0,1.0
Orbitrap,45.72597999999999,1,5.0,1.0
Orbitrap,45.730692000000005,9,6.0,1.0
Orbitrap,45.743736000000006,2,6.0,1.0
Orbitrap,45.74581200000001,4,6.0,1.0
Orbitrap,45.798753000000005,3,6.0,1.0
Orbitrap,45.911736000000005,4,6.0,1.0
Orbitrap,45.92171999999999,4,5.0,1.0
Orbitrap,45.923770000000005,1,5.0,1.0
Orbitrap,45.99943700000001,2,6.0,1.0
Orbitrap,46.018980000000006,4,5.0,1.0
Orbitrap,46.06669500000001,4,6.0,1.0
Orbitrap,46.08376199999999,4,6.0,1.0
Orbitrap,46.12052800000001,1,6.0,1.0
Orbitrap,46.274592000000005,1,6.0,1.0
Orbitrap,46.304128000000006,2,6.0,1.0
Orbitrap,46.35640500000001,1,6.0,1.0
Orbitrap,46.366656000000006,1,6.0,1.0
Orbitrap,46.403149000000006,2,6.0,1.0
Orbitrap,46.657008000000005,1,6.0,1.0
Orbitrap,46.66213499999999,4,6.0,1.0
Orbitrap,46.699512000000006,5,6.0,1.0
Orbitrap,46.73937600000001,1,6.0,1.0
Orbitrap,46.75296000000001,1,5.0,1.0
Orbitrap,46.882484000000005,2,6.0,1.0
Orbitrap,46.89741600000001,1,6.0,1.0
Orbitrap,47.043380000000006,2,5.0,1.0
Orbitrap,47.06740799999999,1,6.0,1.0
Orbitrap,47.10506899999999,2,6.0,1.0
Orbitrap,47.10603699999999,4,6.0,1.0
Orbitrap,47.10914999999999,1,5.0,1.0
Orbitrap,47.12080499999999,4,6.0,1.0
Orbitrap,47.12942999999999,6,5.0,1.0
Orbitrap,47.18134800000001,1,6.0,1.0
Orbitrap,47.184864000000005,1,6.0,1.0
Orbitrap,47.260425000000005,1,6.0,1.0
Orbitrap,47.26304999999999,2,5.0,1.0
Orbitrap,47.338215000000005,2,6.0,1.0
Orbitrap,47.343078000000006,1,6.0,1.0
Orbitrap,47.383472000000005,4,6.0,1.0
Orbitrap,47.38631999999999,2,5.0,1.0
Orbitrap,47.417868000000006,1,6.0,1.0
Orbitrap,47.52889600000001,1,6.0,1.0
Orbitrap,47.55524400000001,12,6.0,1.0
Orbitrap,47.57789999999999,2,4.0,1.0
Orbitrap,47.89079399999999,1,6.0,1.0
Orbitrap,48.03487199999999,1,6.0,1.0
Orbitrap,48.09096000000001,1,5.0,1.0
Orbitrap,48.24738000000001,1,5.0,1.0
Orbitrap,48.311592000000005,4,6.0,1.0
Orbitrap,48.420460000000006,2,5.0,1.0
Orbitrap,48.44620200000001,1,6.0,1.0
Orbitrap,48.449664000000006,1,6.0,1.0
Orbitrap,48.463575000000006,1,6.0,1.0
Orbitrap,48.476310000000005,2,5.0,1.0
Orbitrap,48.47947500000001,1,6.0,1.0
Orbitrap,48.48675599999999,1,6.0,1.0
Orbitrap,48.590728000000006,1,6.0,1.0
Orbitrap,48.596160000000005,1,5.0,1.0
Orbitrap,48.78746999999999,4,5.0,1.0
Orbitrap,48.79710000000001,1,4.0,1.0
Orbitrap,48.799386000000005,4,6.0,1.0
Orbitrap,48.886002000000005,1,6.0,1.0
Orbitrap,48.98960999999999,4,5.0,1.0
Orbitrap,49.13299200000001,4,6.0,1.0
Orbitrap,49.13780800000001,1,6.0,1.0
Orbitrap,49.16428200000001,2,6.0,1.0
Orbitrap,49.17328200000001,4,6.0,1.0
Orbitrap,49.245864000000005,4,6.0,1.0
Orbitrap,49.297495000000005,2,6.0,1.0
Orbitrap,49.33297199999999,4,6.0,1.0
Orbitrap,49.365522000000006,4,6.0,1.0
Orbitrap,49.477956000000006,4,6.0,1.0
Orbitrap,49.79209600000001,1,6.0,1.0
Orbitrap,49.82807999999999,1,5.0,1.0
Orbitrap,49.839220000000005,4,5.0,1.0
Orbitrap,49.865984000000005,2,6.0,1.0
Orbitrap,49.938984000000005,1,6.0,1.0
Orbitrap,49.997738000000005,1,6.0,1.0
Orbitrap,50.08021200000001,2,6.0,1.0
Orbitrap,50.15327800000001,1,6.0,1.0
Orbitrap,50.224914000000005,1,6.0,1.0
Orbitrap,50.25190799999999,4,6.0,1.0
Orbitrap,50.27139199999999,6,6.0,1.0
Orbitrap,50.588080000000005,4,5.0,1.0
Orbitrap,50.66628359999999,1,7.0,1.0
Orbitrap,50.76385200000001,1,6.0,1.0
Orbitrap,50.77603799999999,1,6.0,1.0
Orbitrap,50.810238000000005,1,6.0,1.0
Orbitrap,50.92990199999999,1,6.0,1.0
Orbitrap,51.141996000000006,1,6.0,1.0
Orbitrap,51.14452800000001,2,6.0,1.0
Orbitrap,51.67706400000001,4,6.0,1.0
Orbitrap,51.70806400000001,2,6.0,1.0
Orbitrap,51.80680400000001,1,6.0,1.0
Orbitrap,51.83327800000001,1,6.0,1.0
Orbitrap,51.84770400000001,4,6.0,1.0
Orbitrap,51.84878400000001,1,6.0,1.0
Orbitrap,51.885594000000005,1,6.0,1.0
Orbitrap,51.911370000000005,2,5.0,1.0
Orbitrap,52.03839599999999,1,6.0,1.0
Orbitrap,52.04361599999999,4,6.0,1.0
Orbitrap,52.11250799999999,1,6.0,1.0
Orbitrap,52.17247999999999,2,5.0,1.0
Orbitrap,52.203804000000005,4,6.0,1.0
Orbitrap,52.205808000000005,1,6.0,1.0
Orbitrap,52.32118500000001,1,6.0,1.0
Orbitrap,52.348116000000005,4,6.0,1.0
Orbitrap,52.37307599999999,1,6.0,1.0
Orbitrap,52.385526000000006,1,6.0,1.0
Orbitrap,52.38842400000001,4,6.0,1.0
Orbitrap,52.392942000000005,1,6.0,1.0
Orbitrap,52.41720600000001,4,6.0,1.0
Orbitrap,52.56478799999999,4,6.0,1.0
Orbitrap,52.582800000000006,1,4.0,1.0
Orbitrap,52.593120000000006,2,5.0,1.0
Orbitrap,52.72919399999999,6,6.0,1.0
Orbitrap,52.74178200000001,1,6.0,1.0
Orbitrap,52.75265399999999,4,6.0,1.0
Orbitrap,52.808994000000006,1,6.0,1.0
Orbitrap,52.828632000000006,2,6.0,1.0
Orbitrap,52.93807199999999,1,6.0,1.0
Orbitrap,52.95083399999999,1,6.0,1.0
Orbitrap,52.963710000000006,4,5.0,1.0
Orbitrap,52.97789999999999,2,4.0,1.0
Orbitrap,53.107200000000006,1,4.0,1.0
Orbitrap,53.30032200000001,2,6.0,1.0
Orbitrap,53.30541600000001,4,6.0,1.0
Orbitrap,53.30960999999999,2,5.0,1.0
Orbitrap,53.48428200000001,1,6.0,1.0
Orbitrap,53.49164799999999,1,6.0,1.0
Orbitrap,53.49328200000001,5,6.0,1.0
Orbitrap,53.62806400000001,2,6.0,1.0
Orbitrap,53.63492399999999,4,6.0,1.0
Orbitrap,53.782008000000005,2,6.0,1.0
Orbitrap,53.83105199999999,1,6.0,1.0
Orbitrap,53.845020000000005,1,5.0,1.0
Orbitrap,53.87233500000001,4,6.0,1.0
Orbitrap,54.035244000000006,4,6.0,1.0
Orbitrap,54.180150000000005,4,5.0,1.0
Orbitrap,54.317310000000006,4,5.0,1.0
Orbitrap,54.38496599999999,4,6.0,1.0
Orbitrap,54.453255000000006,1,6.0,1.0
Orbitrap,54.48738099999999,3,6.0,1.0
Orbitrap,54.54045000000001,2,5.0,1.0
Orbitrap,54.57518999999999,2,5.0,1.0
Orbitrap,54.61105499999999,4,6.0,1.0
Orbitrap,54.63528000000001,2,5.0,1.0
Orbitrap,54.730008000000005,1,6.0,1.0
Orbitrap,54.74035799999999,1,6.0,1.0
Orbitrap,54.74720000000001,2,4.0,1.0
Orbitrap,54.77841600000001,1,6.0,1.0
Orbitrap,54.83963800000001,2,6.0,1.0
Orbitrap,54.888464000000006,1,6.0,1.0
Orbitrap,54.93981800000001,2,6.0,1.0
Orbitrap,55.049330000000005,1,5.0,1.0
Orbitrap,55.21324800000001,4,6.0,1.0
Orbitrap,55.28003400000001,5,6.0,1.0
Orbitrap,55.29889200000001,4,6.0,1.0
Orbitrap,55.32992099999999,4,6.0,1.0
Orbitrap,55.44912600000001,4,6.0,1.0
Orbitrap,55.47580800000001,1,6.0,1.0
Orbitrap,55.526925000000006,4,6.0,1.0
Orbitrap,55.62682199999999,1,6.0,1.0
Orbitrap,55.66263000000001,1,5.0,1.0
Orbitrap,55.701464400000006,1,7.0,1.0
Orbitrap,55.75042200000001,2,6.0,1.0
Orbitrap,55.82558399999999,1,6.0,1.0
Orbitrap,56.108976000000006,7,6.0,1.0
Orbitrap,56.11400999999999,1,5.0,1.0
Orbitrap,56.26172999999999,1,5.0,1.0
Orbitrap,56.452056000000006,2,6.0,1.0
Orbitrap,56.50975999999999,2,5.0,1.0
Orbitrap,56.52881999999999,1,5.0,2.0
Orbitrap,56.53097999999999,1,5.0,1.0
Orbitrap,56.840641000000005,2,6.0,1.0
Orbitrap,56.89278000000001,2,5.0,1.0
Orbitrap,56.97981800000001,2,6.0,1.0
Orbitrap,57.03720200000001,4,6.0,1.0
Orbitrap,57.09347999999999,2,5.0,1.0
Orbitrap,57.145776000000005,1,6.0,1.0
Orbitrap,57.17222399999999,9,6.0,1.0
Orbitrap,57.27060000000001,1,4.0,1.0
Orbitrap,57.27556800000001,1,6.0,1.0
Orbitrap,57.31803200000001,1,6.0,1.0
Orbitrap,57.449304000000005,1,6.0,1.0
Orbitrap,57.46382400000001,9,6.0,1.0
Orbitrap,57.62528999999999,5,5.0,1.0
Orbitrap,57.74923499999999,1,6.0,1.0
Orbitrap,57.94241400000001,4,6.0,1.0
Orbitrap,57.971934000000005,1,6.0,1.0
Orbitrap,58.104552000000005,2,6.0,1.0
Orbitrap,58.171572000000005,2,6.0,1.0
Orbitrap,58.20570000000001,4,4.0,1.0
Orbitrap,58.32817199999999,1,6.0,2.0
Orbitrap,58.345428000000005,2,6.0,1.0
Orbitrap,58.433662000000005,4,6.0,1.0
Orbitrap,58.621770000000005,1,5.0,1.0
Orbitrap,58.62722599999999,4,6.0,1.0
Orbitrap,58.69477800000001,1,6.0,1.0
Orbitrap,58.72186799999999,1,6.0,1.0
Orbitrap,58.813272000000005,1,6.0,1.0
Orbitrap,58.828455000000005,1,6.0,1.0
Orbitrap,58.874058000000005,1,6.0,1.0
Orbitrap,58.890654000000005,1,6.0,1.0
Orbitrap,59.19139799999999,2,6.0,1.0
Orbitrap,59.23479999999999,2,4.0,1.0
Orbitrap,59.243730000000006,1,5.0,1.0
Orbitrap,59.272335000000005,1,6.0,1.0
Orbitrap,59.279475000000005,2,6.0,1.0
Orbitrap,59.419728000000006,2,6.0,1.0
Orbitrap,59.52716600000001,8,6.0,1.0
Orbitrap,59.54848499999999,1,6.0,1.0
Orbitrap,59.605830000000005,8,5.0,1.0
Orbitrap,59.61427200000001,1,6.0,1.0
Orbitrap,59.64122999999999,2,5.0,1.0
Orbitrap,59.713170000000005,1,5.0,1.0
Orbitrap,59.72560000000001,1,4.0,1.0
Orbitrap,59.81435200000001,4,6.0,1.0
Orbitrap,60.01964999999999,1,5.0,1.0
Orbitrap,60.02945999999999,4,5.0,1.0
Orbitrap,60.098808000000005,2,6.0,1.0
Orbitrap,60.309225000000005,1,6.0,1.0
Orbitrap,60.33157200000001,2,6.0,1.0
Orbitrap,60.353136000000006,1,6.0,1.0
Orbitrap,60.51270400000001,2,6.0,1.0
Orbitrap,60.993953000000005,2,6.0,1.0
Orbitrap,61.055313000000005,4,6.0,1.0
Orbitrap,61.204842000000006,1,6.0,1.0
Orbitrap,61.218810000000005,4,5.0,1.0
Orbitrap,61.392942000000005,1,6.0,1.0
Orbitrap,61.40332600000001,2,6.0,1.0
Orbitrap,61.40417000000001,4,5.0,1.0
Orbitrap,61.45958399999999,1,6.0,1.0
Orbitrap,61.57387799999999,5,6.0,1.0
Orbitrap,61.59060000000001,6,4.0,1.0
Orbitrap,61.66317599999999,1,6.0,1.0
Orbitrap,61.73659800000001,1,6.0,1.0
Orbitrap,61.749522000000006,1,6.0,1.0
Orbitrap,61.82930399999999,5,6.0,1.0
Orbitrap,61.91998400000001,2,6.0,1.0
Orbitrap,62.287974000000006,1,6.0,1.0
Orbitrap,62.29810499999999,2,6.0,1.0
Orbitrap,62.41734400000001,1,6.0,1.0
Orbitrap,62.423730000000006,1,5.0,1.0
Orbitrap,62.883840000000006,1,5.0,1.0
Orbitrap,62.89315439999999,1,7.0,1.0
Orbitrap,63.12410400000001,1,6.0,1.0
Orbitrap,63.51236399999999,1,6.0,1.0
Orbitrap,63.55645200000001,4,6.0,1.0
Orbitrap,63.68332600000001,2,6.0,1.0
Orbitrap,63.71476800000001,2,6.0,1.0
Orbitrap,63.910134000000006,1,6.0,1.0
Orbitrap,64.12454400000001,6,6.0,1.0
Orbitrap,64.22587200000001,2,6.0,1.0
Orbitrap,64.27212399999999,1,6.0,1.0
Orbitrap,64.28280600000001,1,6.0,1.0
Orbitrap,64.29474800000001,2,6.0,1.0
Orbitrap,64.31875199999999,6,6.0,1.0
Orbitrap,64.36631999999999,2,5.0,1.0
Orbitrap,64.46595500000001,2,6.0,1.0
Orbitrap,64.63221999999999,2,5.0,1.0
Orbitrap,64.64680200000001,10,6.0,1.0
Orbitrap,64.68809999999999,1,4.0,1.0
Orbitrap,65.27847799999999,2,6.0,1.0
Orbitrap,65.30006399999999,2,6.0,1.0
Orbitrap,65.46191999999999,1,5.0,1.0
Orbitrap,65.54190000000001,2,4.0,1.0
Orbitrap,65.55237600000001,2,6.0,1.0
Orbitrap,65.56233600000002,2,6.0,1.0
Orbitrap,65.57938499999999,1,6.0,1.0
Orbitrap,65.58535499999999,2,6.0,1.0
Orbitrap,65.72608199999999,2,6.0,1.0
Orbitrap,65.79505600000002,1,6.0,1.0
Orbitrap,65.84275600000001,1,6.0,1.0
Orbitrap,66.00859200000001,1,6.0,1.0
Orbitrap,66.01708799999999,1,6.0,1.0
Orbitrap,66.05544400000001,4,6.0,1.0
Orbitrap,66.25516800000001,1,6.0,1.0
Orbitrap,66.27067199999999,8,6.0,1.0
Orbitrap,66.27395200000001,2,6.0,1.0
Orbitrap,66.29387200000001,2,6.0,1.0
Orbitrap,66.53036200000001,6,6.0,1.0
Orbitrap,66.61636800000001,8,6.0,1.0
Orbitrap,66.75635199999999,1,6.0,1.0
Orbitrap,66.83297999999999,2,5.0,1.0
Orbitrap,66.84561500000001,1,6.0,1.0
Orbitrap,66.94076400000002,4,6.0,1.0
Orbitrap,67.03508000000001,2,5.0,1.0
Orbitrap,67.20987000000001,1,5.0,1.0
Orbitrap,67.23247839999999,1,7.0,1.0
Orbitrap,67.23252000000001,1,5.0,1.0
Orbitrap,67.23610000000001,4,4.0,1.0
Orbitrap,67.28538400000001,4,6.0,1.0
Orbitrap,67.36357799999999,4,6.0,1.0
Orbitrap,67.52945999999999,2,5.0,1.0
Orbitrap,67.67526400000001,2,6.0,1.0
Orbitrap,67.67908499999999,2,6.0,1.0
Orbitrap,67.68685799999999,4,6.0,1.0
Orbitrap,67.69694100000001,2,6.0,1.0
Orbitrap,67.70138399999999,1,6.0,1.0
Orbitrap,67.71306299999999,2,6.0,1.0
Orbitrap,67.82687999999999,1,5.0,1.0
Orbitrap,67.89201599999998,2,6.0,1.0
Orbitrap,67.90653599999999,1,6.0,1.0
Orbitrap,68.19270399999999,2,6.0,1.0
Orbitrap,68.20804799999999,2,6.0,1.0
Orbitrap,68.22767999999999,2,5.0,1.0
Orbitrap,68.23829100000002,2,6.0,1.0
Orbitrap,68.26484699999999,2,6.0,1.0
Orbitrap,68.39108999999999,2,5.0,1.0
Orbitrap,68.41558799999999,1,6.0,1.0
Orbitrap,68.49355800000001,4,6.0,1.0
Orbitrap,68.59603800000001,2,6.0,1.0
Orbitrap,68.64794400000001,1,6.0,1.0
Orbitrap,68.94894599999999,4,6.0,1.0
Orbitrap,68.96942999999999,1,5.0,1.0
Orbitrap,69.13483199999999,4,6.0,1.0
Orbitrap,69.34476000000001,1,5.0,1.0
Orbitrap,69.38452799999999,1,6.0,1.0
Orbitrap,69.46825600000001,6,6.0,1.0
Orbitrap,69.56939299999999,2,6.0,1.0
Orbitrap,69.57630900000001,4,6.0,1.0
Orbitrap,69.76733999999999,1,5.0,1.0
Orbitrap,69.85123200000001,4,6.0,1.0
Orbitrap,69.85906200000001,4,6.0,1.0
Orbitrap,69.88233600000001,2,6.0,1.0
Orbitrap,69.95237599999999,6,6.0,1.0
Orbitrap,70.03196000000001,6,5.0,1.0
Orbitrap,70.21951200000001,5,6.0,1.0
Orbitrap,70.33725600000001,1,6.0,1.0
Orbitrap,70.34812800000002,1,6.0,1.0
Orbitrap,70.38683400000001,2,6.0,1.0
Orbitrap,70.49982000000001,1,5.0,1.0
Orbitrap,70.58409599999999,1,6.0,1.0
Orbitrap,70.62867600000001,2,6.0,1.0
Orbitrap,70.63719999999999,2,4.0,1.0
Orbitrap,70.96480199999999,1,6.0,1.0
Orbitrap,71.01507400000001,2,6.0,1.0
Orbitrap,71.08175999999999,2,5.0,1.0
Orbitrap,71.09544199999999,2,6.0,1.0
Orbitrap,71.11463400000001,4,6.0,1.0
Orbitrap,71.12680200000001,1,6.0,1.0
Orbitrap,71.13663199999999,2,6.0,1.0
Orbitrap,71.22568000000001,4,5.0,1.0
Orbitrap,71.25272899999999,2,6.0,1.0
Orbitrap,71.31711200000001,2,6.0,1.0
Orbitrap,71.46527999999999,2,5.0,1.0
Orbitrap,71.54889600000001,1,6.0,1.0
Orbitrap,71.69297999999999,1,5.0,1.0
Orbitrap,71.81688500000001,2,6.0,1.0
Orbitrap,71.86686560000001,1,7.0,1.0
Orbitrap,72.01089599999999,1,6.0,1.0
Orbitrap,72.24020000000002,2,4.0,1.0
Orbitrap,72.27189600000001,2,6.0,1.0
Orbitrap,72.31094999999999,1,5.0,1.0
Orbitrap,72.33885000000001,1,5.0,1.0
Orbitrap,72.45474800000001,2,6.0,1.0
Orbitrap,72.47105099999999,2,6.0,1.0
Orbitrap,72.52202399999999,1,6.0,1.0
Orbitrap,72.97334400000001,1,6.0,1.0
Orbitrap,73.20576000000001,1,5.0,1.0
Orbitrap,73.32211199999999,1,6.0,1.0
Orbitrap,73.63407999999998,6,5.0,1.0
Orbitrap,73.69948800000002,2,6.0,1.0
Orbitrap,73.77322799999999,4,6.0,1.0
Orbitrap,73.95685499999999,10,6.0,1.0
Orbitrap,73.96988400000001,4,6.0,1.0
Orbitrap,73.99744199999999,1,6.0,1.0
Orbitrap,74.01943800000001,1,6.0,1.0
Orbitrap,74.20194000000001,2,5.0,1.0
Orbitrap,74.28240600000001,2,6.0,1.0
Orbitrap,74.32029399999999,2,6.0,1.0
Orbitrap,74.33006900000001,2,6.0,1.0
Orbitrap,74.44226400000001,1,6.0,1.0
Orbitrap,74.59233599999999,4,6.0,1.0
Orbitrap,74.69879399999999,1,6.0,1.0
Orbitrap,74.75772599999999,2,6.0,1.0
Orbitrap,74.79897600000001,2,6.0,1.0
Orbitrap,74.81196800000001,4,6.0,1.0
Orbitrap,74.90296799999999,1,6.0,1.0
Orbitrap,74.90847600000001,1,6.0,1.0
Orbitrap,74.92795199999999,2,6.0,1.0
Orbitrap,75.03854399999999,6,6.0,1.0
Orbitrap,75.08733500000001,2,6.0,1.0
Orbitrap,75.10089599999999,1,6.0,1.0
Orbitrap,75.37970400000002,1,6.0,1.0
Orbitrap,75.44406599999999,2,6.0,1.0
Orbitrap,75.63653819999999,1,7.0,1.0
Orbitrap,75.63658500000001,1,6.0,1.0
Orbitrap,75.66128700000002,2,6.0,1.0
Orbitrap,75.84230000000001,2,4.0,1.0
Orbitrap,75.85704000000001,2,5.0,1.0
Orbitrap,75.97801799999999,1,6.0,1.0
Orbitrap,75.99942539999999,1,7.0,1.0
Orbitrap,76.53338799999999,2,6.0,1.0
Orbitrap,76.68628199999999,1,6.0,1.0
Orbitrap,76.71043800000001,1,6.0,1.0
Orbitrap,76.89248699999999,2,6.0,1.0
Orbitrap,76.90013099999999,4,6.0,1.0
Orbitrap,77.00523999999999,2,5.0,1.0
Orbitrap,77.04909599999999,1,6.0,1.0
Orbitrap,77.06011199999999,1,6.0,1.0
Orbitrap,77.07896999999998,1,5.0,1.0
Orbitrap,77.08102199999999,2,6.0,1.0
Orbitrap,77.23958400000001,2,6.0,1.0
Orbitrap,77.28662999999999,4,5.0,1.0
Orbitrap,77.48382400000001,4,6.0,1.0
Orbitrap,77.59229400000001,4,6.0,1.0
Orbitrap,77.76939999999999,1,4.0,1.0
Orbitrap,77.77155600000002,4,6.0,1.0
Orbitrap,78.12298799999999,1,6.0,1.0
Orbitrap,78.21876800000001,2,6.0,1.0
Orbitrap,78.25970400000001,1,6.0,1.0
Orbitrap,78.30602999999999,1,5.0,1.0
Orbitrap,78.44167999999999,1,5.0,1.0
Orbitrap,78.52217399999999,4,6.0,1.0
Orbitrap,78.69558099999999,1,6.0,1.0
Orbitrap,78.74347200000001,1,6.0,1.0
Orbitrap,79.02717600000001,1,6.0,1.0
Orbitrap,79.02759599999999,1,6.0,1.0
Orbitrap,79.21423200000001,1,6.0,1.0
Orbitrap,79.44957600000001,1,6.0,1.0
Orbitrap,79.63441499999999,2,6.0,1.0
Orbitrap,80.12026399999999,2,6.0,1.0
Orbitrap,80.19237600000001,1,6.0,1.0
Orbitrap,80.28233999999999,2,5.0,1.0
Orbitrap,80.28633599999999,4,6.0,1.0
Orbitrap,80.44043699999999,4,6.0,1.0
Orbitrap,80.51932000000001,2,5.0,1.0
Orbitrap,80.85022380000001,1,7.0,1.0
Orbitrap,81.03977099999999,2,6.0,1.0
Orbitrap,81.05286600000001,2,6.0,1.0
Orbitrap,81.32850000000002,1,4.0,1.0
Orbitrap,81.32867999999999,1,5.0,1.0
Orbitrap,81.36330099999999,2,6.0,1.0
Orbitrap,81.39225599999999,1,6.0,1.0
Orbitrap,81.47667000000001,1,5.0,1.0
Orbitrap,81.56136599999999,4,6.0,1.0
Orbitrap,81.60645600000001,1,6.0,1.0
Orbitrap,81.94427999999999,2,5.0,1.0
Orbitrap,82.58788799999999,1,6.0,1.0
Orbitrap,82.61599199999999,4,6.0,1.0
Orbitrap,82.63558799999998,1,6.0,1.0
Orbitrap,82.81895999999999,1,5.0,1.0
Orbitrap,82.82753600000001,4,6.0,1.0
Orbitrap,83.07623000000001,4,5.0,1.0
Orbitrap,83.55219660000002,1,7.0,1.0
Orbitrap,83.59566000000001,4,5.0,1.0
Orbitrap,83.62563300000001,2,6.0,1.0
Orbitrap,83.72080799999999,1,6.0,1.0
Orbitrap,84.04065000000001,1,5.0,1.0
Orbitrap,84.04124399999999,2,6.0,1.0
Orbitrap,84.05482400000001,2,6.0,1.0
Orbitrap,84.22395300000001,2,6.0,1.0
Orbitrap,84.65497200000001,1,6.0,1.0
Orbitrap,84.88316999999999,1,5.0,1.0
Orbitrap,85.21351200000001,1,6.0,1.0
Orbitrap,85.31931599999999,1,6.0,1.0
Orbitrap,85.64732000000001,4,5.0,1.0
Orbitrap,86.19573600000001,2,6.0,1.0
Orbitrap,86.38019600000001,2,6.0,1.0
Orbitrap,86.56893000000001,2,5.0,1.0
Orbitrap,86.65288799999999,1,6.0,1.0
Orbitrap,86.68824000000001,2,5.0,1.0
Orbitrap,86.72216800000001,2,6.0,1.0
Orbitrap,86.73065999999999,1,5.0,1.0
Orbitrap,86.91038400000001,1,6.0,1.0
Orbitrap,86.98456200000001,2,6.0,1.0
Orbitrap,87.05678200000001,2,6.0,1.0
Orbitrap,87.21734699999999,2,6.0,1.0
Orbitrap,87.21864500000001,4,6.0,1.0
Orbitrap,87.30921000000001,1,5.0,1.0
Orbitrap,87.32157000000001,1,5.0,1.0
Orbitrap,87.40316800000001,2,6.0,1.0
Orbitrap,87.43398300000001,6,6.0,1.0
Orbitrap,87.64276799999999,1,6.0,1.0
Orbitrap,87.84691200000002,1,6.0,1.0
Orbitrap,87.92936999999999,1,5.0,1.0
Orbitrap,87.93516000000001,1,5.0,1.0
Orbitrap,88.01807699999999,2,6.0,1.0
Orbitrap,88.10143099999999,4,6.0,1.0
Orbitrap,88.11674400000001,1,6.0,1.0
Orbitrap,88.78709699999999,2,6.0,1.0
Orbitrap,88.84401000000001,2,5.0,1.0
Orbitrap,88.92079000000001,2,5.0,1.0
Orbitrap,89.14047000000001,1,5.0,1.0
Orbitrap,89.31854399999999,1,6.0,1.0
Orbitrap,89.43612000000002,1,5.0,1.0
Orbitrap,89.81810399999999,4,6.0,1.0
Orbitrap,89.83358199999999,1,6.0,1.0
Orbitrap,89.94189600000001,4,6.0,1.0
Orbitrap,90.01361999999999,1,5.0,1.0
Orbitrap,90.02285999999998,1,5.0,1.0
Orbitrap,90.04418999999999,2,5.0,1.0
Orbitrap,90.27143999999998,2,5.0,1.0
Orbitrap,91.39210500000002,4,6.0,1.0
Orbitrap,92.71281000000002,1,5.0,1.0
Orbitrap,96.94832999999998,2,5.0,1.0
Orbitrap,96.95895000000002,1,5.0,1.0
Orbitrap,101.85980399999998,1,6.0,1.0
Orbitrap,104.07679199999998,1,6.0,1.0
Orbitrap,104.77684800000002,2,6.0,1.0
Orbitrap,105.48356400000002,1,6.0,1.0
Orbitrap,105.87614399999998,1,6.0,1.0
Orbitrap,106.60064400000002,2,6.0,1.0
Orbitrap,106.71232299999998,2,6.0,1.0
Orbitrap,107.28338399999998,1,6.0,1.0
Orbitrap,109.40116600000002,2,6.0,1.0
Orbitrap,110.65984199999998,4,6.0,1.0
Orbitrap,111.25364399999998,1,6.0,1.0
Orbitrap,113.05763999999998,1,5.0,2.0
Orbitrap,113.78556000000002,2,5.0,1.0
Orbitrap,114.18695999999998,2,5.0,1.0
Orbitrap,114.54120000000002,1,4.0,1.0
Orbitrap,116.65634399999998,1,6.0,2.0
Orbitrap,118.38279599999998,2,6.0,1.0
Orbitrap,118.78154999999998,4,5.0,1.0
Orbitrap,119.09696999999998,1,5.0,1.0
Orbitrap,120.03929999999998,1,4.0,1.0
Orbitrap,124.39307999999998,2,5.0,1.0
Orbitrap,128.45174400000002,2,6.0,1.0
Orbitrap,128.73263999999998,2,5.0,1.0
Orbitrap,128.93191000000002,2,5.0,1.0
Orbitrap,129.26443999999998,2,5.0,1.0
Orbitrap,129.37619999999998,1,4.0,1.0
Orbitrap,131.15876999999998,1,5.0,1.0
Orbitrap,131.45216399999998,1,6.0,1.0
Orbitrap,134.10422999999997,1,5.0,1.0
Orbitrap,134.72715599999998,4,6.0,1.0
Orbitrap,135.72766199999998,2,6.0,1.0
Orbitrap,136.57379999999998,2,4.0,1.0
Orbitrap,136.78217999999998,2,5.0,1.0
Orbitrap,137.93885999999998,1,5.0,1.0
Orbitrap,139.53467999999998,1,5.0,1.0
Orbitrap,142.25360400000002,1,6.0,1.0
Orbitrap,142.45136000000002,2,5.0,1.0
Orbitrap,147.99488399999998,1,6.0,1.0
Orbitrap,148.64651999999998,2,5.0,1.0
Orbitrap,149.33339999999998,6,4.0,1.0
Orbitrap,151.95603599999998,1,6.0,1.0
Orbitrap,153.37256399999998,1,6.0,1.0
Orbitrap,154.47916800000002,2,6.0,1.0
Orbitrap,155.80617500000002,2,6.0,1.0
Orbitrap,158.05519199999998,1,6.0,1.0
Orbitrap,158.44754200000003,2,6.0,1.0
Orbitrap,160.56467999999998,2,5.0,1.0
Orbitrap,162.95334000000005,1,5.0,2.0
Orbitrap,163.88855999999998,2,5.0,1.0
Orbitrap,167.44161599999998,1,6.0,1.0
Orbitrap,177.57419399999998,2,6.0,1.0
Orbitrap,178.28094000000002,1,5.0,1.0
Orbitrap,194.06429999999995,1,4.0,2.0
Orbitrap,213.93712800000003,1,6.0,1.0
Orbitrap,273.14759999999995,2,4.0,1.0
Orbitrap,355.14838799999995,2,6.0,1.0
QTOF,20.700000000000003,2,1.0,1.0
QTOF,22.200000000000003,2,1.0,1.0
QTOF,23.450000000000003,4,2.0,1.0
QTOF,24.450000000000003,2,2.0,1.0
QTOF,24.700000000000003,4,1.0,1.0
QTOF,25.700000000000003,6,1.0,1.0
QTOF,25.950000000000003,2,2.0,1.0
QTOF,27.200000000000003,4,1.0,1.0
QTOF,27.700000000000003,2,1.0,1.0
QTOF,28.450000000000003,8,2.0,1.0
QTOF,32.650000000000006,2,2.0,1.0
QTOF,63.63738239999999,2,7.0,1.0
