case_id,family_id,variant,truth_family,g1_success,first_failing_condition,failing_conditions,root_cause_class,mechanism,g_spearman,g_spearman_gate,spearman_pass,trajectory_mae,per_energy_mean_mae,trajectory_mae_ratio,trajectory_ratio_gate,trajectory_pass,a1_status_sealed,a1_status_recomputed,a1_status_reproduced,m0_accepted,a1_fired_detectors,a1_blocking_detectors,m1_evaluable,m1_practical_wins,m1_fired,m2_evaluable,m2_practical_wins,m2_fired,m3_evaluable,m3_practical_wins,m3_fired,min_evaluable_required,min_practical_wins_required,boundary_limited_compounds_m1,boundary_limited_compounds_m2,boundary_limited_compounds_m3,unresolved_compounds_m0_fit,unresolved_compounds_m1_fit,unresolved_compounds_m2_fit,unresolved_compounds_m3_fit,dominant_bound_hit,shape_a_lo,shape_a_hi,shape_amplitude,mu_max,scaffolds_train,scaffolds_test,compounds_train,compounds_test,observed_energies_min,missing_cell_fraction,mass_range_ratio,descriptor_sd,acceptance_status,acceptance_gate_reached
PB|held_out|F01|r000,F01,F01,mass_affine_descriptor,True,NONE,,NONE_SUCCESS,all three G1 conjuncts satisfied,1.0,0.8,True,0.0002942897217721477,0.051889947507840734,0.005671420687555708,0.8,True,M0_NOT_REJECTED,M0_NOT_REJECTED,True,True,,,30,3,False,30,3,False,30,0,False,24,20,0,0,0,0,0,0,0,,0.9416076721986184,0.31924874427824995,0.6223589279203685,0.9488457940024078,20,5,120,30,6,0.0,4.522091678493538,0.17918707460317101,REJECTED_UNSTABLE,stability
PB|held_out|F01|r001,F01,F01,mass_affine_descriptor,True,NONE,,NONE_SUCCESS,all three G1 conjuncts satisfied,1.0,0.8,True,0.0001688544761373432,0.03661582004152148,0.004611516987626282,0.8,True,M0_NOT_REJECTED,M0_NOT_REJECTED,True,True,,,30,4,False,30,5,False,30,3,False,24,20,0,0,0,0,0,0,0,,0.9723728910953571,0.3110562144419225,0.6613166766534346,0.9723728910953571,20,5,120,30,6,0.0,4.110879989587676,0.22253205518729788,REJECTED_UNSTABLE,stability
PB|held_out|F01|r002,F01,F01,mass_affine_descriptor,True,NONE,,NONE_SUCCESS,all three G1 conjuncts satisfied,1.0,0.8,True,9.400464414024238e-05,0.044275708857661314,0.0021231651974777167,0.8,True,M0_NOT_REJECTED,M0_NOT_REJECTED,True,True,,,30,9,False,30,15,False,30,1,False,24,20,0,0,0,0,0,0,0,,0.9677780617933959,0.31177277641774837,0.6560052853756475,0.9677780617933959,20,5,120,30,6,0.0,5.922691787879838,0.2044653914043467,REJECTED_UNSTABLE,stability
PB|held_out|F01|r003,F01,F01,mass_affine_descriptor,True,NONE,,NONE_SUCCESS,all three G1 conjuncts satisfied,1.0,0.8,True,0.00015771017731771217,0.057686922109562534,0.0027338982831876407,0.8,True,M0_NOT_REJECTED,M0_NOT_REJECTED,True,True,,,30,0,False,30,1,False,30,0,False,24,20,0,0,0,0,0,0,0,,0.9777831233058769,0.2595074578155008,0.7182756654903761,0.9777831233058769,20,5,120,30,6,0.0,3.447669272589205,0.19161499132564622,REJECTED_UNSTABLE,stability
PB|held_out|F01|r004,F01,F01,mass_affine_descriptor,True,NONE,,NONE_SUCCESS,all three G1 conjuncts satisfied,1.0,0.8,True,8.846614745781773e-05,0.05266439931134659,0.001679809294601745,0.8,True,M0_NOT_REJECTED,M0_NOT_REJECTED,True,True,,,30,7,False,30,10,False,30,4,False,24,20,0,0,0,0,0,0,0,,0.9552419604201052,0.2237289061746046,0.7315130542455006,0.9562969776160131,20,5,120,30,6,0.0,5.001595010980741,0.2167749465909128,REJECTED_UNSTABLE,stability
PB|held_out|F01|r005,F01,F01,mass_affine_descriptor,True,NONE,,NONE_SUCCESS,all three G1 conjuncts satisfied,1.0,0.8,True,0.00020076696547348917,0.06659298240174293,0.0030148366724634715,0.8,True,M0_NOT_REJECTED,M0_NOT_REJECTED,True,True,,,30,11,False,30,11,False,30,1,False,24,20,0,0,0,0,0,0,0,,0.970823606036938,0.24141214150733917,0.7294114645295988,0.9764981920710565,20,5,120,30,6,0.0,4.563319723021405,0.16574131356725272,REJECTED_UNSTABLE,stability
PB|held_out|F01|r006,F01,F01,mass_affine_descriptor,True,NONE,,NONE_SUCCESS,all three G1 conjuncts satisfied,1.0,0.8,True,6.287676374316807e-05,0.047032892327797456,0.0013368678945990856,0.8,True,M0_NOT_REJECTED,M0_NOT_REJECTED,True,True,,,30,7,False,30,6,False,30,1,False,24,20,0,0,0,0,0,0,0,,0.9431545943406373,0.26000889951691036,0.6831456948237269,0.9431545943406373,20,5,120,30,6,0.0,4.040354703844936,0.1920718742507448,REJECTED_UNSTABLE,stability
PB|held_out|F01|r007,F01,F01,mass_affine_descriptor,True,NONE,,NONE_SUCCESS,all three G1 conjuncts satisfied,1.0,0.8,True,0.0001205758609388473,0.05457558552083718,0.002209337010096043,0.8,True,M0_NOT_REJECTED,M0_NOT_REJECTED,True,True,,,30,17,False,30,15,False,30,1,False,24,20,0,0,0,0,0,0,0,,0.9777635694710236,0.2828070702687082,0.6949564992023154,0.9777635694710236,20,5,120,30,6,0.0,6.051089674930312,0.21725505233344689,REJECTED_UNSTABLE,stability
PB|held_out|F01|r008,F01,F01,mass_affine_descriptor,True,NONE,,NONE_SUCCESS,all three G1 conjuncts satisfied,1.0,0.8,True,0.00023686797009142156,0.047858026611442235,0.0049493885741371015,0.8,True,M0_NOT_REJECTED,M0_NOT_REJECTED,True,True,,,30,17,False,30,18,False,30,3,False,24,20,0,0,0,0,0,0,0,,0.9407018726372707,0.19708612843362372,0.743615744203647,0.9407018726372707,20,5,120,30,6,0.0,6.107158064977455,0.20559328344716285,REJECTED_UNSTABLE,stability
PB|held_out|F01|r009,F01,F01,mass_affine_descriptor,True,NONE,,NONE_SUCCESS,all three G1 conjuncts satisfied,1.0,0.8,True,0.00017014470159134936,0.053970222183183994,0.0031525662617035316,0.8,True,M0_NOT_REJECTED,M0_NOT_REJECTED,True,True,,,30,8,False,30,12,False,30,3,False,24,20,0,0,0,0,0,0,0,,0.9729070490539806,0.21397562437694603,0.7589314246770346,0.9729070490539806,20,5,120,30,6,0.0,4.48401120434208,0.21317295384518695,REJECTED_UNSTABLE,stability
PB|held_out|F01|r010,F01,F01,mass_affine_descriptor,True,NONE,,NONE_SUCCESS,all three G1 conjuncts satisfied,1.0,0.8,True,0.00021850158946436245,0.053855703185824284,0.004057167143662432,0.8,True,M0_NOT_REJECTED,M0_NOT_REJECTED,True,True,,,30,7,False,30,6,False,30,5,False,24,20,0,0,0,0,0,0,0,,0.9325675151831334,0.283867961863911,0.6486995533192224,0.9407032953194554,20,5,120,30,6,0.0,4.544415354115241,0.19745258480658232,REJECTED_UNSTABLE,stability
PB|held_out|F01|r011,F01,F01,mass_affine_descriptor,True,NONE,,NONE_SUCCESS,all three G1 conjuncts satisfied,1.0,0.8,True,0.0002771410323553763,0.04104562204949983,0.006752024174981493,0.8,True,M0_NOT_REJECTED,M0_NOT_REJECTED,True,True,,,30,6,False,30,5,False,30,3,False,24,20,0,0,0,0,0,0,0,,0.9673040699326175,0.35840509961934275,0.6088989703132748,0.9673040699326175,20,5,120,30,6,0.0,9.136298861912028,0.1959677480952298,REJECTED_UNSTABLE,stability
PB|held_out|F02|r000,F02,F02,mass_affine_descriptor,False,m0_accepted,m0_accepted,MODEL_ADEQUACY_LIMITATION,"A1 returned BOUNDARY_LIMITED; blocked by M3 on evaluability, not by any detector firing.  Both continuous competence conditions passed.",0.9733036707452726,0.8,True,0.02664741188891941,0.05096276914524807,0.5228799834830816,0.8,True,BOUNDARY_LIMITED,BOUNDARY_LIMITED,True,False,,M3,30,5,False,27,8,False,14,1,False,24,20,0,3,16,0,0,3,16,M3:low_energy_plateau@upper,0.9684128924472452,0.2318765967206858,0.7365362957265593,0.9999,20,5,120,30,6,0.0,4.7850768719880294,0.21796608231594058,UNEVALUABLE,a1_adequacy
PB|held_out|F02|r001,F02,F02,mass_affine_descriptor,False,m0_accepted,m0_accepted,MODEL_ADEQUACY_LIMITATION,"A1 returned BOUNDARY_LIMITED; blocked by M3 on evaluability, not by any detector firing.  Both continuous competence conditions passed.",0.9670745272525029,0.8,True,0.028695346094194267,0.05678498090755804,0.5053333757549073,0.8,True,BOUNDARY_LIMITED,BOUNDARY_LIMITED,True,False,,M3,30,6,False,25,5,False,21,4,False,24,20,0,5,9,0,0,5,9,M3:low_energy_plateau@upper,0.9587271551617159,0.3459320347855622,0.6127951203761537,0.9999,20,5,120,30,6,0.0,4.293825627556664,0.22844253205964601,UNEVALUABLE,a1_adequacy
PB|held_out|F02|r002,F02,F02,mass_affine_descriptor,False,m0_accepted,m0_accepted,MODEL_ADEQUACY_LIMITATION,"A1 returned BOUNDARY_LIMITED; blocked by M3 on evaluability, not by any detector firing.  Both continuous competence conditions passed.",0.9519466073414905,0.8,True,0.029576657619759306,0.05622651378913698,0.5260268799641202,0.8,True,BOUNDARY_LIMITED,BOUNDARY_LIMITED,True,False,,M3,30,10,False,25,3,False,5,4,False,24,20,0,5,25,0,0,5,25,M3:low_energy_plateau@upper,0.9999,0.33976802146193524,0.6601319785380648,0.9999,20,5,120,30,6,0.0,4.23279350464595,0.19407321843690492,UNEVALUABLE,a1_adequacy
PB|held_out|F02|r003,F02,F02,mass_affine_descriptor,False,m0_accepted,m0_accepted,MODEL_ADEQUACY_LIMITATION,"A1 returned BOUNDARY_LIMITED; blocked by M3 on evaluability, not by any detector firing.  Both continuous competence conditions passed.",0.9479421579532814,0.8,True,0.028984471115461184,0.04821145314379001,0.6011947208688232,0.8,True,BOUNDARY_LIMITED,BOUNDARY_LIMITED,True,False,,M3,30,10,False,30,8,False,14,4,False,24,20,0,0,16,0,0,0,16,M3:low_energy_plateau@upper,0.9898715322230582,0.2862737351957446,0.7035977970273136,0.9926672076532748,20,5,120,30,6,0.0,5.2708246225775826,0.24347217281965627,UNEVALUABLE,a1_adequacy
PB|held_out|F02|r004,F02,F02,mass_affine_descriptor,True,NONE,,NONE_SUCCESS,all three G1 conjuncts satisfied,0.9377085650723025,0.8,True,0.0326374699092506,0.05335850963581189,0.6116638214225115,0.8,True,M0_NOT_REJECTED,M0_NOT_REJECTED,True,True,,,30,4,False,29,10,False,25,6,False,24,20,0,1,5,0,0,1,5,M3:low_energy_plateau@upper,0.9363831292621806,0.21150734462363108,0.7248757846385495,0.9819962482865856,20,5,120,30,6,0.0,4.62280549875634,0.2139793627034023,REJECTED_CEILING,ceiling
PB|held_out|F02|r005,F02,F02,mass_affine_descriptor,False,m0_accepted,m0_accepted,MODEL_ADEQUACY_LIMITATION,"A1 returned BOUNDARY_LIMITED; blocked by M3 on evaluability, not by any detector firing.  Both continuous competence conditions passed.",0.9777530589543939,0.8,True,0.030044913972548888,0.06428687034758943,0.46735692389597694,0.8,True,BOUNDARY_LIMITED,BOUNDARY_LIMITED,True,False,,M3,30,2,False,26,8,False,21,6,False,24,20,0,4,9,0,0,4,9,M3:low_energy_plateau@upper,0.960087964591566,0.27204091734884495,0.688047047242721,0.9999,20,5,120,30,6,0.0,6.169415830051182,0.20394091721613616,UNEVALUABLE,a1_adequacy
PB|held_out|F02|r006,F02,F02,mass_affine_descriptor,False,m0_accepted,m0_accepted,MODEL_ADEQUACY_LIMITATION,"A1 returned BOUNDARY_LIMITED; blocked by M3 on evaluability, not by any detector firing.  Both continuous competence conditions passed.",0.9830923248053391,0.8,True,0.026637701900418538,0.08227558401837462,0.3237619303251562,0.8,True,BOUNDARY_LIMITED,BOUNDARY_LIMITED,True,False,,M3,30,2,False,24,5,False,7,3,False,24,20,0,6,23,0,0,6,23,M3:low_energy_plateau@upper,0.9999,0.28339522008165646,0.7165047799183435,0.9999,20,5,120,30,6,0.0,5.279594602972547,0.19609813863090755,UNEVALUABLE,a1_adequacy
PB|held_out|F02|r007,F02,F02,mass_affine_descriptor,True,NONE,,NONE_SUCCESS,all three G1 conjuncts satisfied,0.9684093437152391,0.8,True,0.029437504605595924,0.06557910958541309,0.4488853964577734,0.8,True,M0_NOT_REJECTED,M0_NOT_REJECTED,True,True,,,30,7,False,25,6,False,25,4,False,24,20,0,5,5,0,0,5,5,M2:high_energy_asymptote@lower,0.9331922901991794,0.1995445463883337,0.7336477438108457,0.9976308961678766,20,5,120,30,6,0.0,5.197761254606253,0.18134111727767727,STRUCTURAL_ACCEPTED,all_passed
PB|held_out|F02|r008,F02,F02,mass_affine_descriptor,False,m0_accepted,m0_accepted,MODEL_ADEQUACY_LIMITATION,"A1 returned BOUNDARY_LIMITED; blocked by M3 on evaluability, not by any detector firing.  Both continuous competence conditions passed.",0.9550611790878754,0.8,True,0.026009094413815034,0.04610562062791081,0.5641198200913057,0.8,True,BOUNDARY_LIMITED,BOUNDARY_LIMITED,True,False,,M3,30,5,False,30,6,False,13,8,False,24,20,0,0,17,0,0,0,17,M3:low_energy_plateau@upper,0.9864543381884324,0.29049573282985747,0.6959586053585749,0.9999,20,5,120,30,6,0.0,5.430129042188703,0.21848007422559404,UNEVALUABLE,a1_adequacy
PB|held_out|F02|r009,F02,F02,mass_affine_descriptor,False,m0_accepted,m0_accepted,MODEL_ADEQUACY_LIMITATION,"A1 returned BOUNDARY_LIMITED; blocked by M3 on evaluability, not by any detector firing.  Both continuous competence conditions passed.",0.9679644048943271,0.8,True,0.026361475747756904,0.05252454318964581,0.5018887199566079,0.8,True,BOUNDARY_LIMITED,BOUNDARY_LIMITED,True,False,,M3,30,5,False,28,8,False,12,0,False,24,20,0,2,18,0,0,2,18,M3:low_energy_plateau@upper,0.9931129149705554,0.31973057162208435,0.6733823433484711,0.9999,20,5,120,30,6,0.0,4.036145757038378,0.26676096270423055,UNEVALUABLE,a1_adequacy
PB|held_out|F02|r010,F02,F02,mass_affine_descriptor,False,m0_accepted,m0_accepted,MODEL_ADEQUACY_LIMITATION,"A1 returned BOUNDARY_LIMITED; blocked by M3 on evaluability, not by any detector firing.  Both continuous competence conditions passed.",0.9795328142380423,0.8,True,0.027326012105121603,0.058604572489338785,0.46627781663440493,0.8,True,BOUNDARY_LIMITED,BOUNDARY_LIMITED,True,False,,M3,30,5,False,26,8,False,20,6,False,24,20,0,4,10,0,0,4,10,M3:low_energy_plateau@upper,0.9582411215175645,0.25819612056710667,0.7000450009504577,0.9999,20,5,120,30,6,0.0,4.220124235081721,0.2069820196127742,UNEVALUABLE,a1_adequacy
PB|held_out|F02|r011,F02,F02,mass_affine_descriptor,False,m0_accepted,m0_accepted,MODEL_ADEQUACY_LIMITATION,"A1 returned BOUNDARY_LIMITED; blocked by M3 on evaluability, not by any detector firing.  Both continuous competence conditions passed.",0.9087875417130145,0.8,True,0.027103575583985406,0.03754919656535807,0.7218150603251647,0.8,True,BOUNDARY_LIMITED,BOUNDARY_LIMITED,True,False,,M3,30,7,False,28,7,False,9,4,False,24,20,0,2,21,0,0,2,21,M3:low_energy_plateau@upper,0.9999,0.3844228694570555,0.6154771305429445,0.9999,20,5,120,30,6,0.0,4.075541790337564,0.23540197113224776,UNEVALUABLE,a1_adequacy
PB|held_out|F03|r000,F03,F03,mass_affine_descriptor,False,g_spearman,g_spearman|m0_accepted,MODEL_ADEQUACY_LIMITATION,A1 returned BOUNDARY_LIMITED (blocked by M2+M3) and the case also failed g_spearman,0.6725250278086763,0.8,False,0.05563989443665322,0.07662704630858966,0.7261129994830058,0.8,True,BOUNDARY_LIMITED,BOUNDARY_LIMITED,True,False,,M2|M3,27,6,False,20,10,False,12,0,False,24,20,3,10,18,0,3,10,18,M3:low_energy_plateau@upper,0.9636482453890435,0.4418453080021256,0.5218029373869179,0.9999,20,5,120,30,6,0.0,3.983415358637672,0.21057377785370296,UNEVALUABLE,a1_adequacy
PB|held_out|F03|r001,F03,F03,mass_affine_descriptor,False,m0_accepted,m0_accepted,MODEL_ADEQUACY_LIMITATION,"A1 returned BOUNDARY_LIMITED; blocked by M2+M3 on evaluability, not by any detector firing.  Both continuous competence conditions passed.",0.9599555061179088,0.8,True,0.05268095782917517,0.07540983317037107,0.6985953371645145,0.8,True,BOUNDARY_LIMITED,BOUNDARY_LIMITED,True,False,,M2|M3,28,4,False,22,2,False,6,1,False,24,20,2,8,24,0,2,8,24,M3:low_energy_plateau@upper,0.9999,0.26857732257804806,0.7313226774219519,0.9999,20,5,120,30,6,0.0,6.21826256827486,0.19305621517863608,UNEVALUABLE,a1_adequacy
PB|held_out|F03|r002,F03,F03,mass_affine_descriptor,False,g_spearman,g_spearman|m0_accepted,MODEL_ADEQUACY_LIMITATION,A1 returned BOUNDARY_LIMITED (blocked by M2+M3) and the case also failed g_spearman,0.75706340378198,0.8,False,0.05196439874800591,0.07028238889647004,0.7393658577051561,0.8,True,BOUNDARY_LIMITED,BOUNDARY_LIMITED,True,False,,M2|M3,30,4,False,20,5,False,16,2,False,24,20,0,10,14,0,0,10,14,M3:low_energy_plateau@upper,0.9484007889671483,0.2686353255944753,0.6797654633726731,0.9999,20,5,120,30,6,0.0,4.585996848498861,0.19407015990987048,UNEVALUABLE,a1_adequacy
PB|held_out|F03|r003,F03,F03,mass_affine_descriptor,False,trajectory_mae_ratio,trajectory_mae_ratio|m0_accepted,MODEL_ADEQUACY_LIMITATION,A1 returned BOUNDARY_LIMITED (blocked by M2+M3) and the case also failed trajectory_mae_ratio,0.9568409343715237,0.8,True,0.05795991362708836,0.07188726104534189,0.8062612594257966,0.8,False,BOUNDARY_LIMITED,BOUNDARY_LIMITED,True,False,,M2|M3,27,6,False,18,5,False,10,1,False,24,20,3,12,20,0,3,12,20,M3:low_energy_plateau@upper,0.9597381277427074,0.22250262109936128,0.7372355066433461,0.9999,20,5,120,30,6,0.0,4.176342627268187,0.19861673282331177,UNEVALUABLE,a1_adequacy
PB|held_out|F03|r004,F03,F03,mass_affine_descriptor,False,g_spearman,g_spearman|trajectory_mae_ratio|m0_accepted,MODEL_ADEQUACY_LIMITATION,"A1 returned BOUNDARY_LIMITED (blocked by M2+M3) and the case also failed g_spearman, trajectory_mae_ratio",0.6925472747497218,0.8,False,0.058680609903237285,0.060423678998233844,0.9711525493995904,0.8,False,BOUNDARY_LIMITED,BOUNDARY_LIMITED,True,False,,M2|M3,26,5,False,22,7,False,10,4,False,24,20,4,8,20,0,4,8,20,M3:low_energy_plateau@upper,0.9999,0.22789063689418018,0.7720093631058198,0.9999,20,5,120,30,6,0.0,5.941952876259629,0.18194417852902955,UNEVALUABLE,a1_adequacy
PB|held_out|F03|r005,F03,F03,mass_affine_descriptor,False,trajectory_mae_ratio,trajectory_mae_ratio|m0_accepted,MODEL_ADEQUACY_LIMITATION,A1 returned BOUNDARY_LIMITED (blocked by M2+M3) and the case also failed trajectory_mae_ratio,0.8020022246941045,0.8,True,0.060486072282061494,0.07217930042825754,0.8379974857498307,0.8,False,BOUNDARY_LIMITED,BOUNDARY_LIMITED,True,False,,M2|M3,26,6,False,23,8,False,6,2,False,24,20,4,7,24,0,4,7,24,M3:low_energy_plateau@upper,0.9999,0.3292264357067897,0.6706735642932102,0.9999,20,5,120,30,6,0.0,5.197234076316594,0.20870048641359842,UNEVALUABLE,a1_adequacy
PB|held_out|F03|r006,F03,F03,mass_affine_descriptor,False,trajectory_mae_ratio,trajectory_mae_ratio|m0_accepted,MODEL_ADEQUACY_LIMITATION,A1 returned BOUNDARY_LIMITED (blocked by M2+M3) and the case also failed trajectory_mae_ratio,0.8206896551724139,0.8,True,0.05518123711873992,0.06690174949813268,0.8248100764581665,0.8,False,BOUNDARY_LIMITED,BOUNDARY_LIMITED,True,False,,M2|M3,30,6,False,21,9,False,11,4,False,24,20,0,9,19,0,0,9,19,M3:low_energy_plateau@upper,0.985325285805942,0.2586370973074768,0.7266881884984653,0.9999,20,5,120,30,6,0.0,5.384391240166659,0.20542544697390594,UNEVALUABLE,a1_adequacy
PB|held_out|F03|r007,F03,F03,mass_affine_descriptor,False,trajectory_mae_ratio,trajectory_mae_ratio|m0_accepted,MODEL_ADEQUACY_LIMITATION,A1 returned BOUNDARY_LIMITED (blocked by M2+M3) and the case also failed trajectory_mae_ratio,0.8727474972191324,0.8,True,0.052315133549039876,0.059803623473318364,0.8747820033409931,0.8,False,BOUNDARY_LIMITED,BOUNDARY_LIMITED,True,False,,M2|M3,28,4,False,22,5,False,13,3,False,24,20,2,8,17,0,2,8,17,M3:low_energy_plateau@upper,0.971833129673575,0.2208202909144189,0.7510128387591561,0.9999,20,5,120,30,6,0.0,4.213872386419786,0.23637989536909304,UNEVALUABLE,a1_adequacy
PB|held_out|F03|r008,F03,F03,mass_affine_descriptor,False,m0_accepted,m0_accepted,MODEL_ADEQUACY_LIMITATION,"A1 returned BOUNDARY_LIMITED; blocked by M2+M3 on evaluability, not by any detector firing.  Both continuous competence conditions passed.",0.9630700778642937,0.8,True,0.05488532408618996,0.08968085276403825,0.6120071608886262,0.8,True,BOUNDARY_LIMITED,BOUNDARY_LIMITED,True,False,,M2|M3,30,4,False,22,5,False,16,2,False,24,20,0,8,14,0,0,8,14,M3:low_energy_plateau@upper,0.9430091230149323,0.13884511756765922,0.8041640054472732,0.9999,20,5,120,30,6,0.0,4.693173786518858,0.22613391185303028,UNEVALUABLE,a1_adequacy
PB|held_out|F03|r009,F03,F03,mass_affine_descriptor,False,trajectory_mae_ratio,trajectory_mae_ratio|m0_accepted,MODEL_ADEQUACY_LIMITATION,A1 returned BOUNDARY_LIMITED (blocked by M2+M3) and the case also failed trajectory_mae_ratio,0.818020022246941,0.8,True,0.05554435397339983,0.06918189020771652,0.8028741887021242,0.8,False,BOUNDARY_LIMITED,BOUNDARY_LIMITED,True,False,,M2|M3,28,4,False,21,4,False,9,6,False,24,20,2,9,21,0,2,9,21,M3:low_energy_plateau@upper,0.9999,0.3538203289869996,0.6460796710130003,0.9999,20,5,120,30,6,0.0,5.64172015794434,0.2049744924289501,UNEVALUABLE,a1_adequacy
PB|held_out|F03|r010,F03,F03,mass_affine_descriptor,False,trajectory_mae_ratio,trajectory_mae_ratio|m0_accepted,MODEL_ADEQUACY_LIMITATION,A1 returned BOUNDARY_LIMITED (blocked by M2+M3) and the case also failed trajectory_mae_ratio,0.8674082313681868,0.8,True,0.05529282843574674,0.06603544990906639,0.8373203864270979,0.8,False,BOUNDARY_LIMITED,BOUNDARY_LIMITED,True,False,,M2|M3,29,9,False,22,8,False,13,7,False,24,20,1,8,17,0,1,8,17,M3:low_energy_plateau@upper,0.9777751903831952,0.2516853584949638,0.7260898318882314,0.9999,20,5,120,30,6,0.0,6.097640098622903,0.2130679562445131,UNEVALUABLE,a1_adequacy
PB|held_out|F03|r011,F03,F03,mass_affine_descriptor,False,trajectory_mae_ratio,trajectory_mae_ratio|m0_accepted,MODEL_ADEQUACY_LIMITATION,A1 returned BOUNDARY_LIMITED (blocked by M3) and the case also failed trajectory_mae_ratio,0.8278086763070076,0.8,True,0.06104688857691987,0.06340684012252121,0.9627808050197549,0.8,False,BOUNDARY_LIMITED,BOUNDARY_LIMITED,True,False,,M3,27,7,False,24,4,False,22,2,False,24,20,3,6,8,0,3,6,8,M3:low_energy_plateau@upper,0.9521723819772573,0.3980289994426829,0.5541433825345744,0.9999,20,5,120,30,6,0.0,4.238989827247052,0.2328412455297689,UNEVALUABLE,a1_adequacy
PB|held_out|F04|r000,F04,F04,mass_affine_descriptor,False,m0_accepted,m0_accepted,MODEL_ADEQUACY_LIMITATION,"A1 returned BOUNDARY_LIMITED; blocked by M3 on evaluability, not by any detector firing.  Both continuous competence conditions passed.",0.9599555061179088,0.8,True,0.02117212632935589,0.040258252176289325,0.5259077377886145,0.8,True,BOUNDARY_LIMITED,BOUNDARY_LIMITED,True,False,,M3,30,7,False,27,7,False,22,4,False,24,20,0,3,8,0,0,3,8,M3:low_energy_plateau@upper,0.9566190568081409,0.23830541119109747,0.7183136456170434,0.9999,20,5,120,30,5,0.16666666666666663,4.434215783896397,0.227707248914326,UNEVALUABLE,a1_adequacy
PB|held_out|F04|r001,F04,F04,mass_affine_descriptor,True,NONE,,NONE_SUCCESS,all three G1 conjuncts satisfied,0.9701890989988877,0.8,True,0.018492426480817985,0.046269496984905525,0.39966776571724477,0.8,True,M0_NOT_REJECTED,M0_NOT_REJECTED,True,True,,,30,7,False,27,6,False,29,5,False,24,20,0,3,1,0,0,3,1,M3:low_energy_plateau@upper,0.9432829269131693,0.2360538459324672,0.707229080980702,0.9641351676149352,20,5,120,30,5,0.16666666666666663,4.757950248737217,0.236209002784762,REJECTED_UNSTABLE,stability
PB|held_out|F04|r002,F04,F04,mass_affine_descriptor,True,NONE,,NONE_SUCCESS,all three G1 conjuncts satisfied,0.9777530589543939,0.8,True,0.02028898425190422,0.04545214724187403,0.44638120491725497,0.8,True,M0_NOT_REJECTED,M0_NOT_REJECTED,True,True,,,30,10,False,26,10,False,25,7,False,24,20,0,4,5,0,0,4,5,M3:low_energy_plateau@upper,0.9515640813321311,0.30465620798660786,0.6469078733455232,0.9801765288222415,20,5,120,30,5,0.16666666666666663,4.412499134097304,0.23144115981338043,STRUCTURAL_ACCEPTED,all_passed
PB|held_out|F04|r003,F04,F04,mass_affine_descriptor,False,m0_accepted,m0_accepted,MODEL_ADEQUACY_LIMITATION,"A1 returned BOUNDARY_LIMITED; blocked by M3 on evaluability, not by any detector firing.  Both continuous competence conditions passed.",0.9839822024471635,0.8,True,0.018794657416586036,0.04778056836848831,0.3933535756971294,0.8,True,BOUNDARY_LIMITED,BOUNDARY_LIMITED,True,False,,M3,30,9,False,28,9,False,13,3,False,24,20,0,2,17,0,0,2,17,M3:low_energy_plateau@upper,0.99196554826629,0.43788367184689925,0.5540818764193908,0.9999,20,5,120,30,5,0.16666666666666663,6.341713078784873,0.18477993423217692,UNEVALUABLE,a1_adequacy
PB|held_out|F04|r004,F04,F04,mass_affine_descriptor,False,m0_accepted,m0_accepted,MODEL_ADEQUACY_LIMITATION,"A1 returned BOUNDARY_LIMITED; blocked by M3 on evaluability, not by any detector firing.  Both continuous competence conditions passed.",0.9795328142380423,0.8,True,0.016661736323937547,0.052306456413112636,0.3185407207160881,0.8,True,BOUNDARY_LIMITED,BOUNDARY_LIMITED,True,False,,M3,30,6,False,26,7,False,17,4,False,24,20,0,4,13,0,0,4,13,M3:low_energy_plateau@upper,0.9880072233990438,0.28839603359161076,0.6996111898074331,0.9880072233990438,20,5,120,30,5,0.16666666666666663,5.459359935300249,0.20386020861509233,UNEVALUABLE,a1_adequacy
PB|held_out|F04|r005,F04,F04,mass_affine_descriptor,False,m0_accepted,m0_accepted,MODEL_ADEQUACY_LIMITATION,"A1 returned BOUNDARY_LIMITED; blocked by M3 on evaluability, not by any detector firing.  Both continuous competence conditions passed.",0.9888765294771968,0.8,True,0.021973677462450495,0.06249964940888249,0.35158081157696197,0.8,True,BOUNDARY_LIMITED,BOUNDARY_LIMITED,True,False,,M3,30,5,False,26,8,False,12,4,False,24,20,0,4,18,0,0,4,18,M3:low_energy_plateau@upper,0.9856021287232171,0.21616926102223188,0.7694328677009852,0.9999,20,5,120,30,5,0.16666666666666663,7.767027982562301,0.21168524532600538,UNEVALUABLE,a1_adequacy
PB|held_out|F04|r006,F04,F04,mass_affine_descriptor,True,NONE,,NONE_SUCCESS,all three G1 conjuncts satisfied,0.9768631813125697,0.8,True,0.01785068742003304,0.05081395147070764,0.3512950066542906,0.8,True,M0_NOT_REJECTED,M0_NOT_REJECTED,True,True,,,30,5,False,29,4,False,25,5,False,24,20,0,1,5,0,0,1,5,M3:low_energy_plateau@upper,0.9716071664775927,0.30299011705119916,0.6686170494263936,0.9999,20,5,120,30,5,0.16666666666666663,5.235772885341212,0.21851281206001555,STRUCTURAL_ACCEPTED,all_passed
PB|held_out|F04|r007,F04,F04,mass_affine_descriptor,False,m0_accepted,m0_accepted,MODEL_ADEQUACY_LIMITATION,"A1 returned BOUNDARY_LIMITED; blocked by M2+M3 on evaluability, not by any detector firing.  Both continuous competence conditions passed.",0.9612903225806452,0.8,True,0.020886363710716605,0.0423737387081371,0.4929082103087062,0.8,True,BOUNDARY_LIMITED,BOUNDARY_LIMITED,True,False,,M2|M3,30,6,False,23,7,False,19,3,False,24,20,0,7,11,0,0,7,11,M3:low_energy_plateau@upper,0.973015250144381,0.3405182415637766,0.6324970085806043,0.9999,20,5,120,30,5,0.16666666666666663,4.233735229531729,0.20428657133781655,UNEVALUABLE,a1_adequacy
PB|held_out|F04|r008,F04,F04,mass_affine_descriptor,False,m0_accepted,m0_accepted,MODEL_ADEQUACY_LIMITATION,"A1 returned BOUNDARY_LIMITED; blocked by M3 on evaluability, not by any detector firing.  Both continuous competence conditions passed.",0.9795328142380423,0.8,True,0.01859605002261269,0.060264834484057395,0.3085721579063182,0.8,True,BOUNDARY_LIMITED,BOUNDARY_LIMITED,True,False,,M3,30,4,False,27,10,False,15,1,False,24,20,0,3,15,0,0,3,15,M3:low_energy_plateau@upper,0.976124763670559,0.20821676511993162,0.7679079985506274,0.9981477375916911,20,5,120,30,5,0.16666666666666663,5.863875033547128,0.2073043689025124,UNEVALUABLE,a1_adequacy
PB|held_out|F04|r009,F04,F04,mass_affine_descriptor,False,m0_accepted,m0_accepted,MODEL_ADEQUACY_LIMITATION,"A1 returned BOUNDARY_LIMITED; blocked by M3 on evaluability, not by any detector firing.  Both continuous competence conditions passed.",0.9875417130144604,0.8,True,0.019814761351956343,0.07136801883773984,0.2776420261434829,0.8,True,BOUNDARY_LIMITED,BOUNDARY_LIMITED,True,False,,M3,30,6,False,29,3,False,21,5,False,24,20,0,1,9,0,0,1,9,M3:low_energy_plateau@upper,0.9625754796779179,0.24664098313806915,0.7159344965398488,0.9687654909964172,20,5,120,30,5,0.16666666666666663,6.052196273596506,0.18087867095439197,UNEVALUABLE,a1_adequacy
PB|held_out|F04|r010,F04,F04,mass_affine_descriptor,False,m0_accepted,m0_accepted,MODEL_ADEQUACY_LIMITATION,"A1 returned BOUNDARY_LIMITED; blocked by M3 on evaluability, not by any detector firing.  Both continuous competence conditions passed.",0.9884315906562846,0.8,True,0.018086722994619678,0.07532114411618622,0.24012809692216175,0.8,True,BOUNDARY_LIMITED,BOUNDARY_LIMITED,True,False,,M3,30,5,False,27,6,False,9,4,False,24,20,0,3,21,0,0,3,21,M3:low_energy_plateau@upper,0.9900798967946525,0.1756951182860435,0.8143847785086089,0.9999,20,5,120,30,5,0.16666666666666663,5.683901077265004,0.2145150559900665,UNEVALUABLE,a1_adequacy
PB|held_out|F04|r011,F04,F04,mass_affine_descriptor,False,m0_accepted,m0_accepted,MODEL_ADEQUACY_LIMITATION,"A1 returned BOUNDARY_LIMITED; blocked by M3 on evaluability, not by any detector firing.  Both continuous competence conditions passed.",0.9813125695216908,0.8,True,0.017757798740995794,0.04372582272787886,0.40611697237828565,0.8,True,BOUNDARY_LIMITED,BOUNDARY_LIMITED,True,False,,M3,30,4,False,25,6,False,10,3,False,24,20,0,5,20,0,0,5,20,M3:low_energy_plateau@upper,0.993403923793422,0.29517989292383795,0.6982240308695841,0.9999,20,5,120,30,5,0.16666666666666663,7.176760125396223,0.18981187581837125,UNEVALUABLE,a1_adequacy
PB|held_out|F05|r000,F05,F05,mass_affine_descriptor,True,NONE,,NONE_SUCCESS,all three G1 conjuncts satisfied,0.9884315906562846,0.8,True,0.0168618690159755,0.08035283604215325,0.20984783918678032,0.8,True,M0_NOT_REJECTED,M0_NOT_REJECTED,True,True,,,30,5,False,28,7,False,26,7,False,24,20,0,2,4,0,0,2,4,M3:low_energy_plateau@upper,0.9490529599532251,0.19776663550718157,0.7512863244460436,0.9785566970713696,20,5,120,30,6,0.0,4.870548022597496,0.2472578591324898,REJECTED_UNSTABLE,stability
PB|held_out|F05|r001,F05,F05,mass_affine_descriptor,True,NONE,,NONE_SUCCESS,all three G1 conjuncts satisfied,0.971523915461624,0.8,True,0.017540891107190433,0.050456306476792265,0.34764516731438694,0.8,True,M0_NOT_REJECTED,M0_NOT_REJECTED,True,True,,,30,8,False,29,3,False,26,7,False,24,20,0,1,4,0,0,1,4,M3:low_energy_plateau@upper,0.965499652385808,0.26786983852627144,0.6976298138595366,0.9976428890078237,20,5,120,30,6,0.0,6.33692932057888,0.23067635614363893,REJECTED_UNSTABLE,stability
PB|held_out|F05|r002,F05,F05,mass_affine_descriptor,True,NONE,,NONE_SUCCESS,all three G1 conjuncts satisfied,0.9755283648498332,0.8,True,0.017864790624182014,0.05490651572850504,0.3253674065299941,0.8,True,M0_NOT_REJECTED,M0_NOT_REJECTED,True,True,,,30,9,False,28,9,False,28,2,False,24,20,0,2,2,0,0,2,2,M2:high_energy_asymptote@lower,0.9414075698928107,0.24402076711634932,0.6973868027764614,0.9857561726092302,20,5,120,30,6,0.0,4.009077338984334,0.19581032499791592,REJECTED_UNSTABLE,stability
PB|held_out|F05|r003,F05,F05,mass_affine_descriptor,True,NONE,,NONE_SUCCESS,all three G1 conjuncts satisfied,0.9888765294771968,0.8,True,0.019232032244758845,0.07367538817941856,0.2610374063849367,0.8,True,M0_NOT_REJECTED,M0_NOT_REJECTED,True,True,,,30,9,False,29,11,False,26,6,False,24,20,0,1,4,0,0,1,4,M3:low_energy_plateau@upper,0.9615915121968881,0.2359827694779169,0.7256087427189712,0.9866453086836134,20,5,120,30,6,0.0,7.596517437380187,0.19434942703469563,REJECTED_UNSTABLE,stability
PB|held_out|F05|r004,F05,F05,mass_affine_descriptor,False,m0_accepted,m0_accepted,MODEL_ADEQUACY_LIMITATION,"A1 returned BOUNDARY_LIMITED; blocked by M3 on evaluability, not by any detector firing.  Both continuous competence conditions passed.",0.9870967741935484,0.8,True,0.018205371253609194,0.05098230036292739,0.3570919931821579,0.8,True,BOUNDARY_LIMITED,BOUNDARY_LIMITED,True,False,,M3,30,4,False,29,7,False,16,2,False,24,20,0,1,14,0,0,1,14,M3:low_energy_plateau@upper,0.9852644544529409,0.3239093510852243,0.6613551033677165,0.9995498008898307,20,5,120,30,6,0.0,8.163103758534712,0.21327619000356243,UNEVALUABLE,a1_adequacy
PB|held_out|F05|r005,F05,F05,mass_affine_descriptor,True,NONE,,NONE_SUCCESS,all three G1 conjuncts satisfied,0.9817575083426029,0.8,True,0.019827597221673026,0.056944107662989296,0.34819401050268683,0.8,True,M0_NOT_REJECTED,M0_NOT_REJECTED,True,True,,,30,5,False,28,7,False,25,7,False,24,20,0,2,5,0,0,2,5,M3:low_energy_plateau@upper,0.957375764384581,0.2752951507519344,0.6820806136326467,0.9966127008253969,20,5,120,30,6,0.0,4.113795216534565,0.24238401473343926,REJECTED_UNSTABLE,stability
PB|held_out|F05|r006,F05,F05,mass_affine_descriptor,False,m0_accepted,m0_accepted,MODEL_ADEQUACY_LIMITATION,"A1 returned BOUNDARY_LIMITED; blocked by M3 on evaluability, not by any detector firing.  Both continuous competence conditions passed.",0.9830923248053391,0.8,True,0.017865418480763923,0.05560794058119781,0.3212745930534351,0.8,True,BOUNDARY_LIMITED,BOUNDARY_LIMITED,True,False,,M3,30,6,False,27,4,False,22,4,False,24,20,0,3,8,0,0,3,8,M3:low_energy_plateau@upper,0.9722796980962275,0.37809233998082403,0.5941873581154035,0.9999,20,5,120,30,6,0.0,4.418814633829865,0.23644138731143427,UNEVALUABLE,a1_adequacy
PB|held_out|F05|r007,F05,F05,mass_affine_descriptor,True,NONE,,NONE_SUCCESS,all three G1 conjuncts satisfied,0.9813125695216908,0.8,True,0.018550295438052485,0.04789564124930746,0.38730654719693747,0.8,True,M0_NOT_REJECTED,M0_NOT_REJECTED,True,True,,,30,7,False,29,5,False,24,3,False,24,20,0,1,6,0,0,1,6,M3:low_energy_plateau@upper,0.9608216817398224,0.35675092471235725,0.6040707570274652,0.9999,20,5,120,30,6,0.0,4.242861195032116,0.22949320108476357,REJECTED_UNSTABLE,stability
PB|held_out|F05|r008,F05,F05,mass_affine_descriptor,False,m0_accepted,m0_accepted,MODEL_ADEQUACY_LIMITATION,"A1 returned BOUNDARY_LIMITED; blocked by M3 on evaluability, not by any detector firing.  Both continuous competence conditions passed.",0.9906562847608454,0.8,True,0.01753115527292831,0.059389577020396635,0.2951890912930302,0.8,True,BOUNDARY_LIMITED,BOUNDARY_LIMITED,True,False,,M3,30,3,False,30,6,False,10,4,False,24,20,0,0,20,0,0,0,20,M3:low_energy_plateau@upper,0.9999,0.28481902880672355,0.7150809711932764,0.9999,20,5,120,30,6,0.0,6.065446592967723,0.23023899240288873,UNEVALUABLE,a1_adequacy
PB|held_out|F05|r009,F05,F05,mass_affine_descriptor,True,NONE,,NONE_SUCCESS,all three G1 conjuncts satisfied,0.9946607341490545,0.8,True,0.01729737615116183,0.0810973904017804,0.213291402663705,0.8,True,M0_NOT_REJECTED,M0_NOT_REJECTED,True,True,,,30,7,False,29,4,False,27,4,False,24,20,0,1,3,0,0,1,3,M3:low_energy_plateau@upper,0.9498949918810861,0.2876584686008177,0.6622365232802684,0.9999,20,5,120,30,6,0.0,4.8723226497729275,0.20181214090627012,STRUCTURAL_ACCEPTED,all_passed
PB|held_out|F05|r010,F05,F05,mass_affine_descriptor,True,NONE,,NONE_SUCCESS,all three G1 conjuncts satisfied,0.9844271412680755,0.8,True,0.019310627971454282,0.052140592733644284,0.3703568939099131,0.8,True,M0_NOT_REJECTED,M0_NOT_REJECTED,True,True,,,30,5,False,30,6,False,28,5,False,24,20,0,0,2,0,0,0,2,M3:low_energy_plateau@upper,0.9634571506388105,0.290046213861125,0.6734109367776855,0.9807038658553533,20,5,120,30,6,0.0,4.825369246204739,0.21347264499960047,REJECTED_UNSTABLE,stability
PB|held_out|F05|r011,F05,F05,mass_affine_descriptor,False,m0_accepted,m0_accepted,MODEL_ADEQUACY_LIMITATION,"A1 returned BOUNDARY_LIMITED; blocked by M3 on evaluability, not by any detector firing.  Both continuous competence conditions passed.",0.9911012235817575,0.8,True,0.0182291197610133,0.06651343726399267,0.2740667226181936,0.8,True,BOUNDARY_LIMITED,BOUNDARY_LIMITED,True,False,,M3,30,9,False,29,9,False,21,3,False,24,20,0,1,9,0,0,1,9,M3:low_energy_plateau@upper,0.9758487866121432,0.22539184077559635,0.7504569458365469,0.9899847922529733,20,5,120,30,6,0.0,5.8425556816483,0.20413268576590113,UNEVALUABLE,a1_adequacy
PB|held_out|F07|r000,F07,F07,mass_power,True,NONE,,NONE_SUCCESS,all three G1 conjuncts satisfied,0.9830923248053391,0.8,True,0.019580755672105786,0.05199857462191801,0.3765633157154325,0.8,True,M0_NOT_REJECTED,M0_NOT_REJECTED,True,True,,,30,7,False,29,6,False,24,5,False,24,20,0,1,6,0,0,1,6,M3:low_energy_plateau@upper,0.9737245165899826,0.31272704589379474,0.6609974706961879,0.9999,20,5,120,30,6,0.0,4.681713528725136,0.22469655653118195,REJECTED_UNSTABLE,stability
PB|held_out|F07|r001,F07,F07,mass_power,False,m0_accepted,m0_accepted,MODEL_ADEQUACY_LIMITATION,"A1 returned BOUNDARY_LIMITED; blocked by M3 on evaluability, not by any detector firing.  Both continuous competence conditions passed.",0.978642936596218,0.8,True,0.019112937738100372,0.05023822053358281,0.38044615305042345,0.8,True,BOUNDARY_LIMITED,BOUNDARY_LIMITED,True,False,,M3,30,10,False,29,11,False,21,5,False,24,20,0,1,9,0,0,1,9,M3:low_energy_plateau@upper,0.971065867942297,0.2522056815274337,0.7188601864148633,0.9999,20,5,120,30,6,0.0,5.642661324289829,0.22318504315759263,UNEVALUABLE,a1_adequacy
PB|held_out|F07|r002,F07,F07,mass_power,True,NONE,,NONE_SUCCESS,all three G1 conjuncts satisfied,0.9808676307007785,0.8,True,0.019846837780811945,0.07101636080659728,0.27946852746878875,0.8,True,M0_NOT_REJECTED,M0_NOT_REJECTED,True,True,,,30,3,False,28,4,False,26,3,False,24,20,0,2,4,0,0,2,4,M3:low_energy_plateau@upper,0.9560148778636894,0.27130888549387816,0.6847059923698113,0.9999,20,5,120,30,6,0.0,7.419266970869865,0.20364980775886293,REJECTED_UNSTABLE,stability
PB|held_out|F07|r003,F07,F07,mass_power,False,m0_accepted,m0_accepted,MODEL_ADEQUACY_LIMITATION,"A1 returned BOUNDARY_LIMITED; blocked by M3 on evaluability, not by any detector firing.  Both continuous competence conditions passed.",0.9879866518353726,0.8,True,0.018527479664256313,0.04173966714818044,0.44388182585361086,0.8,True,BOUNDARY_LIMITED,BOUNDARY_LIMITED,True,False,,M3,30,6,False,30,8,False,20,2,False,24,20,0,0,10,0,0,0,10,M3:low_energy_plateau@upper,0.9773711572182645,0.2164635774786425,0.760907579739622,0.9834538000925814,20,5,120,30,6,0.0,5.36609912560769,0.22282730895782818,UNEVALUABLE,a1_adequacy
PB|held_out|F07|r004,F07,F07,mass_power,False,m0_accepted,m0_accepted,MODEL_ADEQUACY_LIMITATION,"A1 returned BOUNDARY_LIMITED; blocked by M3 on evaluability, not by any detector firing.  Both continuous competence conditions passed.",0.992880978865406,0.8,True,0.017457408069871064,0.06904436016537438,0.25284336081987363,0.8,True,BOUNDARY_LIMITED,BOUNDARY_LIMITED,True,False,,M3,30,6,False,29,4,False,22,5,False,24,20,0,1,8,0,0,1,8,M3:low_energy_plateau@upper,0.9482881135493748,0.23525452881309852,0.7130335847362763,0.9487343124427629,20,5,120,30,6,0.0,8.71216839381915,0.20190014140109763,UNEVALUABLE,a1_adequacy
PB|held_out|F07|r005,F07,F07,mass_power,True,NONE,,NONE_SUCCESS,all three G1 conjuncts satisfied,0.9768631813125697,0.8,True,0.02016390501850304,0.06326217151474382,0.31873558140197034,0.8,True,M0_NOT_REJECTED,M0_NOT_REJECTED,True,True,,,30,6,False,29,5,False,30,7,False,24,20,0,1,0,0,0,1,0,M2:high_energy_asymptote@lower,0.9155905449838531,0.22137117177259943,0.6942193732112536,0.9364927260556488,20,5,120,30,6,0.0,6.056265969064522,0.20363740459795318,REJECTED_FALSIFICATION,falsification
PB|held_out|F07|r006,F07,F07,mass_power,False,m0_accepted,m0_accepted,MODEL_ADEQUACY_LIMITATION,"A1 returned BOUNDARY_LIMITED; blocked by M3 on evaluability, not by any detector firing.  Both continuous competence conditions passed.",0.9626251390433814,0.8,True,0.02094439161150229,0.04254300119388768,0.4923110975657132,0.8,True,BOUNDARY_LIMITED,BOUNDARY_LIMITED,True,False,,M3,30,5,False,30,4,False,12,3,False,24,20,0,0,18,0,0,0,18,M3:low_energy_plateau@upper,0.9731701371723234,0.3059032781772662,0.6672668589950572,0.9740349680401204,20,5,120,30,6,0.0,4.4174707394118125,0.22984320392222995,UNEVALUABLE,a1_adequacy
PB|held_out|F07|r007,F07,F07,mass_power,False,m0_accepted,m0_accepted,MODEL_ADEQUACY_LIMITATION,"A1 returned BOUNDARY_LIMITED; blocked by M3 on evaluability, not by any detector firing.  Both continuous competence conditions passed.",0.9448275862068966,0.8,True,0.01918670105420295,0.04320601372650136,0.44407478032240605,0.8,True,BOUNDARY_LIMITED,BOUNDARY_LIMITED,True,False,,M3,30,5,False,30,7,False,13,6,False,24,20,0,0,17,0,0,0,17,M3:low_energy_plateau@upper,0.9864112287457459,0.349335007025429,0.637076221720317,0.9864112287457459,20,5,120,30,6,0.0,6.464015214201082,0.19611916276955635,UNEVALUABLE,a1_adequacy
PB|held_out|F07|r008,F07,F07,mass_power,False,m0_accepted,m0_accepted,MODEL_ADEQUACY_LIMITATION,"A1 returned BOUNDARY_LIMITED; blocked by M3 on evaluability, not by any detector firing.  Both continuous competence conditions passed.",0.9879866518353726,0.8,True,0.02085556765148316,0.06104615768436351,0.34163604135932624,0.8,True,BOUNDARY_LIMITED,BOUNDARY_LIMITED,True,False,,M3,30,6,False,26,5,False,17,6,False,24,20,0,4,13,0,0,4,13,M3:low_energy_plateau@upper,0.9848885039660931,0.17139136557333554,0.8134971383927575,0.9887690120208146,20,5,120,30,6,0.0,4.861980855477984,0.18099328642485424,UNEVALUABLE,a1_adequacy
PB|held_out|F07|r009,F07,F07,mass_power,False,m0_accepted,m0_accepted,MODEL_ADEQUACY_LIMITATION,"A1 returned BOUNDARY_LIMITED; blocked by M3 on evaluability, not by any detector firing.  Both continuous competence conditions passed.",0.9804226918798665,0.8,True,0.021819731062257795,0.05400785216303526,0.4040103464286982,0.8,True,BOUNDARY_LIMITED,BOUNDARY_LIMITED,True,False,,M3,30,7,False,29,6,False,10,2,False,24,20,0,1,20,0,0,1,20,M3:low_energy_plateau@upper,0.987605630540274,0.3045785262251,0.6830271043151739,0.9999,20,5,120,30,6,0.0,6.656960222725104,0.18188126839671293,UNEVALUABLE,a1_adequacy
PB|held_out|F07|r010,F07,F07,mass_power,True,NONE,,NONE_SUCCESS,all three G1 conjuncts satisfied,0.9879866518353726,0.8,True,0.019194793730495634,0.05755568848648017,0.3334995069167575,0.8,True,M0_NOT_REJECTED,M0_NOT_REJECTED,True,True,,,30,7,False,29,8,False,28,9,False,24,20,0,1,2,0,0,1,2,M3:low_energy_plateau@upper,0.9279895868592561,0.19800299450135922,0.729986592357897,0.9657291626908308,20,5,120,30,6,0.0,5.1441450008109175,0.20784937769157452,STRUCTURAL_ACCEPTED,all_passed
PB|held_out|F07|r011,F07,F07,mass_power,False,m0_accepted,m0_accepted,MODEL_ADEQUACY_LIMITATION,"A1 returned BOUNDARY_LIMITED; blocked by M3 on evaluability, not by any detector firing.  Both continuous competence conditions passed.",0.9893214682981089,0.8,True,0.021669095804685314,0.06411301148660266,0.3379828103880814,0.8,True,BOUNDARY_LIMITED,BOUNDARY_LIMITED,True,False,,M3,30,9,False,29,7,False,15,7,False,24,20,0,1,15,0,0,1,15,M3:low_energy_plateau@upper,0.9917587832854916,0.2479337985461636,0.743824984739328,0.9917587832854916,20,5,120,30,6,0.0,5.591362248819333,0.17100062557989257,UNEVALUABLE,a1_adequacy
PB|held_out|F08|r000,F08,F08,mass_affine_descriptor,False,m0_accepted,m0_accepted,MODEL_ADEQUACY_LIMITATION,"A1 returned BOUNDARY_LIMITED; blocked by M3 on evaluability, not by any detector firing.  Both continuous competence conditions passed.",0.9942157953281423,0.8,True,0.02165196739162309,0.07410315938062481,0.29218683214853947,0.8,True,BOUNDARY_LIMITED,BOUNDARY_LIMITED,True,False,,M3,30,5,False,29,5,False,22,2,False,24,20,0,1,8,0,0,1,8,M3:low_energy_plateau@upper,0.9522907871436868,0.2768064792436705,0.6754843079000162,0.9999,20,5,120,30,6,0.0,6.424069747865238,0.21133900706022266,UNEVALUABLE,a1_adequacy
PB|held_out|F08|r001,F08,F08,mass_affine_descriptor,False,m0_accepted,m0_accepted,MODEL_ADEQUACY_LIMITATION,"A1 returned BOUNDARY_LIMITED; blocked by M2+M3 on evaluability, not by any detector firing.  Both continuous competence conditions passed.",0.9657397107897663,0.8,True,0.019643441616017443,0.06712382307549958,0.2926448571608158,0.8,True,BOUNDARY_LIMITED,BOUNDARY_LIMITED,True,False,,M2|M3,30,11,False,23,6,False,22,6,False,24,20,0,7,8,0,0,7,8,M3:low_energy_plateau@upper,0.965390710272113,0.2934152387132933,0.6719754715588198,0.993659892926064,20,5,120,30,6,0.0,6.3624056767337125,0.24938895155641191,UNEVALUABLE,a1_adequacy
PB|held_out|F08|r002,F08,F08,mass_affine_descriptor,False,m0_accepted,m0_accepted,MODEL_ADEQUACY_LIMITATION,"A1 returned BOUNDARY_LIMITED; blocked by M3 on evaluability, not by any detector firing.  Both continuous competence conditions passed.",0.9884315906562846,0.8,True,0.019362752537856846,0.04856549415726383,0.3986936172245414,0.8,True,BOUNDARY_LIMITED,BOUNDARY_LIMITED,True,False,,M3,30,2,False,28,3,False,21,1,False,24,20,0,2,9,0,0,2,9,M3:low_energy_plateau@upper,0.96722492476142,0.3671541639131122,0.6000707608483078,0.9999,20,5,120,30,6,0.0,5.094907722029485,0.21887090499176007,UNEVALUABLE,a1_adequacy
PB|held_out|F08|r003,F08,F08,mass_affine_descriptor,False,m0_accepted,m0_accepted,MODEL_ADEQUACY_LIMITATION,"A1 returned BOUNDARY_LIMITED; blocked by M3 on evaluability, not by any detector firing.  Both continuous competence conditions passed.",0.9884315906562846,0.8,True,0.018096496428515383,0.06531354393605558,0.27707111477877444,0.8,True,BOUNDARY_LIMITED,BOUNDARY_LIMITED,True,False,,M3,30,5,False,25,4,False,7,1,False,24,20,0,5,23,0,0,5,23,M3:low_energy_plateau@upper,0.9936458720255736,0.24736425807132573,0.7462816139542479,0.9972454874788119,20,5,120,30,6,0.0,5.451108787746061,0.1944314108308658,UNEVALUABLE,a1_adequacy
PB|held_out|F08|r004,F08,F08,mass_affine_descriptor,False,m0_accepted,m0_accepted,MODEL_ADEQUACY_LIMITATION,"A1 returned BOUNDARY_LIMITED; blocked by M3 on evaluability, not by any detector firing.  Both continuous competence conditions passed.",0.9755283648498332,0.8,True,0.018947564853598206,0.049717646354114624,0.3811034158504591,0.8,True,BOUNDARY_LIMITED,BOUNDARY_LIMITED,True,False,,M3,30,7,False,25,5,False,18,5,False,24,20,0,5,12,0,0,5,12,M3:low_energy_plateau@upper,0.9819262906989783,0.3591859924647406,0.6227402982342377,0.9999,20,5,120,30,6,0.0,4.970915921424209,0.21431569512016982,UNEVALUABLE,a1_adequacy
PB|held_out|F08|r005,F08,F08,mass_affine_descriptor,False,m0_accepted,m0_accepted,MODEL_ADEQUACY_LIMITATION,"A1 returned BOUNDARY_LIMITED; blocked by M3 on evaluability, not by any detector firing.  Both continuous competence conditions passed.",0.9733036707452726,0.8,True,0.01872982205775963,0.04290744442444183,0.4365168401194819,0.8,True,BOUNDARY_LIMITED,BOUNDARY_LIMITED,True,False,,M3,30,4,False,26,5,False,13,0,False,24,20,0,4,17,0,0,4,17,M3:low_energy_plateau@upper,0.977575781124838,0.30273816489777755,0.6748376162270604,0.9867059504691358,20,5,120,30,6,0.0,5.703523257886867,0.21673992812170165,UNEVALUABLE,a1_adequacy
PB|held_out|F08|r006,F08,F08,mass_affine_descriptor,False,m0_accepted,m0_accepted,MODEL_ADEQUACY_LIMITATION,"A1 returned BOUNDARY_LIMITED; blocked by M3 on evaluability, not by any detector firing.  Both continuous competence conditions passed.",0.9915461624026695,0.8,True,0.0182718678067152,0.0802630015131173,0.22764994408699066,0.8,True,BOUNDARY_LIMITED,BOUNDARY_LIMITED,True,False,,M3,30,3,False,30,6,False,22,1,False,24,20,0,0,8,0,0,0,8,M3:low_energy_plateau@upper,0.9700574944660907,0.29364649874244175,0.6764109957236489,0.9978434314555864,20,5,120,30,6,0.0,5.181283513380511,0.20380133150592192,UNEVALUABLE,a1_adequacy
PB|held_out|F08|r007,F08,F08,mass_affine_descriptor,True,NONE,,NONE_SUCCESS,all three G1 conjuncts satisfied,0.946607341490545,0.8,True,0.018649649165595483,0.04634578174601546,0.4024022999072374,0.8,True,M0_NOT_REJECTED,M0_NOT_REJECTED,True,True,,,30,5,False,30,8,False,28,4,False,24,20,0,0,2,0,0,0,2,M3:low_energy_plateau@upper,0.9382476773422502,0.2730645789415404,0.6651830984007099,0.9427616609031909,20,5,120,30,6,0.0,4.830500881969161,0.19811997080531735,REJECTED_UNSTABLE,stability
PB|held_out|F08|r008,F08,F08,mass_affine_descriptor,False,m0_accepted,m0_accepted,MODEL_ADEQUACY_LIMITATION,"A1 returned BOUNDARY_LIMITED; blocked by M3 on evaluability, not by any detector firing.  Both continuous competence conditions passed.",0.9848720800889877,0.8,True,0.018933292635850692,0.05455864794172317,0.3470264266092937,0.8,True,BOUNDARY_LIMITED,BOUNDARY_LIMITED,True,False,,M3,30,6,False,30,9,False,5,2,False,24,20,0,0,25,0,0,0,25,M3:low_energy_plateau@upper,0.9967658140941673,0.2395409478390919,0.7572248662550753,0.9969898466433296,20,5,120,30,6,0.0,4.005150019409283,0.23852052661794565,UNEVALUABLE,a1_adequacy
PB|held_out|F08|r009,F08,F08,mass_affine_descriptor,False,m0_accepted,m0_accepted,MODEL_ADEQUACY_LIMITATION,"A1 returned BOUNDARY_LIMITED; blocked by M3 on evaluability, not by any detector firing.  Both continuous competence conditions passed.",0.9844271412680755,0.8,True,0.022952135311760147,0.048090818674006275,0.4772664709109242,0.8,True,BOUNDARY_LIMITED,BOUNDARY_LIMITED,True,False,,M3,30,6,False,28,12,False,22,4,False,24,20,0,2,8,0,0,2,8,M3:low_energy_plateau@upper,0.9635056028090704,0.29032602892086984,0.6731795738882005,0.9918367054832629,20,5,120,30,6,0.0,4.7127120614978075,0.2231384783772323,UNEVALUABLE,a1_adequacy
PB|held_out|F08|r010,F08,F08,mass_affine_descriptor,True,NONE,,NONE_SUCCESS,all three G1 conjuncts satisfied,0.9893214682981089,0.8,True,0.0204492837046817,0.054080734059112,0.3781251135077044,0.8,True,M0_NOT_REJECTED,M0_NOT_REJECTED,True,True,,,30,4,False,28,9,False,24,5,False,24,20,0,2,6,0,0,2,6,M3:low_energy_plateau@upper,0.9527457488122737,0.3057919021921379,0.6469538466201358,0.9950670582850375,20,5,120,30,6,0.0,3.9083486776551672,0.23509897344526853,STRUCTURAL_ACCEPTED,all_passed
PB|held_out|F08|r011,F08,F08,mass_affine_descriptor,True,NONE,,NONE_SUCCESS,all three G1 conjuncts satisfied,0.9906562847608454,0.8,True,0.018107999795418203,0.048127486875591804,0.3762506827382629,0.8,True,M0_NOT_REJECTED,M0_NOT_REJECTED,True,True,,,30,4,False,29,13,False,28,2,False,24,20,0,1,2,0,0,1,2,M2:high_energy_asymptote@lower,0.9540308567391991,0.1861644858427059,0.7678663708964932,0.9850247388629669,20,5,120,30,6,0.0,3.7993270100630854,0.205263054181872,REJECTED_UNSTABLE,stability
PB|held_out|F09|r000,F09,F09,mass_saturating_descriptor,True,NONE,,NONE_SUCCESS,all three G1 conjuncts satisfied,0.9915461624026695,0.8,True,0.01898665552991208,0.058539651060746094,0.32433837895975487,0.8,True,M0_NOT_REJECTED,M0_NOT_REJECTED,True,True,,,30,4,False,28,5,False,26,4,False,24,20,0,2,4,0,0,2,4,M3:low_energy_plateau@upper,0.960639666792458,0.1557125442393472,0.8049271225531108,0.996332544491833,20,5,120,30,6,0.0,5.68249698437444,0.2169312949157335,REJECTED_UNSTABLE,stability
PB|held_out|F09|r001,F09,F09,mass_saturating_descriptor,True,NONE,,NONE_SUCCESS,all three G1 conjuncts satisfied,0.9951056729699665,0.8,True,0.020379104771475177,0.04665170005595253,0.43683520101160606,0.8,True,M0_NOT_REJECTED,M0_NOT_REJECTED,True,True,,,30,3,False,30,8,False,25,5,False,24,20,0,0,5,0,0,0,5,M3:low_energy_plateau@upper,0.9517073744128698,0.3514175640943575,0.6002898103185124,0.9731500985310707,20,5,120,30,6,0.0,7.005235688434748,0.19097931248291422,REJECTED_UNSTABLE,stability
PB|held_out|F09|r002,F09,F09,mass_saturating_descriptor,False,m0_accepted,m0_accepted,MODEL_ADEQUACY_LIMITATION,"A1 returned BOUNDARY_LIMITED; blocked by M3 on evaluability, not by any detector firing.  Both continuous competence conditions passed.",0.9826473859844269,0.8,True,0.02096259748234271,0.07041987927071376,0.2976801110629089,0.8,True,BOUNDARY_LIMITED,BOUNDARY_LIMITED,True,False,,M3,30,4,False,30,7,False,20,7,False,24,20,0,0,10,0,0,0,10,M3:low_energy_plateau@upper,0.9802640925675674,0.328774430822667,0.6514896617449004,0.9999,20,5,120,30,6,0.0,5.182790699476092,0.21978858087346406,UNEVALUABLE,a1_adequacy
PB|held_out|F09|r003,F09,F09,mass_saturating_descriptor,False,m0_accepted,m0_accepted,MODEL_ADEQUACY_LIMITATION,"A1 returned BOUNDARY_LIMITED; blocked by M3 on evaluability, not by any detector firing.  Both continuous competence conditions passed.",0.9768631813125697,0.8,True,0.018196029902361494,0.040472104147810044,0.44959436346345943,0.8,True,BOUNDARY_LIMITED,BOUNDARY_LIMITED,True,False,,M3,30,8,False,28,5,False,19,6,False,24,20,0,2,11,0,0,2,11,M3:low_energy_plateau@upper,0.9814578987013927,0.32684765949250383,0.6546102392088888,0.9999,20,5,120,30,6,0.0,5.349963127867447,0.22768836543203458,UNEVALUABLE,a1_adequacy
PB|held_out|F09|r004,F09,F09,mass_saturating_descriptor,True,NONE,,NONE_SUCCESS,all three G1 conjuncts satisfied,0.9541713014460511,0.8,True,0.01872218462433644,0.05288467942028458,0.35401906241215314,0.8,True,M0_NOT_REJECTED,M0_NOT_REJECTED,True,True,,,30,8,False,30,9,False,26,5,False,24,20,0,0,4,0,0,0,4,M3:low_energy_plateau@upper,0.922968037743565,0.2581303136091839,0.664837724134381,0.9765206702870644,20,5,120,30,6,0.0,4.047150314502149,0.21635708685795382,STRUCTURAL_ACCEPTED,all_passed
PB|held_out|F09|r005,F09,F09,mass_saturating_descriptor,False,m0_accepted,m0_accepted,MODEL_ADEQUACY_LIMITATION,"A1 returned BOUNDARY_LIMITED; blocked by M3 on evaluability, not by any detector firing.  Both continuous competence conditions passed.",0.9777530589543939,0.8,True,0.0181241389061147,0.07017986536385522,0.25825268846196997,0.8,True,BOUNDARY_LIMITED,BOUNDARY_LIMITED,True,False,,M3,30,5,False,30,6,False,17,3,False,24,20,0,0,13,0,0,0,13,M3:low_energy_plateau@upper,0.9691626059050166,0.31392983785154954,0.6552327680534671,0.9859358972121356,20,5,120,30,6,0.0,6.189732219929431,0.21188477765043098,UNEVALUABLE,a1_adequacy
PB|held_out|F09|r006,F09,F09,mass_saturating_descriptor,True,NONE,,NONE_SUCCESS,all three G1 conjuncts satisfied,0.9688542825361514,0.8,True,0.017235784115578003,0.0520926256918078,0.33086802376883334,0.8,True,M0_NOT_REJECTED,M0_NOT_REJECTED,True,True,,,30,4,False,30,5,False,26,3,False,24,20,0,0,4,0,0,0,4,M3:low_energy_plateau@upper,0.954186423555762,0.32239973115590853,0.6317866923998534,0.9832319049608275,20,5,120,30,6,0.0,6.420884186117081,0.19924799492669118,REJECTED_UNSTABLE,stability
PB|held_out|F09|r007,F09,F09,mass_saturating_descriptor,True,NONE,,NONE_SUCCESS,all three G1 conjuncts satisfied,0.9639599555061179,0.8,True,0.019278806036141686,0.05137318481366533,0.37526982424911876,0.8,True,M0_NOT_REJECTED,M0_NOT_REJECTED,True,True,,,30,9,False,30,8,False,25,6,False,24,20,0,0,5,0,0,0,5,M3:low_energy_plateau@upper,0.9580562523401291,0.2746697638743429,0.6833864884657863,0.9798709869381776,20,5,120,30,6,0.0,4.291669504591953,0.18385578513988377,STRUCTURAL_ACCEPTED,all_passed
PB|held_out|F09|r008,F09,F09,mass_saturating_descriptor,False,m0_accepted,m0_accepted,MODEL_ADEQUACY_LIMITATION,"A1 returned BOUNDARY_LIMITED; blocked by M3 on evaluability, not by any detector firing.  Both continuous competence conditions passed.",0.9822024471635149,0.8,True,0.019915134923986062,0.053527465985920744,0.37205450617117414,0.8,True,BOUNDARY_LIMITED,BOUNDARY_LIMITED,True,False,,M3,30,1,False,27,4,False,12,0,False,24,20,0,3,18,0,0,3,18,M3:low_energy_plateau@upper,0.9896343749423541,0.34604355718929,0.643590817753064,0.9999,20,5,120,30,6,0.0,5.977332740001599,0.22080157863842384,UNEVALUABLE,a1_adequacy
PB|held_out|F09|r009,F09,F09,mass_saturating_descriptor,True,NONE,,NONE_SUCCESS,all three G1 conjuncts satisfied,0.9897664071190211,0.8,True,0.017023995514781367,0.04510137347036121,0.37746068921756554,0.8,True,M0_NOT_REJECTED,M0_NOT_REJECTED,True,True,,,30,6,False,29,4,False,30,8,False,24,20,0,1,0,0,0,1,0,M2:high_energy_asymptote@lower,0.9448807690200817,0.34230926226697034,0.6025715067531113,0.9873748315827853,20,5,120,30,6,0.0,5.9217549243121095,0.21828114144376776,STRUCTURAL_ACCEPTED,all_passed
PB|held_out|F09|r010,F09,F09,mass_saturating_descriptor,True,NONE,,NONE_SUCCESS,all three G1 conjuncts satisfied,0.9835372636262512,0.8,True,0.019203198703768187,0.04676311617357247,0.4106483971788991,0.8,True,M0_NOT_REJECTED,M0_NOT_REJECTED,True,True,,,30,9,False,29,12,False,26,4,False,24,20,0,1,4,0,0,1,4,M3:low_energy_plateau@upper,0.957369124696713,0.33730580692633044,0.6200633177703825,0.9699218079978683,20,5,120,30,6,0.0,4.180076251365372,0.2323713517203275,STRUCTURAL_ACCEPTED,all_passed
PB|held_out|F09|r011,F09,F09,mass_saturating_descriptor,False,m0_accepted,m0_accepted,MODEL_ADEQUACY_LIMITATION,"A1 returned BOUNDARY_LIMITED; blocked by M3 on evaluability, not by any detector firing.  Both continuous competence conditions passed.",0.9822024471635149,0.8,True,0.017533172533758825,0.05068403292670556,0.34593088831572727,0.8,True,BOUNDARY_LIMITED,BOUNDARY_LIMITED,True,False,,M3,30,3,False,29,8,False,22,6,False,24,20,0,1,8,0,0,1,8,M3:low_energy_plateau@upper,0.9685318575176429,0.23923976849713732,0.7292920890205056,0.9844002574040839,20,5,120,30,6,0.0,4.479861128047801,0.21837438634213882,UNEVALUABLE,a1_adequacy
PB|held_out|F10|r000,F10,F10,mass_interaction,True,NONE,,NONE_SUCCESS,all three G1 conjuncts satisfied,0.986206896551724,0.8,True,0.01785588494504557,0.06340159117494634,0.2816314955846324,0.8,True,M0_NOT_REJECTED,M0_NOT_REJECTED,True,True,,,30,4,False,24,3,False,24,5,False,24,20,0,6,6,0,0,6,6,M3:low_energy_plateau@upper,0.963163449264882,0.26963827671879015,0.6935251725460918,0.9999,20,5,120,30,6,0.0,4.704780787421405,0.183790182200796,STRUCTURAL_ACCEPTED,all_passed
PB|held_out|F10|r001,F10,F10,mass_interaction,True,NONE,,NONE_SUCCESS,all three G1 conjuncts satisfied,0.9666295884315905,0.8,True,0.016649468173777306,0.04743527357304036,0.350993404689458,0.8,True,M0_NOT_REJECTED,M0_NOT_REJECTED,True,True,,,30,6,False,29,10,False,30,3,False,24,20,0,1,0,0,0,1,0,M2:high_energy_asymptote@lower,0.9171606942927901,0.18297284986215903,0.7341878444306311,0.9277162571472722,20,5,120,30,6,0.0,3.767878362413318,0.2068068904385307,STRUCTURAL_ACCEPTED,all_passed
PB|held_out|F10|r002,F10,F10,mass_interaction,False,m0_accepted,m0_accepted,MODEL_ADEQUACY_LIMITATION,"A1 returned BOUNDARY_LIMITED; blocked by M3 on evaluability, not by any detector firing.  Both continuous competence conditions passed.",0.971078976640712,0.8,True,0.018510541892008577,0.054311776080585905,0.34082004360423207,0.8,True,BOUNDARY_LIMITED,BOUNDARY_LIMITED,True,False,,M3,30,4,False,30,5,False,9,1,False,24,20,0,0,21,0,0,0,21,M3:low_energy_plateau@upper,0.9970438636173173,0.3290758775570331,0.6679679860602843,0.9999,20,5,120,30,6,0.0,5.3309200379786725,0.199338780907263,UNEVALUABLE,a1_adequacy
PB|held_out|F10|r003,F10,F10,mass_interaction,False,m0_accepted,m0_accepted,MODEL_ADEQUACY_LIMITATION,"A1 returned BOUNDARY_LIMITED; blocked by M3 on evaluability, not by any detector firing.  Both continuous competence conditions passed.",0.9755283648498332,0.8,True,0.018530917792580773,0.07380882383038949,0.2510664285230216,0.8,True,BOUNDARY_LIMITED,BOUNDARY_LIMITED,True,False,,M3,30,7,False,29,9,False,14,2,False,24,20,0,1,16,0,0,1,16,M3:low_energy_plateau@upper,0.9841027839991845,0.3179108327627984,0.6661919512363861,0.9999,20,5,120,30,6,0.0,5.24718443703931,0.22652960200997538,UNEVALUABLE,a1_adequacy
PB|held_out|F10|r004,F10,F10,mass_interaction,True,NONE,,NONE_SUCCESS,all three G1 conjuncts satisfied,0.9750834260289211,0.8,True,0.01946918539066217,0.05718823500658719,0.34044039632311823,0.8,True,M0_NOT_REJECTED,M0_NOT_REJECTED,True,True,,,30,4,False,30,5,False,26,5,False,24,20,0,0,4,0,0,0,4,M3:low_energy_plateau@upper,0.9570846954666009,0.3238476271825309,0.63323706828407,0.9999,20,5,120,30,6,0.0,5.895020256374584,0.191895096514934,STRUCTURAL_ACCEPTED,all_passed
PB|held_out|F10|r005,F10,F10,mass_interaction,True,NONE,,NONE_SUCCESS,all three G1 conjuncts satisfied,0.9733036707452726,0.8,True,0.01816270128323248,0.04499377493956029,0.40367142582791204,0.8,True,M0_NOT_REJECTED,M0_NOT_REJECTED,True,True,,,30,5,False,30,5,False,24,4,False,24,20,0,0,6,0,0,0,6,M3:low_energy_plateau@upper,0.9734634637993848,0.3095498933512402,0.6639135704481445,0.9745746978554556,20,5,120,30,6,0.0,4.09754143736746,0.19092259865074926,STRUCTURAL_ACCEPTED,all_passed
PB|held_out|F10|r006,F10,F10,mass_interaction,False,m0_accepted,m0_accepted,MODEL_ADEQUACY_LIMITATION,"A1 returned BOUNDARY_LIMITED; blocked by M3 on evaluability, not by any detector firing.  Both continuous competence conditions passed.",0.9826473859844269,0.8,True,0.018762147918346423,0.041023035304524114,0.45735640425118157,0.8,True,BOUNDARY_LIMITED,BOUNDARY_LIMITED,True,False,,M3,30,6,False,26,5,False,7,1,False,24,20,0,4,23,0,0,4,23,M3:low_energy_plateau@upper,0.9999,0.29859925081882444,0.7013007491811756,0.9999,20,5,120,30,6,0.0,6.315688123394636,0.2246348669911191,UNEVALUABLE,a1_adequacy
PB|held_out|F10|r007,F10,F10,mass_interaction,False,m0_accepted,m0_accepted,MODEL_ADEQUACY_LIMITATION,"A1 returned BOUNDARY_LIMITED; blocked by M3 on evaluability, not by any detector firing.  Both continuous competence conditions passed.",0.971078976640712,0.8,True,0.018802947286005976,0.0574819834399458,0.32711027283270977,0.8,True,BOUNDARY_LIMITED,BOUNDARY_LIMITED,True,False,,M3,30,2,False,26,6,False,22,5,False,24,20,0,4,8,0,0,4,8,M3:low_energy_plateau@upper,0.9671270711883541,0.2910321905717012,0.6760948806166529,0.9999,20,5,120,30,6,0.0,3.8083997317596623,0.22561146743182425,UNEVALUABLE,a1_adequacy
PB|held_out|F10|r008,F10,F10,mass_interaction,True,NONE,,NONE_SUCCESS,all three G1 conjuncts satisfied,0.9808676307007785,0.8,True,0.01863234301342365,0.0731963937589511,0.2545527457921399,0.8,True,M0_NOT_REJECTED,M0_NOT_REJECTED,True,True,,,30,6,False,29,11,False,27,4,False,24,20,0,1,3,0,0,1,3,M3:low_energy_plateau@upper,0.9669149634211438,0.2663700626064178,0.700544900814726,0.9838363581982266,20,5,120,30,6,0.0,4.660172280062966,0.19454295803264518,STRUCTURAL_ACCEPTED,all_passed
PB|held_out|F10|r009,F10,F10,mass_interaction,True,NONE,,NONE_SUCCESS,all three G1 conjuncts satisfied,0.9661846496106785,0.8,True,0.02014109158380107,0.05387061781065384,0.3738789789750253,0.8,True,M0_NOT_REJECTED,M0_NOT_REJECTED,True,True,,,30,6,False,29,8,False,27,6,False,24,20,0,1,3,0,0,1,3,M3:low_energy_plateau@upper,0.9340471245863814,0.25358014748425556,0.6804669771021259,0.9614083201048635,20,5,120,30,6,0.0,4.189201805014024,0.23427647488451211,STRUCTURAL_ACCEPTED,all_passed
PB|held_out|F10|r010,F10,F10,mass_interaction,False,m0_accepted,m0_accepted,MODEL_ADEQUACY_LIMITATION,"A1 returned BOUNDARY_LIMITED; blocked by M3 on evaluability, not by any detector firing.  Both continuous competence conditions passed.",0.9853170189098998,0.8,True,0.017742614512346183,0.053823041277302294,0.3296471936792694,0.8,True,BOUNDARY_LIMITED,BOUNDARY_LIMITED,True,False,,M3,30,3,False,25,6,False,23,1,False,24,20,0,5,7,0,0,5,7,M3:low_energy_plateau@upper,0.9591317569904916,0.2745297375279043,0.6846020194625873,0.9866452598990431,20,5,120,30,6,0.0,5.035604072473239,0.17048693737566137,UNEVALUABLE,a1_adequacy
PB|held_out|F10|r011,F10,F10,mass_interaction,False,m0_accepted,m0_accepted,MODEL_ADEQUACY_LIMITATION,"A1 returned BOUNDARY_LIMITED; blocked by M3 on evaluability, not by any detector firing.  Both continuous competence conditions passed.",0.9937708565072303,0.8,True,0.019938900734187397,0.0738388696131256,0.2700325836332015,0.8,True,BOUNDARY_LIMITED,BOUNDARY_LIMITED,True,False,,M3,30,4,False,26,5,False,21,4,False,24,20,0,4,9,0,0,4,9,M3:low_energy_plateau@upper,0.9659182146346612,0.1854184777923439,0.7804997368423173,0.9897652701819823,20,5,120,30,6,0.0,5.267436996391325,0.20123484099563957,UNEVALUABLE,a1_adequacy
PB|held_out|F11|r000,F11,F11,mass_affine_descriptor,False,m0_accepted,m0_accepted,MODEL_ADEQUACY_LIMITATION,"A1 returned BOUNDARY_LIMITED; blocked by M3 on evaluability, not by any detector firing.  Both continuous competence conditions passed.",0.9523915461624026,0.8,True,0.019368165299051145,0.0394732462802408,0.4906656311352407,0.8,True,BOUNDARY_LIMITED,BOUNDARY_LIMITED,True,False,,M3,30,7,False,24,4,False,11,4,False,24,20,0,6,19,0,0,6,19,M3:low_energy_plateau@upper,0.989421629836831,0.347200771542447,0.642220858294384,0.9988246443878565,20,5,120,30,6,0.0,5.215094884910986,0.19323261256254956,UNEVALUABLE,a1_adequacy
PB|held_out|F11|r001,F11,F11,mass_affine_descriptor,True,NONE,,NONE_SUCCESS,all three G1 conjuncts satisfied,0.9612903225806452,0.8,True,0.019132685336352755,0.05073646636524779,0.3770992878892683,0.8,True,M0_NOT_REJECTED,M0_NOT_REJECTED,True,True,,,30,7,False,30,5,False,27,10,False,24,20,0,0,3,0,0,0,3,M3:low_energy_plateau@upper,0.9636390045833099,0.2685229137867369,0.695116090796573,0.9968203048185682,20,5,120,30,6,0.0,4.320597441799689,0.23396547532426484,REJECTED_UNSTABLE,stability
PB|held_out|F11|r002,F11,F11,mass_affine_descriptor,False,m0_accepted,m0_accepted,MODEL_ADEQUACY_LIMITATION,"A1 returned BOUNDARY_LIMITED; blocked by M3 on evaluability, not by any detector firing.  Both continuous competence conditions passed.",0.9848720800889877,0.8,True,0.02106135256700074,0.04947773417416565,0.42567334415240327,0.8,True,BOUNDARY_LIMITED,BOUNDARY_LIMITED,True,False,,M3,30,5,False,30,8,False,18,5,False,24,20,0,0,12,0,0,0,12,M3:low_energy_plateau@upper,0.9571536032842012,0.3170604748494973,0.6400931284347039,0.9902780846661664,20,5,120,30,6,0.0,5.351079627908562,0.1798400945241013,UNEVALUABLE,a1_adequacy
PB|held_out|F11|r003,F11,F11,mass_affine_descriptor,False,m0_accepted,m0_accepted,MODEL_ADEQUACY_LIMITATION,"A1 returned BOUNDARY_LIMITED; blocked by M3 on evaluability, not by any detector firing.  Both continuous competence conditions passed.",0.986206896551724,0.8,True,0.0184462051736561,0.04862048738622342,0.37939161380934283,0.8,True,BOUNDARY_LIMITED,BOUNDARY_LIMITED,True,False,,M3,30,6,False,28,11,False,16,1,False,24,20,0,2,14,0,0,2,14,M3:low_energy_plateau@upper,0.9889655318456996,0.329801889548376,0.6591636422973235,0.9999,20,5,120,30,6,0.0,6.036879266192339,0.21118781174803153,UNEVALUABLE,a1_adequacy
PB|held_out|F11|r004,F11,F11,mass_affine_descriptor,False,m0_accepted,m0_accepted,MODEL_ADEQUACY_LIMITATION,"A1 returned BOUNDARY_LIMITED; blocked by M3 on evaluability, not by any detector firing.  Both continuous competence conditions passed.",0.9893214682981089,0.8,True,0.01678336473923669,0.06055768860961999,0.2771467195095445,0.8,True,BOUNDARY_LIMITED,BOUNDARY_LIMITED,True,False,,M3,30,2,False,29,7,False,22,2,False,24,20,0,1,8,0,0,1,8,M3:low_energy_plateau@upper,0.9757803006825932,0.23861775528419468,0.7371625453983985,0.9999,20,5,120,30,6,0.0,4.87920165549788,0.18978451364032722,UNEVALUABLE,a1_adequacy
PB|held_out|F11|r005,F11,F11,mass_affine_descriptor,True,NONE,,NONE_SUCCESS,all three G1 conjuncts satisfied,0.9733036707452726,0.8,True,0.018189907740972372,0.038494538237319395,0.4725321714169247,0.8,True,M0_NOT_REJECTED,M0_NOT_REJECTED,True,True,,,30,8,False,28,5,False,25,5,False,24,20,0,2,5,0,0,2,5,M3:low_energy_plateau@upper,0.965528791366236,0.35285991737391315,0.612668873992323,0.9972844264948573,20,5,120,30,6,0.0,5.056294224467438,0.20161914813911896,REJECTED_UNSTABLE,stability
PB|held_out|F11|r006,F11,F11,mass_affine_descriptor,True,NONE,,NONE_SUCCESS,all three G1 conjuncts satisfied,0.9893214682981089,0.8,True,0.019150075694649688,0.08201475084383297,0.2334955053526162,0.8,True,M0_NOT_REJECTED,M0_NOT_REJECTED,True,True,,,30,5,False,29,4,False,28,3,False,24,20,0,1,2,0,0,1,2,M2:high_energy_asymptote@lower,0.946150537727657,0.24827824549216923,0.6978722922354877,0.9999,20,5,120,30,6,0.0,4.535761870063758,0.23392538488657771,REJECTED_UNSTABLE,stability
PB|held_out|F11|r007,F11,F11,mass_affine_descriptor,False,m0_accepted,m0_accepted,MODEL_ADEQUACY_LIMITATION,"A1 returned BOUNDARY_LIMITED; blocked by M3 on evaluability, not by any detector firing.  Both continuous competence conditions passed.",0.9844271412680755,0.8,True,0.017890918736752217,0.05283151749302695,0.3386410155474633,0.8,True,BOUNDARY_LIMITED,BOUNDARY_LIMITED,True,False,,M3,30,5,False,29,10,False,12,7,False,24,20,0,1,18,0,0,1,18,M3:low_energy_plateau@upper,0.9999,0.273878038301372,0.7260219616986281,0.9999,20,5,120,30,6,0.0,6.002686641183285,0.2518123868526333,UNEVALUABLE,a1_adequacy
PB|held_out|F11|r008,F11,F11,mass_affine_descriptor,False,m0_accepted,m0_accepted,MODEL_ADEQUACY_LIMITATION,"A1 returned BOUNDARY_LIMITED; blocked by M3 on evaluability, not by any detector firing.  Both continuous competence conditions passed.",0.9657397107897663,0.8,True,0.02093146819278682,0.03630159490214279,0.5765991342587344,0.8,True,BOUNDARY_LIMITED,BOUNDARY_LIMITED,True,False,,M3,30,3,False,29,6,False,19,7,False,24,20,0,1,11,0,0,1,11,M3:low_energy_plateau@upper,0.9842050204427527,0.3461774870854351,0.6380275333573175,0.9999,20,5,120,30,6,0.0,4.10214724347422,0.2040571598562807,UNEVALUABLE,a1_adequacy
PB|held_out|F11|r009,F11,F11,mass_affine_descriptor,True,NONE,,NONE_SUCCESS,all three G1 conjuncts satisfied,0.9879866518353726,0.8,True,0.017584575684189124,0.05183469221230066,0.33924337029276713,0.8,True,M0_NOT_REJECTED,M0_NOT_REJECTED,True,True,,,30,9,False,29,7,False,25,4,False,24,20,0,1,5,0,0,1,5,M3:low_energy_plateau@upper,0.9668284844598745,0.1862231394546723,0.7806053450052022,0.9878554986906402,20,5,120,30,6,0.0,6.299620276509227,0.17144865529985523,REJECTED_UNSTABLE,stability
PB|held_out|F11|r010,F11,F11,mass_affine_descriptor,False,m0_accepted,m0_accepted,MODEL_ADEQUACY_LIMITATION,"A1 returned BOUNDARY_LIMITED; blocked by M3 on evaluability, not by any detector firing.  Both continuous competence conditions passed.",0.9919911012235817,0.8,True,0.01787367063969691,0.06453958160524095,0.276941222659638,0.8,True,BOUNDARY_LIMITED,BOUNDARY_LIMITED,True,False,,M3,30,3,False,29,6,False,7,1,False,24,20,0,1,23,0,0,1,23,M3:low_energy_plateau@upper,0.9999,0.20513035656411047,0.7947696434358895,0.9999,20,5,120,30,6,0.0,6.240850192716582,0.23757487207639189,UNEVALUABLE,a1_adequacy
PB|held_out|F11|r011,F11,F11,mass_affine_descriptor,False,m0_accepted,m0_accepted,MODEL_ADEQUACY_LIMITATION,"A1 returned BOUNDARY_LIMITED; blocked by M3 on evaluability, not by any detector firing.  Both continuous competence conditions passed.",0.9479421579532814,0.8,True,0.01968776565966636,0.06320076468001792,0.3115115103328964,0.8,True,BOUNDARY_LIMITED,BOUNDARY_LIMITED,True,False,,M3,30,6,False,30,3,False,10,3,False,24,20,0,0,20,0,0,0,20,M3:low_energy_plateau@upper,0.9997492607015693,0.32632578935859685,0.6734234713429725,0.9997492607015693,20,5,120,30,6,0.0,8.341060576228159,0.21546943441280317,UNEVALUABLE,a1_adequacy
PB|held_out|F12|r000,F12,F12,mass_affine_descriptor,True,NONE,,NONE_SUCCESS,all three G1 conjuncts satisfied,0.9813125695216908,0.8,True,0.017424298591449568,0.05679422452222442,0.3067970156830151,0.8,True,M0_NOT_REJECTED,M0_NOT_REJECTED,True,True,,,30,3,False,28,8,False,25,2,False,24,20,0,2,5,0,0,2,5,M3:low_energy_plateau@upper,0.9743192542438974,0.26161706228865556,0.7127021919552419,0.9999,20,5,120,30,6,0.0,6.330893440531486,0.21050445529235945,REJECTED_UNSTABLE,stability
PB|held_out|F12|r001,F12,F12,mass_affine_descriptor,True,NONE,,NONE_SUCCESS,all three G1 conjuncts satisfied,0.9919911012235817,0.8,True,0.019145872483934866,0.07037826936955947,0.27204238830311417,0.8,True,M0_NOT_REJECTED,M0_NOT_REJECTED,True,True,,,30,8,False,30,6,False,24,5,False,24,20,0,0,6,0,0,0,6,M3:low_energy_plateau@upper,0.9610798614158658,0.21335638966763687,0.7477234717482288,0.9768953318536098,20,5,120,30,6,0.0,4.90255877918904,0.20812646960242037,REJECTED_UNSTABLE,stability
PB|held_out|F12|r002,F12,F12,mass_affine_descriptor,False,m0_accepted,m0_accepted,MODEL_ADEQUACY_LIMITATION,"A1 returned BOUNDARY_LIMITED; blocked by M3 on evaluability, not by any detector firing.  Both continuous competence conditions passed.",0.9897664071190211,0.8,True,0.018316651803206623,0.07279573380222296,0.2516171051035863,0.8,True,BOUNDARY_LIMITED,BOUNDARY_LIMITED,True,False,,M3,30,8,False,25,7,False,15,6,False,24,20,0,5,15,0,0,5,15,M3:low_energy_plateau@upper,0.9848635628154482,0.33307300509780824,0.6517905577176399,0.9999,20,5,120,30,6,0.0,4.883720896055866,0.20279072921213592,UNEVALUABLE,a1_adequacy
PB|held_out|F12|r003,F12,F12,mass_affine_descriptor,False,m0_accepted,m0_accepted,MODEL_ADEQUACY_LIMITATION,"A1 returned BOUNDARY_LIMITED; blocked by M3 on evaluability, not by any detector firing.  Both continuous competence conditions passed.",0.9870967741935484,0.8,True,0.018252409663443214,0.06432337940499497,0.2837601169634107,0.8,True,BOUNDARY_LIMITED,BOUNDARY_LIMITED,True,False,,M3,30,3,False,28,6,False,16,1,False,24,20,0,2,14,0,0,2,14,M3:low_energy_plateau@upper,0.9817524805032665,0.27756575261313027,0.7041867278901361,0.9999,20,5,120,30,6,0.0,4.961973179382234,0.2349748744784841,UNEVALUABLE,a1_adequacy
PB|held_out|F12|r004,F12,F12,mass_affine_descriptor,False,m0_accepted,m0_accepted,MODEL_ADEQUACY_LIMITATION,"A1 returned BOUNDARY_LIMITED; blocked by M3 on evaluability, not by any detector firing.  Both continuous competence conditions passed.",0.9781979977753059,0.8,True,0.017402976918861668,0.04461062305622912,0.390108358202624,0.8,True,BOUNDARY_LIMITED,BOUNDARY_LIMITED,True,False,,M3,30,7,False,29,6,False,10,2,False,24,20,0,1,20,0,0,1,20,M3:low_energy_plateau@upper,0.9968586230509074,0.17075551929093424,0.8261031037599732,0.9968586230509074,20,5,120,30,6,0.0,5.978385381752844,0.1884692899770754,UNEVALUABLE,a1_adequacy
PB|held_out|F12|r005,F12,F12,mass_affine_descriptor,False,m0_accepted,m0_accepted,MODEL_ADEQUACY_LIMITATION,"A1 returned BOUNDARY_LIMITED; blocked by M3 on evaluability, not by any detector firing.  Both continuous competence conditions passed.",0.9888765294771968,0.8,True,0.018519420259054162,0.07171305716456136,0.2582433519262369,0.8,True,BOUNDARY_LIMITED,BOUNDARY_LIMITED,True,False,,M3,30,3,False,28,5,False,23,2,False,24,20,0,2,7,0,0,2,7,M3:low_energy_plateau@upper,0.9752643560189764,0.3094380893789316,0.6658262666400449,0.9999,20,5,120,30,6,0.0,4.376268562855681,0.252262821877623,UNEVALUABLE,a1_adequacy
PB|held_out|F12|r006,F12,F12,mass_affine_descriptor,False,m0_accepted,m0_accepted,MODEL_ADEQUACY_LIMITATION,"A1 returned BOUNDARY_LIMITED; blocked by M3 on evaluability, not by any detector firing.  Both continuous competence conditions passed.",0.9870967741935484,0.8,True,0.019833289485017107,0.05631784559538491,0.3521670489228087,0.8,True,BOUNDARY_LIMITED,BOUNDARY_LIMITED,True,False,,M3,30,7,False,27,7,False,13,3,False,24,20,0,3,17,0,0,3,17,M3:low_energy_plateau@upper,0.9908266137346614,0.2414856635402384,0.749340950194423,0.9908266137346614,20,5,120,30,6,0.0,6.742821081725817,0.19972624215364226,UNEVALUABLE,a1_adequacy
PB|held_out|F12|r007,F12,F12,mass_affine_descriptor,False,m0_accepted,m0_accepted,MODEL_ADEQUACY_LIMITATION,"A1 returned BOUNDARY_LIMITED; blocked by M3 on evaluability, not by any detector firing.  Both continuous competence conditions passed.",0.957285873192436,0.8,True,0.01692150939976303,0.04207291390614925,0.40219485242950653,0.8,True,BOUNDARY_LIMITED,BOUNDARY_LIMITED,True,False,,M3,30,7,False,27,5,False,14,4,False,24,20,0,3,16,0,0,3,16,M3:low_energy_plateau@upper,0.9922404955985789,0.2678325850740055,0.7244079105245733,0.9999,20,5,120,30,6,0.0,5.853225858609861,0.2083444010457969,UNEVALUABLE,a1_adequacy
PB|held_out|F12|r008,F12,F12,mass_affine_descriptor,False,m0_accepted,m0_accepted,MODEL_ADEQUACY_LIMITATION,"A1 returned BOUNDARY_LIMITED; blocked by M3 on evaluability, not by any detector firing.  Both continuous competence conditions passed.",0.9826473859844269,0.8,True,0.02117673666518234,0.06683289104605361,0.31686099963249753,0.8,True,BOUNDARY_LIMITED,BOUNDARY_LIMITED,True,False,,M3,30,5,False,30,10,False,13,6,False,24,20,0,0,17,0,0,0,17,M3:low_energy_plateau@upper,0.9999,0.3682790773356099,0.6316209226643901,0.9999,20,5,120,30,6,0.0,9.691694656314997,0.1987175599260243,UNEVALUABLE,a1_adequacy
PB|held_out|F12|r009,F12,F12,mass_affine_descriptor,True,NONE,,NONE_SUCCESS,all three G1 conjuncts satisfied,0.9684093437152391,0.8,True,0.02152973523486855,0.05301965072254146,0.40607086130265885,0.8,True,M0_NOT_REJECTED,M0_NOT_REJECTED,True,True,,,30,6,False,30,11,False,27,8,False,24,20,0,0,3,0,0,0,3,M3:low_energy_plateau@upper,0.9465886610778099,0.2533833721900915,0.6932052888877185,0.9999,20,5,120,30,6,0.0,4.227674779147099,0.21720974566717638,STRUCTURAL_ACCEPTED,all_passed
PB|held_out|F12|r010,F12,F12,mass_affine_descriptor,False,m0_accepted,m0_accepted,MODEL_ADEQUACY_LIMITATION,"A1 returned BOUNDARY_LIMITED; blocked by M3 on evaluability, not by any detector firing.  Both continuous competence conditions passed.",0.9701890989988877,0.8,True,0.017330714394315352,0.042588072306639795,0.4069382213294816,0.8,True,BOUNDARY_LIMITED,BOUNDARY_LIMITED,True,False,,M3,30,2,False,29,5,False,23,7,False,24,20,0,1,7,0,0,1,7,M3:low_energy_plateau@upper,0.9678909963516061,0.32993165244448797,0.6379593439071182,0.9800252302335181,20,5,120,30,6,0.0,5.1615879750660305,0.20793596903412026,UNEVALUABLE,a1_adequacy
PB|held_out|F12|r011,F12,F12,mass_affine_descriptor,False,m0_accepted,m0_accepted,MODEL_ADEQUACY_LIMITATION,"A1 returned BOUNDARY_LIMITED; blocked by M3 on evaluability, not by any detector firing.  Both continuous competence conditions passed.",0.9795328142380423,0.8,True,0.018959857340042297,0.04406387959527831,0.43028116258001825,0.8,True,BOUNDARY_LIMITED,BOUNDARY_LIMITED,True,False,,M3,30,5,False,30,10,False,19,3,False,24,20,0,0,11,0,0,0,11,M3:low_energy_plateau@upper,0.974876818523493,0.33985561159067407,0.6350212069328189,0.9937916040466099,20,5,120,30,6,0.0,5.831351844601741,0.19217286023367972,UNEVALUABLE,a1_adequacy
PB|held_out|F17|r000,F17,F17,mass_affine_descriptor,True,NONE,,NONE_SUCCESS,all three G1 conjuncts satisfied,0.9804226918798665,0.8,True,0.019379174526096235,0.06826595054823112,0.2838776047277698,0.8,True,M0_NOT_REJECTED,M0_NOT_REJECTED,True,True,,,30,3,False,28,6,False,28,5,False,24,20,0,2,2,0,0,2,2,M2:high_energy_asymptote@lower,0.9301646774604421,0.22636189129945178,0.7038027861609903,0.9569030905241535,20,5,120,30,6,0.0,4.1689542049047565,0.18608008514056304,REJECTED_UNSTABLE,stability
PB|held_out|F17|r001,F17,F17,mass_affine_descriptor,True,NONE,,NONE_SUCCESS,all three G1 conjuncts satisfied,0.9795328142380423,0.8,True,0.018589264597829995,0.04723045636130271,0.3935863853532595,0.8,True,M0_NOT_REJECTED,M0_NOT_REJECTED,True,True,,,30,4,False,30,12,False,27,4,False,24,20,0,0,3,0,0,0,3,M3:low_energy_plateau@upper,0.938831426638901,0.3114459091042463,0.6273855175346547,0.9743151403426098,20,5,120,30,6,0.0,4.742935830521671,0.20948464420889318,REJECTED_UNSTABLE,stability
PB|held_out|F17|r002,F17,F17,mass_affine_descriptor,False,m0_accepted,m0_accepted,MODEL_ADEQUACY_LIMITATION,"A1 returned BOUNDARY_LIMITED; blocked by M3 on evaluability, not by any detector firing.  Both continuous competence conditions passed.",0.9608453837597329,0.8,True,0.017952072134250947,0.051433634012916105,0.3490337106987772,0.8,True,BOUNDARY_LIMITED,BOUNDARY_LIMITED,True,False,,M3,30,8,False,26,11,False,21,6,False,24,20,0,4,9,0,0,4,9,M3:low_energy_plateau@upper,0.9766026659794168,0.24209482441682337,0.7345078415625934,0.9853960079055992,20,5,120,30,6,0.0,4.525473991178142,0.20729453005351056,UNEVALUABLE,a1_adequacy
PB|held_out|F17|r003,F17,F17,mass_affine_descriptor,False,m0_accepted,m0_accepted,MODEL_ADEQUACY_LIMITATION,"A1 returned BOUNDARY_LIMITED; blocked by M3 on evaluability, not by any detector firing.  Both continuous competence conditions passed.",0.9853170189098998,0.8,True,0.01915058170574189,0.04941369679726223,0.38755614226383744,0.8,True,BOUNDARY_LIMITED,BOUNDARY_LIMITED,True,False,,M3,30,4,False,26,4,False,14,5,False,24,20,0,4,16,0,0,4,16,M3:low_energy_plateau@upper,0.9934489752672812,0.3434296404807219,0.6500193347865593,0.9999,20,5,120,30,6,0.0,5.979166002217988,0.1982261043481212,UNEVALUABLE,a1_adequacy
PB|held_out|F17|r004,F17,F17,mass_affine_descriptor,True,NONE,,NONE_SUCCESS,all three G1 conjuncts satisfied,0.9795328142380423,0.8,True,0.018102734432127045,0.038377371977248574,0.47170333713467844,0.8,True,M0_NOT_REJECTED,M0_NOT_REJECTED,True,True,,,30,1,False,30,7,False,24,6,False,24,20,0,0,6,0,0,0,6,M3:low_energy_plateau@upper,0.9646192384411881,0.35420536642765194,0.6104138720135361,0.9927434865502915,20,5,120,30,6,0.0,4.581595915135633,0.18995752666609048,REJECTED_UNSTABLE,stability
PB|held_out|F17|r005,F17,F17,mass_affine_descriptor,False,m0_accepted,m0_accepted,MODEL_ADEQUACY_LIMITATION,"A1 returned BOUNDARY_LIMITED; blocked by M3 on evaluability, not by any detector firing.  Both continuous competence conditions passed.",0.9911012235817575,0.8,True,0.015893569704114457,0.039602214513418624,0.40133032708888433,0.8,True,BOUNDARY_LIMITED,BOUNDARY_LIMITED,True,False,,M3,30,7,False,28,9,False,15,5,False,24,20,0,2,15,0,0,2,15,M3:low_energy_plateau@upper,0.9858928928895698,0.2852590511880719,0.7006338417014979,0.9999,20,5,120,30,6,0.0,5.543278417217057,0.18073384970976517,UNEVALUABLE,a1_adequacy
PB|held_out|F17|r006,F17,F17,mass_affine_descriptor,False,m0_accepted,m0_accepted,MODEL_ADEQUACY_LIMITATION,"A1 returned BOUNDARY_LIMITED; blocked by M3 on evaluability, not by any detector firing.  Both continuous competence conditions passed.",0.9617352614015572,0.8,True,0.01738338014377069,0.047333387725585555,0.367254088056205,0.8,True,BOUNDARY_LIMITED,BOUNDARY_LIMITED,True,False,,M3,30,4,False,27,7,False,22,1,False,24,20,0,3,8,0,0,3,8,M3:low_energy_plateau@upper,0.9635868346977292,0.22205364181336917,0.74153319288436,0.9952014216719649,20,5,120,30,6,0.0,6.850490274984649,0.21305414926748195,UNEVALUABLE,a1_adequacy
PB|held_out|F17|r007,F17,F17,mass_affine_descriptor,False,m0_accepted,m0_accepted,MODEL_ADEQUACY_LIMITATION,"A1 returned BOUNDARY_LIMITED; blocked by M3 on evaluability, not by any detector firing.  Both continuous competence conditions passed.",0.9933259176863181,0.8,True,0.01686961111977496,0.06520200174125268,0.2587284235033189,0.8,True,BOUNDARY_LIMITED,BOUNDARY_LIMITED,True,False,,M3,30,8,False,25,4,False,14,3,False,24,20,0,5,16,0,0,5,16,M3:low_energy_plateau@upper,0.9929914637298902,0.23873435961731507,0.7542571041125752,0.9999,20,5,120,30,6,0.0,6.239184669464947,0.22561932679292598,UNEVALUABLE,a1_adequacy
PB|held_out|F17|r008,F17,F17,mass_affine_descriptor,True,NONE,,NONE_SUCCESS,all three G1 conjuncts satisfied,0.978642936596218,0.8,True,0.020263231317053505,0.06372795668481517,0.31796455388129125,0.8,True,M0_NOT_REJECTED,M0_NOT_REJECTED,True,True,,,30,10,False,26,6,False,29,6,False,24,20,0,4,1,0,0,4,1,M2:high_energy_asymptote@lower,0.9454977525041777,0.264381548716965,0.6811162037872127,0.9789796348647064,20,5,120,30,6,0.0,4.22703918674346,0.21986898031631177,REJECTED_UNSTABLE,stability
PB|held_out|F17|r009,F17,F17,mass_affine_descriptor,False,m0_accepted,m0_accepted,MODEL_ADEQUACY_LIMITATION,"A1 returned BOUNDARY_LIMITED; blocked by M3 on evaluability, not by any detector firing.  Both continuous competence conditions passed.",0.9604004449388208,0.8,True,0.019115931140336422,0.03639292327374165,0.5252650631154167,0.8,True,BOUNDARY_LIMITED,BOUNDARY_LIMITED,True,False,,M3,30,5,False,30,10,False,22,5,False,24,20,0,0,8,0,0,0,8,M3:low_energy_plateau@upper,0.9662259688342121,0.22551067721412116,0.740715291620091,0.9677113674560618,20,5,120,30,6,0.0,4.924544450513041,0.20478523827009454,UNEVALUABLE,a1_adequacy
PB|held_out|F17|r010,F17,F17,mass_affine_descriptor,True,NONE,,NONE_SUCCESS,all three G1 conjuncts satisfied,0.9741935483870968,0.8,True,0.019208952485876077,0.05668078272607045,0.33889709284203084,0.8,True,M0_NOT_REJECTED,M0_NOT_REJECTED,True,True,,,30,5,False,28,10,False,25,5,False,24,20,0,2,5,0,0,2,5,M3:low_energy_plateau@upper,0.9657334399829289,0.3305520500833498,0.6351813898995791,0.9999,20,5,120,30,6,0.0,7.325277278042276,0.19429680598495477,REJECTED_UNSTABLE,stability
PB|held_out|F17|r011,F17,F17,mass_affine_descriptor,False,m0_accepted,m0_accepted,MODEL_ADEQUACY_LIMITATION,"A1 returned BOUNDARY_LIMITED; blocked by M3 on evaluability, not by any detector firing.  Both continuous competence conditions passed.",0.9875417130144604,0.8,True,0.018774540881819457,0.067593665178394,0.27775592331425536,0.8,True,BOUNDARY_LIMITED,BOUNDARY_LIMITED,True,False,,M3,30,8,False,25,9,False,16,3,False,24,20,0,5,14,0,0,5,14,M3:low_energy_plateau@upper,0.9828462346216267,0.17210092831234125,0.8107453063092854,0.9999,20,5,120,30,6,0.0,6.013964455300922,0.2241248560719638,UNEVALUABLE,a1_adequacy
PB|held_out|F18|r000,F18,F18,mass_exponential_descriptor,True,NONE,,NONE_SUCCESS,all three G1 conjuncts satisfied,0.9808676307007785,0.8,True,0.01955758342343609,0.07587745995747129,0.25775221566981765,0.8,True,M0_NOT_REJECTED,M0_NOT_REJECTED,True,True,,,30,6,False,28,7,False,29,4,False,24,20,0,2,1,0,0,2,1,M2:high_energy_asymptote@lower,0.9453231331306293,0.24667042615178522,0.6986527069788441,0.9809352560932619,20,5,120,30,6,0.0,5.48991865932393,0.20709979592876335,STRUCTURAL_ACCEPTED,all_passed
PB|held_out|F18|r001,F18,F18,mass_exponential_descriptor,True,NONE,,NONE_SUCCESS,all three G1 conjuncts satisfied,0.9626251390433814,0.8,True,0.01922376700631921,0.03980735883883188,0.4829199315671885,0.8,True,M0_NOT_REJECTED,M0_NOT_REJECTED,True,True,,,30,7,False,29,7,False,28,5,False,24,20,0,1,2,0,0,1,2,M3:low_energy_plateau@upper,0.9376766119289902,0.29708658608302585,0.6405900258459644,0.9559775518361097,20,5,120,30,6,0.0,5.192015461052714,0.1967238623449816,STRUCTURAL_ACCEPTED,all_passed
PB|held_out|F18|r002,F18,F18,mass_exponential_descriptor,True,NONE,,NONE_SUCCESS,all three G1 conjuncts satisfied,0.9773081201334817,0.8,True,0.01918620939795752,0.045095411313049144,0.4254581306458925,0.8,True,M0_NOT_REJECTED,M0_NOT_REJECTED,True,True,,,30,9,False,30,8,False,27,5,False,24,20,0,0,3,0,0,0,3,M3:low_energy_plateau@upper,0.9231645983395197,0.18767300657872732,0.7354915917607924,0.9531574479400989,20,5,120,30,6,0.0,4.899968859785114,0.21522566337136553,STRUCTURAL_ACCEPTED,all_passed
PB|held_out|F18|r003,F18,F18,mass_exponential_descriptor,False,m0_accepted,m0_accepted,MODEL_ADEQUACY_LIMITATION,"A1 returned BOUNDARY_LIMITED; blocked by M3 on evaluability, not by any detector firing.  Both continuous competence conditions passed.",0.9897664071190211,0.8,True,0.01755305975423328,0.04699935914838,0.37347444884976283,0.8,True,BOUNDARY_LIMITED,BOUNDARY_LIMITED,True,False,,M3,30,7,False,28,6,False,22,6,False,24,20,0,2,8,0,0,2,8,M3:low_energy_plateau@upper,0.9475910070650106,0.2541652409282296,0.6934257661367811,0.9878177544432017,20,5,120,30,6,0.0,4.899246930974893,0.20283659552613817,UNEVALUABLE,a1_adequacy
PB|held_out|F18|r004,F18,F18,mass_exponential_descriptor,True,NONE,,NONE_SUCCESS,all three G1 conjuncts satisfied,0.9773081201334817,0.8,True,0.01848558092740182,0.039421979042266034,0.4689155992798489,0.8,True,M0_NOT_REJECTED,M0_NOT_REJECTED,True,True,,,30,9,False,28,8,False,25,7,False,24,20,0,2,5,0,0,2,5,M3:low_energy_plateau@upper,0.9572622751172924,0.30654006148564095,0.6507222136316515,0.9999,20,5,120,30,6,0.0,5.769754034239705,0.20210464937641345,STRUCTURAL_ACCEPTED,all_passed
PB|held_out|F18|r005,F18,F18,mass_exponential_descriptor,True,NONE,,NONE_SUCCESS,all three G1 conjuncts satisfied,0.9652947719688543,0.8,True,0.017191053135182488,0.05940140891302536,0.28940480452834655,0.8,True,M0_NOT_REJECTED,M0_NOT_REJECTED,True,True,,,30,3,False,29,7,False,29,5,False,24,20,0,1,1,0,0,1,1,M2:high_energy_asymptote@lower,0.9421288691565615,0.27232476292640156,0.6698041062301598,0.961103498561571,20,5,120,30,6,0.0,3.973658687595655,0.2511711096269883,STRUCTURAL_ACCEPTED,all_passed
PB|held_out|F18|r006,F18,F18,mass_exponential_descriptor,False,m0_accepted,m0_accepted,MODEL_ADEQUACY_LIMITATION,"A1 returned BOUNDARY_LIMITED; blocked by M3 on evaluability, not by any detector firing.  Both continuous competence conditions passed.",0.9523915461624026,0.8,True,0.017830250151100943,0.034827293794746875,0.5119619760347369,0.8,True,BOUNDARY_LIMITED,BOUNDARY_LIMITED,True,False,,M3,30,9,False,30,11,False,17,2,False,24,20,0,0,13,0,0,0,13,M3:low_energy_plateau@upper,0.9770071204618705,0.2850786388981435,0.691928481563727,0.9844357936857724,20,5,120,30,6,0.0,4.842711278932831,0.22978247086740827,UNEVALUABLE,a1_adequacy
PB|held_out|F18|r007,F18,F18,mass_exponential_descriptor,True,NONE,,NONE_SUCCESS,all three G1 conjuncts satisfied,0.9684093437152391,0.8,True,0.01945181921047079,0.05130943602840271,0.379108029948002,0.8,True,M0_NOT_REJECTED,M0_NOT_REJECTED,True,True,,,30,3,False,29,6,False,29,4,False,24,20,0,1,1,0,0,1,1,M2:high_energy_asymptote@lower,0.9466726812611974,0.31482139872068293,0.6318512825405145,0.9655610874240852,20,5,120,30,6,0.0,6.192308393176723,0.20529101546491527,STRUCTURAL_ACCEPTED,all_passed
PB|held_out|F18|r008,F18,F18,mass_exponential_descriptor,True,NONE,,NONE_SUCCESS,all three G1 conjuncts satisfied,0.9822024471635149,0.8,True,0.020249413774997484,0.044402721554569556,0.4560399242670652,0.8,True,M0_NOT_REJECTED,M0_NOT_REJECTED,True,True,,,30,5,False,30,8,False,29,4,False,24,20,0,0,1,0,0,0,1,M3:low_energy_plateau@upper,0.9296295586857282,0.38996690010233814,0.53966265858339,0.9905513049037644,20,5,120,30,6,0.0,4.7668733720084875,0.2081280680309143,STRUCTURAL_ACCEPTED,all_passed
PB|held_out|F18|r009,F18,F18,mass_exponential_descriptor,False,m0_accepted,m0_accepted,MODEL_ADEQUACY_LIMITATION,"A1 returned BOUNDARY_LIMITED; blocked by M3 on evaluability, not by any detector firing.  Both continuous competence conditions passed.",0.9719688542825362,0.8,True,0.017388441817360028,0.039263832247993485,0.4428615553248406,0.8,True,BOUNDARY_LIMITED,BOUNDARY_LIMITED,True,False,,M3,30,8,False,29,7,False,21,7,False,24,20,0,1,9,0,0,1,9,M3:low_energy_plateau@upper,0.978400515753198,0.28752751730150644,0.6908729984516915,0.9999,20,5,120,30,6,0.0,3.487833237608284,0.21203301304688743,UNEVALUABLE,a1_adequacy
PB|held_out|F18|r010,F18,F18,mass_exponential_descriptor,False,m0_accepted,m0_accepted,MODEL_ADEQUACY_LIMITATION,"A1 returned BOUNDARY_LIMITED; blocked by M3 on evaluability, not by any detector firing.  Both continuous competence conditions passed.",0.9848720800889877,0.8,True,0.018098879200352688,0.06590029522088621,0.2746403356720698,0.8,True,BOUNDARY_LIMITED,BOUNDARY_LIMITED,True,False,,M3,30,5,False,29,6,False,13,2,False,24,20,0,1,17,0,0,1,17,M3:low_energy_plateau@upper,0.9767947714789831,0.20099059798864577,0.7758041734903374,0.9999,20,5,120,30,6,0.0,5.133560417143731,0.20777366598397368,UNEVALUABLE,a1_adequacy
PB|held_out|F18|r011,F18,F18,mass_exponential_descriptor,False,m0_accepted,m0_accepted,MODEL_ADEQUACY_LIMITATION,"A1 returned BOUNDARY_LIMITED; blocked by M3 on evaluability, not by any detector firing.  Both continuous competence conditions passed.",0.9759733036707454,0.8,True,0.01872806592211249,0.036980512928477614,0.5064306695348877,0.8,True,BOUNDARY_LIMITED,BOUNDARY_LIMITED,True,False,,M3,30,5,False,28,9,False,15,3,False,24,20,0,2,15,0,0,2,15,M3:low_energy_plateau@upper,0.9841849558266756,0.22489704875227184,0.7592879070744039,0.9841849558266756,20,5,120,30,6,0.0,4.815840736009095,0.21090071877127764,UNEVALUABLE,a1_adequacy
PB|held_out|F19|r000,F19,F19A,,False,m0_accepted,m0_accepted,MODEL_ADEQUACY_LIMITATION,"A1 returned BOUNDARY_LIMITED; blocked by M3 on evaluability, not by any detector firing.  Both continuous competence conditions passed.",0.9919911012235817,0.8,True,0.019388566754326653,0.06538449764125084,0.2965315549368766,0.8,True,BOUNDARY_LIMITED,BOUNDARY_LIMITED,True,False,,M3,30,5,False,27,4,False,14,0,False,24,20,0,3,16,0,0,3,16,M3:low_energy_plateau@upper,0.9813183075036427,0.23925886281346717,0.7420594446901755,0.9999,20,5,120,30,6,0.0,4.780540861981416,0.20406642882316095,UNEVALUABLE,a1_adequacy
PB|held_out|F19|r001,F19,F19B,mass_power,True,NONE,,NONE_SUCCESS,all three G1 conjuncts satisfied,0.9790878754171303,0.8,True,0.018293291078133676,0.06593915399569898,0.27742683928469714,0.8,True,M0_NOT_REJECTED,M0_NOT_REJECTED,True,True,,,30,7,False,30,9,False,28,7,False,24,20,0,0,2,0,0,0,2,M3:low_energy_plateau@upper,0.9528508292729039,0.31055719317023184,0.6422936361026721,0.9892754235170105,20,5,120,30,6,0.0,4.496231805631308,0.21587134025733218,REJECTED_UNSTABLE,stability
PB|held_out|F19|r003,F19,F19A,,False,m0_accepted,m0_accepted,MODEL_ADEQUACY_LIMITATION,"A1 returned BOUNDARY_LIMITED; blocked by M3 on evaluability, not by any detector firing.  Both continuous competence conditions passed.",0.9844271412680755,0.8,True,0.019182975201042864,0.06716039352227278,0.2856292852822714,0.8,True,BOUNDARY_LIMITED,BOUNDARY_LIMITED,True,False,,M3,30,5,False,25,5,False,13,4,False,24,20,0,5,17,0,0,5,17,M3:low_energy_plateau@upper,0.9920046522679804,0.25200075237543945,0.7400038998925409,0.9999,20,5,120,30,6,0.0,4.636645289121871,0.19605714358948811,UNEVALUABLE,a1_adequacy
PB|held_out|F19|r004,F19,F19B,mass_power,False,m0_accepted,m0_accepted,MODEL_ADEQUACY_LIMITATION,"A1 returned BOUNDARY_LIMITED; blocked by M3 on evaluability, not by any detector firing.  Both continuous competence conditions passed.",0.9795328142380423,0.8,True,0.018735554019481952,0.04997953736597574,0.3748644946889092,0.8,True,BOUNDARY_LIMITED,BOUNDARY_LIMITED,True,False,,M3,30,5,False,29,7,False,21,4,False,24,20,0,1,9,0,0,1,9,M3:low_energy_plateau@upper,0.9755898273841352,0.29970214203488793,0.6758876853492473,0.9823612651144216,20,5,120,30,6,0.0,6.78165606565919,0.21282844030327053,UNEVALUABLE,a1_adequacy
PB|held_out|F19|r006,F19,F19A,,False,m0_accepted,m0_accepted,MODEL_ADEQUACY_LIMITATION,"A1 returned BOUNDARY_LIMITED; blocked by M3 on evaluability, not by any detector firing.  Both continuous competence conditions passed.",0.9884315906562846,0.8,True,0.01764544748400105,0.0445117028920763,0.3964226560099138,0.8,True,BOUNDARY_LIMITED,BOUNDARY_LIMITED,True,False,,M3,30,3,False,30,10,False,19,3,False,24,20,0,0,11,0,0,0,11,M3:low_energy_plateau@upper,0.9631448618234514,0.24852040637709621,0.7146244554463552,0.9839643246199468,20,5,120,30,6,0.0,5.538793062185846,0.21090457514609218,UNEVALUABLE,a1_adequacy
PB|held_out|F19|r007,F19,F19B,mass_power,True,NONE,,NONE_SUCCESS,all three G1 conjuncts satisfied,0.9826473859844269,0.8,True,0.017833579366891086,0.06136355085565784,0.2906216983570597,0.8,True,M0_NOT_REJECTED,M0_NOT_REJECTED,True,True,,,30,7,False,29,2,False,25,5,False,24,20,0,1,5,0,0,1,5,M3:low_energy_plateau@upper,0.944591522635658,0.22243809005217616,0.7221534325834819,0.9669431541972661,20,5,120,30,6,0.0,5.2156574163262945,0.2386834262408911,STRUCTURAL_ACCEPTED,all_passed
PB|held_out|F19|r009,F19,F19A,,False,m0_accepted,m0_accepted,MODEL_ADEQUACY_LIMITATION,"A1 returned BOUNDARY_LIMITED; blocked by M3 on evaluability, not by any detector firing.  Both continuous competence conditions passed.",0.9888765294771968,0.8,True,0.01916232360508039,0.0668344687652944,0.2867131879565555,0.8,True,BOUNDARY_LIMITED,BOUNDARY_LIMITED,True,False,,M3,30,6,False,27,9,False,8,1,False,24,20,0,3,22,0,0,3,22,M3:low_energy_plateau@upper,0.9999,0.19199394449181612,0.8079060555081838,0.9999,20,5,120,30,6,0.0,4.917922804355881,0.22573654688544353,UNEVALUABLE,a1_adequacy
PB|held_out|F19|r010,F19,F19B,mass_power,True,NONE,,NONE_SUCCESS,all three G1 conjuncts satisfied,0.9733036707452726,0.8,True,0.01697318519669426,0.03899934094760478,0.4352172314782848,0.8,True,M0_NOT_REJECTED,M0_NOT_REJECTED,True,True,,,30,2,False,30,6,False,29,4,False,24,20,0,0,1,0,0,0,1,M3:low_energy_plateau@upper,0.9449899288566634,0.2981709367791079,0.6468189920775556,0.9846917170257005,20,5,120,30,6,0.0,4.620711849923548,0.17957584523665354,REJECTED_UNSTABLE,stability
