group_key,n_hbd,n_hba,frac_csp3,mol_logp,n_amide,n_ester_carboxyl,n_ether,n_hydroxyl,n_amine,n_aromatic_atoms,n_halogen_aromatic,fraction_rotatable
AAGFPTSOPGCENQ,0.0,2.0,0.8,1.6477,1.0,0.0,0.0,0.0,2.0,0.0,0.0,0.0
ADWTYURAFSWNSU,1.0,2.0,0.3333333333333333,1.2601999999999995,2.0,0.0,0.0,0.0,3.0,6.0,1.0,0.14285714285714285
AEKQMJRJRAHOAP,1.0,2.0,0.3333333333333333,3.426540000000002,0.0,0.0,0.0,0.0,3.0,14.0,0.0,0.09090909090909091
AEOCXXJPGCBFJA,1.0,2.0,0.25,1.2782,0.0,0.0,0.0,0.0,2.0,6.0,0.0,0.18181818181818182
AFAIELJLZYUNPW,3.0,3.0,0.0,3.798670000000002,0.0,0.0,0.0,0.0,3.0,12.0,0.0,0.09090909090909091
AFYCEAFSNDLKSX,0.0,3.0,0.35714285714285715,2.9476200000000015,0.0,0.0,0.0,0.0,1.0,10.0,0.0,0.17647058823529413
AGOYDEPGAOXOCK,4.0,14.0,0.9473684210526315,2.439700000000004,0.0,1.0,7.0,4.0,1.0,0.0,0.0,0.15384615384615385
AHMMSNQYOPMLSX,0.0,3.0,0.7333333333333333,7.512900000000009,0.0,1.0,1.0,0.0,0.0,0.0,0.0,0.30303030303030304
AHOUBRCZNHFOSL,1.0,4.0,0.3684210526315789,3.326500000000002,0.0,0.0,3.0,0.0,1.0,12.0,1.0,0.16666666666666666
AKNNEGZIBPJZJG,0.0,8.0,0.4090909090909091,2.881800000000001,0.0,1.0,6.0,0.0,1.0,12.0,0.0,0.13333333333333333
AKNQMEBLVAMSNZ,0.0,4.0,0.3333333333333333,2.484700000000001,0.0,0.0,2.0,0.0,3.0,11.0,2.0,0.15789473684210525
ALZOLUNSQWINIR,1.0,2.0,0.09090909090909091,2.89482,0.0,1.0,0.0,0.0,1.0,10.0,1.0,0.06666666666666667
AMEKQAFGQBKLKX,1.0,4.0,0.25,1.3016,1.0,0.0,1.0,0.0,1.0,6.0,0.0,0.1111111111111111
AMFGTOFWMRQMEM,0.0,6.0,0.3333333333333333,2.9436000000000018,0.0,0.0,0.0,0.0,3.0,11.0,0.0,0.35
AMRQXHFXNZFDCH,2.0,3.0,0.3333333333333333,1.7596999999999998,2.0,0.0,1.0,0.0,2.0,6.0,0.0,0.23529411764705882
ANJTVLIZGCUXLD,1.0,2.0,0.5454545454545454,0.5549999999999999,0.0,0.0,0.0,0.0,2.0,6.0,0.0,0.0
AQHHHDLHHXJYJD,2.0,3.0,0.375,2.5775000000000006,0.0,0.0,1.0,1.0,1.0,10.0,0.0,0.3157894736842105
AQSQFWLMFCKKMG,2.0,1.0,0.8888888888888888,1.8858,2.0,0.0,0.0,0.0,2.0,0.0,0.0,0.5
AQYMRQUYPFCXDM,2.0,3.0,0.05555555555555555,3.8063000000000025,1.0,0.0,1.0,1.0,1.0,16.0,0.0,0.13636363636363635
ASDAXOTYWQZBDR,1.0,7.0,0.7777777777777778,0.2741,0.0,2.0,3.0,1.0,1.0,0.0,0.0,0.0
ASOKPJOREAFHNY,1.0,3.0,0.0,0.6685999999999999,0.0,0.0,0.0,0.0,3.0,9.0,0.0,0.0
ATROHALUCMTWTB,0.0,6.0,0.3333333333333333,3.2283800000000014,0.0,0.0,0.0,0.0,2.0,6.0,0.0,0.3684210526315789
ATWWYGQDYGSWQA,2.0,6.0,0.35,2.6519000000000004,0.0,0.0,3.0,1.0,1.0,13.0,0.0,0.15384615384615385
AUFSOOYCQYDGES,1.0,1.0,0.4,2.0095,0.0,0.0,0.0,0.0,1.0,6.0,0.0,0.2727272727272727
AUGQEEXBDZWUJY,1.0,7.0,0.7894736842105263,1.1248999999999998,0.0,2.0,4.0,1.0,0.0,0.0,0.0,0.11538461538461539
AUMLVMKWJGCERZ,1.0,3.0,0.0,3.209600000000002,1.0,0.0,0.0,0.0,1.0,12.0,2.0,0.18181818181818182
AUQAUAIUNJIIEP,1.0,2.0,0.36363636363636365,2.3300600000000005,1.0,0.0,1.0,0.0,1.0,6.0,0.0,0.07142857142857142
AWYOMXWDGWUJHS,0.0,6.0,0.6923076923076923,3.8389000000000033,0.0,0.0,0.0,0.0,2.0,6.0,0.0,0.3
AWZOLILCOUMRDG,0.0,4.0,0.14285714285714285,5.715600000000004,0.0,0.0,0.0,0.0,0.0,12.0,0.0,0.3157894736842105
BACYUWVYYTXETD,1.0,2.0,0.8666666666666667,3.4503000000000013,1.0,1.0,0.0,0.0,1.0,0.0,0.0,0.631578947368421
BAFQDKPJKOLXFZ,0.0,6.0,0.25,2.3745000000000003,0.0,0.0,0.0,0.0,1.0,6.0,0.0,0.3125
BBXXLROWFHWFQY,2.0,4.0,0.6363636363636364,2.26502,0.0,0.0,0.0,1.0,3.0,6.0,0.0,0.3333333333333333
BCGWQEUPMDMJNV,0.0,2.0,0.3684210526315789,3.8750000000000027,0.0,0.0,0.0,0.0,2.0,12.0,0.0,0.19047619047619047
BCTQJXQXJVLSIG,1.0,2.0,0.23529411764705882,4.034520000000002,1.0,0.0,1.0,0.0,1.0,12.0,0.0,0.2
BDNFQGRSKSQXRI,0.0,4.0,0.3333333333333333,5.228400000000005,0.0,0.0,3.0,0.0,1.0,18.0,0.0,0.22580645161290322
BEAXWKCHSPVXQB,1.0,7.0,0.5,2.1048999999999998,0.0,0.0,1.0,0.0,6.0,15.0,0.0,0.24242424242424243
BEOZJBLIRPRMJM,2.0,4.0,0.26666666666666666,1.7812199999999998,1.0,0.0,0.0,1.0,4.0,11.0,0.0,0.09523809523809523
BEZZFPOZAYTVHN,2.0,4.0,0.06666666666666667,2.9079000000000015,1.0,0.0,1.0,0.0,3.0,15.0,0.0,0.13636363636363635
BGEBZHIAGXMEMV,0.0,4.0,0.08333333333333333,2.5478000000000005,0.0,0.0,1.0,0.0,0.0,13.0,0.0,0.0625
BGRWYRAHAFMIBJ,2.0,1.0,0.8571428571428571,1.1023999999999998,2.0,0.0,0.0,0.0,2.0,0.0,0.0,0.2
BHAAPTBBJKJZER,1.0,2.0,0.14285714285714285,1.2773999999999999,0.0,0.0,1.0,0.0,1.0,6.0,0.0,0.1111111111111111
BHHGXPLMPWCGHP,1.0,1.0,0.25,1.1878,0.0,0.0,0.0,0.0,1.0,6.0,0.0,0.2222222222222222
BIXJFIJYBLJTMK,2.0,2.0,0.375,2.0298999999999996,0.0,0.0,0.0,1.0,2.0,9.0,0.0,0.05263157894736842
BJQHLKABXJIVAM,0.0,4.0,0.6666666666666666,6.433000000000007,0.0,2.0,2.0,0.0,0.0,6.0,0.0,0.5
BLGXFZZNTVWLAY,2.0,4.0,0.5714285714285714,2.647100000000001,0.0,1.0,1.0,1.0,2.0,9.0,0.0,0.038461538461538464
BMLIZLVNXIYGCK,1.0,1.0,0.2222222222222222,2.4335000000000004,2.0,0.0,0.0,0.0,2.0,6.0,1.0,0.07692307692307693
BOFHKBLZOYVHSI,1.0,3.0,0.5,3.9902000000000033,0.0,0.0,0.0,0.0,1.0,6.0,1.0,0.2222222222222222
BPICBUSOMSTKRF,1.0,3.0,0.4166666666666667,3.2082400000000018,0.0,0.0,0.0,0.0,2.0,6.0,0.0,0.06666666666666667
BQGRVFPPZJPWPB,1.0,3.0,0.2,2.9598000000000013,0.0,0.0,0.0,0.0,1.0,12.0,0.0,0.25
BQYJATMQXGBDHF,0.0,5.0,0.2631578947368421,4.665500000000004,0.0,0.0,3.0,0.0,3.0,17.0,2.0,0.18518518518518517
BUGYDGFZZOZRHP,1.0,1.0,1.0,2.6941000000000006,0.0,0.0,0.0,0.0,1.0,0.0,0.0,0.0
BUXRLJCGHZZYNE,3.0,4.0,0.4166666666666667,1.17188,0.0,0.0,0.0,1.0,3.0,6.0,0.0,0.25
BUYMVQAILCEWRR,0.0,4.0,1.0,3.651200000000001,0.0,0.0,0.0,0.0,0.0,0.0,0.0,0.38461538461538464
BWHOZHOGCMHOBV,0.0,1.0,0.1,2.2888,0.0,0.0,0.0,0.0,0.0,6.0,0.0,0.18181818181818182
BWQSLRZZOVFVHJ,2.0,5.0,0.9333333333333333,0.7817999999999998,0.0,1.0,1.0,2.0,1.0,0.0,0.0,0.25
BXEHUCNTIZGSOJ,0.0,2.0,0.5333333333333333,4.406200000000004,1.0,0.0,0.0,0.0,1.0,6.0,0.0,0.2777777777777778
BXFOFFBJRFZBQZ,1.0,9.0,0.7916666666666666,1.6927,0.0,3.0,5.0,1.0,0.0,0.0,0.0,0.18181818181818182
BXNANOICGRISHX,0.0,6.0,0.35714285714285715,4.4311200000000035,0.0,0.0,0.0,0.0,0.0,10.0,1.0,0.2727272727272727
BYYMILHAKOURNM,1.0,1.0,0.25,2.825400000000001,2.0,0.0,0.0,0.0,2.0,6.0,1.0,0.125
BZKPWHYZMXOIDC,2.0,6.0,0.25,-0.8561000000000003,1.0,0.0,0.0,0.0,4.0,5.0,0.0,0.15384615384615385
CABMTIJINOIHOD,2.0,4.0,0.29411764705882354,2.2241,1.0,1.0,0.0,0.0,3.0,10.0,0.0,0.13043478260869565
CAWXEEYDBZRFPE,0.0,4.0,0.75,0.5131999999999994,0.0,0.0,0.0,0.0,4.0,6.0,0.0,0.1111111111111111
CBVCZFGXHXORBI,4.0,7.0,0.4722222222222222,2.8669000000000016,2.0,0.0,0.0,2.0,5.0,18.0,0.0,0.24444444444444444
CCGPUGMWYLICGL,1.0,1.0,0.4166666666666667,4.257200000000003,2.0,0.0,0.0,0.0,2.0,6.0,2.0,0.23529411764705882
CEAZRRDELHUEMR,8.0,12.0,1.0,-3.327499999999995,0.0,0.0,4.0,3.0,5.0,0.0,0.0,0.21212121212121213
CEEDFYRUPAWDOU,0.0,3.0,0.5882352941176471,5.520300000000005,0.0,1.0,2.0,0.0,0.0,6.0,2.0,0.4090909090909091
CEIZFXOZIQNICU,2.0,3.0,0.6,0.9319999999999997,1.0,0.0,0.0,1.0,1.0,0.0,0.0,0.21428571428571427
CEQFOVLGLXCDCX,1.0,4.0,0.13333333333333333,3.866200000000002,0.0,1.0,0.0,0.0,3.0,12.0,0.0,0.2
CGSLYBDCEGBZCG,0.0,4.0,0.4,6.485500000000006,0.0,0.0,0.0,0.0,0.0,12.0,0.0,0.44
CHIFOSRWCNZCFN,1.0,5.0,0.5384615384615384,3.720340000000003,0.0,0.0,0.0,0.0,3.0,6.0,0.0,0.3
CIEXPHRYOLIQQD,0.0,4.0,0.29411764705882354,3.1047400000000014,1.0,1.0,1.0,0.0,1.0,11.0,0.0,0.18181818181818182
CIFWZNRJIBNXRE,1.0,3.0,0.14285714285714285,2.9000200000000005,0.0,0.0,0.0,0.0,3.0,12.0,0.0,0.11764705882352941
CIGKZVUEZXGYSV,1.0,4.0,0.5333333333333333,1.8131199999999998,1.0,0.0,1.0,0.0,1.0,6.0,0.0,0.3181818181818182
CJCSPKMFHVPWAR,4.0,4.0,0.3,0.4423000000000001,0.0,1.0,0.0,2.0,1.0,6.0,0.0,0.2
CJHXCRMKMMBYJQ,1.0,4.0,0.6363636363636364,1.89922,0.0,0.0,0.0,1.0,3.0,6.0,0.0,0.26666666666666666
CJIASZBWXIFQMU,9.0,10.0,0.46296296296296297,3.288800000000009,7.0,2.0,1.0,0.0,8.0,15.0,0.0,0.17567567567567569
CJJOSEISRRTUQB,0.0,7.0,0.3,1.9994999999999998,0.0,0.0,0.0,0.0,3.0,10.0,0.0,0.2631578947368421
CJPQIRJHIZUAQP,0.0,3.0,0.3,3.440640000000002,1.0,1.0,1.0,0.0,1.0,12.0,0.0,0.20833333333333334
CLKZWXHKFXZIMA,2.0,4.0,0.07692307692307693,2.3115000000000006,2.0,0.0,0.0,0.0,4.0,12.0,0.0,0.2
CLSJYOLYMZNKJB,2.0,5.0,0.3333333333333333,1.9249,1.0,0.0,1.0,0.0,3.0,9.0,0.0,0.2
CMEWLCATCRTSGF,0.0,3.0,0.25,2.1505,0.0,0.0,0.0,0.0,2.0,6.0,0.0,0.18181818181818182
CMGDVUCDZOBDNL,1.0,2.0,0.14285714285714285,1.26632,0.0,0.0,0.0,0.0,3.0,9.0,0.0,0.0
CMWTZPSULFXXJA,1.0,2.0,0.21428571428571427,3.036500000000001,0.0,1.0,1.0,0.0,0.0,10.0,0.0,0.17647058823529413
CNIGFESSDPOCKS,2.0,7.0,0.17391304347826086,3.523600000000002,1.0,1.0,4.0,0.0,2.0,18.0,1.0,0.24242424242424243
CNKHSLKYRMDDNQ,1.0,2.0,0.2222222222222222,3.9257000000000026,2.0,0.0,0.0,0.0,2.0,12.0,1.0,0.08695652173913043
CNWSQCLBDWYLAN,2.0,1.0,0.8,0.45480000000000026,2.0,0.0,0.0,0.0,2.0,0.0,0.0,0.375
COYBRKAVBMYYSF,0.0,4.0,0.4444444444444444,4.779000000000004,0.0,1.0,2.0,0.0,1.0,10.0,1.0,0.34782608695652173
CPEUVMUXAHMANV,2.0,4.0,0.0625,3.111300000000001,1.0,0.0,1.0,0.0,3.0,15.0,1.0,0.13043478260869565
CPHJEACXPATRSU,2.0,3.0,1.0,3.974100000000003,0.0,0.0,0.0,2.0,1.0,0.0,0.0,0.8095238095238095
CQIUKKVOEOPUDV,2.0,4.0,0.38461538461538464,1.721,0.0,1.0,1.0,1.0,0.0,0.0,0.0,0.05555555555555555
CSMYCLLHRFFFLG,7.0,11.0,0.4375,-0.9180000000000006,0.0,0.0,1.0,5.0,2.0,9.0,0.0,0.2
CSWIKHNSBZVWNQ,0.0,2.0,0.4375,3.541400000000002,1.0,0.0,1.0,0.0,1.0,6.0,0.0,0.35
CULUKMPMGVXCEI,0.0,2.0,0.5833333333333334,0.8971999999999998,0.0,0.0,0.0,0.0,2.0,6.0,0.0,0.0
CVXBEEMKQHEXEN,1.0,2.0,0.08333333333333333,2.5580000000000007,1.0,0.0,1.0,0.0,1.0,10.0,0.0,0.06666666666666667
CXJSOEPQXUCJSA,0.0,6.0,0.2857142857142857,2.908800000000001,0.0,0.0,0.0,0.0,2.0,12.0,0.0,0.3181818181818182
CXXVJZRGOOIVOD,0.0,7.0,0.8064516129032258,4.607940000000005,2.0,0.0,2.0,0.0,5.0,6.0,0.0,0.175
DBEPLOCGEIEOCV,2.0,2.0,0.8260869565217391,3.8145000000000024,2.0,0.0,0.0,0.0,2.0,0.0,0.0,0.037037037037037035
DBXFMOWZRXXBRN,2.0,5.0,0.5263157894736842,3.2196000000000016,2.0,1.0,2.0,0.0,2.0,6.0,1.0,0.2962962962962963
DCOPUUMXTXDBNB,2.0,2.0,0.07142857142857142,4.364100000000002,0.0,1.0,0.0,0.0,1.0,12.0,2.0,0.21052631578947367
DFPAKSUCGFBDDF,1.0,2.0,0.0,0.18050000000000016,1.0,0.0,0.0,0.0,2.0,6.0,0.0,0.1111111111111111
DGFTWBUZRHAHTH,1.0,1.0,0.45454545454545453,3.001500000000001,0.0,0.0,0.0,0.0,1.0,6.0,0.0,0.3333333333333333
DGFVZQGXKQCQGK,2.0,4.0,0.16666666666666666,2.2518000000000002,1.0,0.0,1.0,0.0,3.0,16.0,0.0,0.20833333333333334
DIOYAVUHUXAUPX,1.0,2.0,0.8095238095238095,5.566900000000005,1.0,1.0,0.0,0.0,1.0,0.0,0.0,0.68
DIRFUJHNVNOBMY,1.0,2.0,0.4166666666666667,2.9183000000000003,1.0,0.0,1.0,0.0,1.0,6.0,0.0,0.2
DIZKGJLRHOCMTP,1.0,1.0,0.13333333333333333,2.5645000000000007,1.0,0.0,0.0,0.0,1.0,12.0,0.0,0.17647058823529413
DJDSLBVSSOQSLW,1.0,3.0,0.5,3.7580000000000027,0.0,2.0,1.0,0.0,0.0,6.0,0.0,0.4
DJNZZLZKAXGMMC,2.0,8.0,0.5555555555555556,3.4135000000000018,2.0,0.0,1.0,0.0,7.0,12.0,0.0,0.15384615384615385
DJRKHTCUXRGYEU,1.0,2.0,0.5,3.227900000000001,0.0,0.0,1.0,0.0,1.0,6.0,0.0,0.42857142857142855
DKNWSYNQZKUICI,1.0,1.0,1.0,1.9139,0.0,0.0,0.0,0.0,1.0,0.0,0.0,0.0
DKYWVDODHFEZIM,1.0,2.0,0.125,3.1057000000000015,0.0,1.0,0.0,0.0,0.0,12.0,0.0,0.21052631578947367
DLAPIMGBBDILHJ,0.0,5.0,0.4,2.628520000000001,0.0,0.0,0.0,0.0,0.0,6.0,0.0,0.29411764705882354
DMBHHRLKUKUOEG,1.0,1.0,0.0,3.430200000000002,0.0,0.0,0.0,0.0,1.0,12.0,0.0,0.15384615384615385
DMJNNHOOLUXYBV,3.0,6.0,0.7058823529411765,-0.3079999999999994,2.0,1.0,0.0,1.0,3.0,0.0,0.0,0.19230769230769232
DNDNWOWHUWNBCK,6.0,10.0,0.4375,-0.6236000000000002,0.0,0.0,1.0,4.0,2.0,9.0,0.0,0.20689655172413793
DNRJTBAOUJJKDY,0.0,1.0,0.6111111111111112,4.792620000000004,0.0,0.0,0.0,0.0,0.0,6.0,0.0,0.05263157894736842
DNTGGZPQPQTDQF,0.0,1.0,0.3076923076923077,2.9240200000000014,1.0,0.0,0.0,0.0,1.0,6.0,0.0,0.2
DNUAYCRATWAJQE,0.0,5.0,0.3125,3.294120000000002,0.0,1.0,2.0,0.0,2.0,12.0,2.0,0.18518518518518517
DOIRQSBPFJWKBE,0.0,4.0,0.5,3.600400000000003,0.0,2.0,2.0,0.0,0.0,6.0,0.0,0.4
DOLQYFPDPKPQSS,1.0,1.0,0.25,1.88564,0.0,0.0,0.0,0.0,1.0,6.0,0.0,0.0
DPJCXCZTLWNFOH,1.0,3.0,0.0,1.177,0.0,0.0,0.0,0.0,2.0,6.0,0.0,0.1
DPWPWRLQFGFJFI,0.0,1.0,0.2727272727272727,1.7516,0.0,0.0,0.0,0.0,1.0,6.0,0.0,0.25
DQFPEYARZIQXRM,1.0,4.0,0.5,4.672960000000004,0.0,0.0,0.0,1.0,1.0,6.0,0.0,0.20833333333333334
DSKJPMWIHSOYEA,1.0,6.0,0.6923076923076923,1.7446199999999996,0.0,0.0,0.0,0.0,4.0,6.0,0.0,0.38095238095238093
DSRNRYQBBJQVCW,1.0,2.0,0.3,2.4421,2.0,0.0,1.0,0.0,2.0,6.0,1.0,0.13333333333333333
DTAPQAJKAFRNJB,1.0,2.0,0.4166666666666667,2.8366200000000017,1.0,0.0,1.0,0.0,1.0,6.0,0.0,0.13333333333333333
DTDSAWVUFPGDMX,0.0,4.0,0.5238095238095238,5.943600000000005,0.0,2.0,2.0,0.0,0.0,6.0,2.0,0.14814814814814814
DTHPMNDYKOSVFR,1.0,4.0,0.5714285714285714,0.5556999999999999,0.0,0.0,0.0,1.0,3.0,5.0,0.0,0.15384615384615385
DTRCGMNODLDAAK,2.0,8.0,0.7674418604651163,8.21750000000001,0.0,1.0,4.0,2.0,1.0,0.0,0.0,0.0196078431372549
DUFVKSUJRWYZQP,0.0,5.0,0.8888888888888888,3.831500000000003,1.0,0.0,0.0,0.0,1.0,0.0,0.0,0.375
DUOHVNSMLSPTMI,1.0,4.0,0.5714285714285714,0.4821199999999998,0.0,0.0,0.0,1.0,3.0,5.0,0.0,0.3076923076923077
DVOODWOZJVJKQR,0.0,4.0,0.3333333333333333,3.4418000000000024,0.0,0.0,1.0,0.0,2.0,11.0,2.0,0.13636363636363635
DVXZVCNEGRKLMW,1.0,5.0,0.6875,6.426900000000007,0.0,1.0,2.0,1.0,1.0,0.0,0.0,0.02702702702702703
DWFZBUWUXWZWKD,0.0,3.0,0.47368421052631576,5.241500000000006,0.0,0.0,0.0,0.0,2.0,12.0,1.0,0.125
DWRKFAJEBUWTQM,0.0,4.0,0.42857142857142855,3.263300000000002,0.0,0.0,2.0,0.0,3.0,11.0,2.0,0.19047619047619047
DWSPRBSLSXQIEJ,1.0,5.0,0.2857142857142857,2.0874200000000003,0.0,0.0,0.0,1.0,2.0,11.0,0.0,0.125
DXGLGDHPHMLXJC,1.0,3.0,0.07142857142857142,2.631800000000001,0.0,0.0,1.0,1.0,0.0,12.0,0.0,0.17647058823529413
DZUPKTNAUCDVTL,1.0,5.0,0.5333333333333333,3.7732000000000028,0.0,1.0,1.0,0.0,1.0,6.0,0.0,0.36363636363636365
FAOZLTXFLGPHNG,2.0,4.0,0.7272727272727273,2.923300000000001,0.0,0.0,0.0,2.0,0.0,0.0,0.0,0.037037037037037035
FBMQNRKSAWNXBT,2.0,4.0,0.0,1.6264,0.0,0.0,0.0,0.0,2.0,12.0,0.0,0.0
FBOUIAKEJMZPQG,1.0,3.0,0.3333333333333333,3.990000000000003,0.0,0.0,0.0,1.0,3.0,11.0,2.0,0.14285714285714285
FCBQJNCAKZSIAH,1.0,4.0,0.38095238095238093,3.3225000000000016,0.0,0.0,0.0,0.0,2.0,15.0,1.0,0.21428571428571427
FCOAHACKGGIURQ,0.0,4.0,0.5384615384615384,4.877900000000004,0.0,0.0,0.0,0.0,0.0,6.0,0.0,0.3888888888888889
FFGPTBGBLSHEPO,1.0,1.0,0.0,3.3872000000000018,2.0,0.0,0.0,0.0,2.0,12.0,0.0,0.0
FFHQNQNMELQOEF,2.0,5.0,0.08,4.979480000000003,1.0,0.0,1.0,0.0,4.0,22.0,0.0,0.1935483870967742
FFSSWMQPCJRCRV,1.0,2.0,0.0,3.2398000000000007,0.0,1.0,0.0,0.0,1.0,10.0,2.0,0.06666666666666667
FHIVAFMUCKRCQO,0.0,6.0,0.6666666666666666,3.5847200000000026,0.0,0.0,0.0,0.0,2.0,6.0,0.0,0.3684210526315789
FIQMHBFVRAXMOP,0.0,1.0,0.0,3.3260000000000014,0.0,0.0,0.0,0.0,0.0,18.0,0.0,0.15
FKNXQNWAXFXVNW,4.0,4.0,0.4375,2.0437,0.0,0.0,0.0,2.0,2.0,10.0,0.0,0.23809523809523808
FLEFKKUZMDEUIP,0.0,6.0,0.391304347826087,4.3270000000000035,1.0,0.0,1.0,0.0,2.0,12.0,3.0,0.10810810810810811
FMGZEUWROYGLAY,2.0,10.0,0.3076923076923077,0.17769999999999953,2.0,1.0,3.0,0.0,6.0,11.0,1.0,0.21428571428571427
FMJYNECHJIZSCE,1.0,7.0,0.5555555555555556,2.11292,0.0,0.0,0.0,0.0,3.0,6.0,0.0,0.35294117647058826
FMKMKBLHMONXJM,1.0,2.0,0.1,1.7629199999999998,0.0,0.0,0.0,0.0,3.0,11.0,0.0,0.07692307692307693
FNCMBMZOZQAWJA,1.0,3.0,0.36363636363636365,1.7590400000000002,1.0,0.0,1.0,0.0,1.0,6.0,0.0,0.125
FNYLWPVRPXGIIP,3.0,7.0,0.0,0.8333999999999999,0.0,0.0,0.0,0.0,7.0,16.0,0.0,0.05263157894736842
FOXFZRUHNHCZPX,1.0,5.0,0.625,0.3714999999999997,0.0,0.0,0.0,0.0,4.0,6.0,0.0,0.07142857142857142
FQEBOQLYHASAOY,1.0,2.0,0.14285714285714285,4.644200000000002,0.0,0.0,1.0,0.0,1.0,12.0,3.0,0.21052631578947367
FQKUGOMFVDPBIZ,0.0,2.0,0.125,1.9885,0.0,0.0,0.0,0.0,3.0,17.0,2.0,0.18181818181818182
FQNKTJPBXAZUGC,2.0,4.0,0.2222222222222222,3.167600000000001,0.0,1.0,0.0,1.0,1.0,12.0,0.0,0.2608695652173913
FQVNMXZPGWLUFZ,1.0,4.0,0.47058823529411764,2.4329,0.0,1.0,1.0,1.0,1.0,6.0,0.0,0.19047619047619047
FQXXSQDCDRQNQE,0.0,4.0,0.47368421052631576,2.4245,0.0,0.0,3.0,0.0,1.0,6.0,0.0,0.08695652173913043
FSAVDKDHPDSCTO,0.0,4.0,0.3333333333333333,5.7283000000000035,0.0,0.0,0.0,0.0,0.0,6.0,2.0,0.35
FSVJFNAIGNNGKK,0.0,2.0,0.5789473684210527,2.5349000000000004,2.0,0.0,0.0,0.0,2.0,6.0,0.0,0.043478260869565216
FTLQSQQQFMZPKO,1.0,3.0,0.24,4.297000000000004,1.0,0.0,0.0,0.0,2.0,17.0,1.0,0.1
FULZLIGZKMKICU,2.0,1.0,0.0,1.3421,0.0,0.0,0.0,0.0,2.0,6.0,0.0,0.1
FUSNMLFNXJSCDI,0.0,2.0,0.10526315789473684,4.948320000000004,0.0,0.0,1.0,0.0,1.0,16.0,0.0,0.09090909090909091
FWQYJOPJMIEKHZ,2.0,2.0,0.3,1.4069999999999998,1.0,0.0,0.0,0.0,2.0,6.0,0.0,0.15384615384615385
FXKFFTMLFPWYFH,2.0,5.0,0.5454545454545454,2.5385999999999997,2.0,1.0,0.0,0.0,2.0,6.0,0.0,0.16666666666666666
GBAWQJNHVWMTLU,0.0,4.0,0.5555555555555556,3.060200000000002,0.0,0.0,0.0,0.0,0.0,0.0,0.0,0.26666666666666666
GCAOVMKRBUCSET,2.0,3.0,0.21052631578947367,5.527720000000005,1.0,0.0,0.0,1.0,1.0,15.0,2.0,0.12
GDDNFNQRHNCJAZ,1.0,6.0,0.6666666666666666,1.0612999999999995,0.0,2.0,2.0,1.0,1.0,0.0,0.0,0.0
GDLIGKIOYRNHDA,0.0,2.0,0.3684210526315789,4.528400000000004,0.0,0.0,0.0,0.0,2.0,12.0,1.0,0.18181818181818182
GECHUMIMRBOMGK,2.0,4.0,0.0,1.4646000000000001,0.0,0.0,0.0,0.0,3.0,12.0,0.0,0.17647058823529413
GEPDYQSQVLXLEU,0.0,6.0,0.5714285714285714,1.4807,0.0,1.0,1.0,0.0,0.0,0.0,0.0,0.35714285714285715
GFNANZIMVAIWHM,4.0,6.0,0.7142857142857143,0.6204999999999998,0.0,0.0,0.0,4.0,0.0,0.0,0.0,0.07142857142857142
GGLIEWRLXDLBBF,2.0,2.0,0.2222222222222222,1.5758999999999999,2.0,0.0,1.0,0.0,2.0,6.0,0.0,0.23076923076923078
GGRWZBVSUZZMKS,1.0,2.0,0.06666666666666667,2.639800000000001,1.0,0.0,0.0,0.0,2.0,12.0,1.0,0.05
GHOKWGTUZJEAQD,4.0,4.0,0.7777777777777778,-1.0432999999999995,1.0,1.0,0.0,2.0,1.0,0.0,0.0,0.4
GJTKAAFWJZWEPS,1.0,10.0,0.41935483870967744,6.338000000000007,1.0,1.0,3.0,0.0,4.0,19.0,1.0,0.22727272727272727
GLTMLPGXPMAIOI,2.0,3.0,0.0,5.013300000000002,1.0,0.0,0.0,1.0,2.0,18.0,2.0,0.125
GMBRUAIJEFRHFQ,0.0,4.0,0.25,4.577500000000002,0.0,1.0,1.0,0.0,3.0,11.0,2.0,0.13636363636363635
GNBHRKFJIUUOQI,2.0,5.0,0.05,3.6658000000000017,0.0,1.0,2.0,2.0,0.0,18.0,0.0,0.0
GNOIPBMMFNIUFM,0.0,1.0,1.0,0.7792999999999999,0.0,0.0,0.0,0.0,3.0,0.0,0.0,0.2727272727272727
GNTVZNNILZKEIB,0.0,5.0,0.45454545454545453,2.983900000000001,0.0,0.0,0.0,0.0,0.0,6.0,0.0,0.3888888888888889
GOCUAJYOYBLQRH,1.0,4.0,0.2,4.398000000000002,0.0,1.0,2.0,0.0,1.0,12.0,1.0,0.20833333333333334
GOJCZVPJCKEBQV,0.0,6.0,0.5,3.143600000000002,0.0,3.0,3.0,0.0,0.0,6.0,0.0,0.4166666666666667
GONRXGWUUBPRKF,3.0,4.0,0.125,2.9620000000000006,1.0,0.0,1.0,1.0,3.0,15.0,1.0,0.13043478260869565
GPMHHSJZGVOEFS,2.0,3.0,0.0,2.3761,0.0,0.0,0.0,0.0,3.0,15.0,0.0,0.1111111111111111
GPNAVOJCQIEKQF,1.0,5.0,0.0,1.7867,0.0,0.0,0.0,0.0,3.0,9.0,0.0,0.07692307692307693
GPXLRLUVLMHHIK,2.0,2.0,0.0,3.3790000000000004,2.0,0.0,0.0,0.0,3.0,12.0,1.0,0.11764705882352941
GSLOLTKGVZFNKZ,1.0,4.0,0.7368421052631579,3.4823000000000013,0.0,0.0,0.0,0.0,0.0,0.0,0.0,0.08
GTKRZJVAXAQBMB,1.0,5.0,0.5,1.1955399999999998,1.0,0.0,1.0,0.0,4.0,6.0,0.0,0.125
GTZCKTIZOGTWQO,0.0,5.0,0.4,2.5121200000000004,0.0,0.0,0.0,0.0,0.0,6.0,0.0,0.29411764705882354
GVDRRZOORHCTAN,5.0,5.0,0.30434782608695654,1.0872999999999997,2.0,0.0,0.0,3.0,3.0,15.0,1.0,0.1875
GVGYEFKIHJTNQZ,1.0,4.0,0.5,1.7792999999999997,0.0,2.0,1.0,0.0,1.0,6.0,0.0,0.14285714285714285
GWLFIMOOGVXSMZ,2.0,6.0,0.36363636363636365,3.423000000000002,1.0,0.0,1.0,0.0,3.0,14.0,0.0,0.3448275862068966
GYSCAQFHASJXRS,0.0,9.0,0.4666666666666667,4.912500000000005,3.0,3.0,3.0,0.0,3.0,18.0,0.0,0.15789473684210525
GYSSRZJIHXQEHQ,1.0,3.0,0.25,2.620000000000001,1.0,0.0,1.0,0.0,1.0,6.0,0.0,0.125
GZGZVOLBULPDFD,3.0,5.0,0.25,0.5811999999999999,0.0,0.0,0.0,1.0,3.0,6.0,0.0,0.2857142857142857
GZUITABIAKMVPG,2.0,6.0,0.25,6.075200000000005,0.0,0.0,1.0,2.0,1.0,21.0,0.0,0.20588235294117646
GZVHEAJQGPRDLQ,2.0,5.0,0.0,0.7029999999999998,0.0,0.0,0.0,0.0,5.0,12.0,0.0,0.07142857142857142
HAORKNGNJCEJBX,1.0,3.0,0.2857142857142857,3.4060200000000025,0.0,0.0,0.0,0.0,3.0,12.0,0.0,0.17647058823529413
HBBVCKCCQCQCTJ,2.0,6.0,0.36363636363636365,3.858600000000003,0.0,1.0,3.0,1.0,0.0,12.0,0.0,0.41379310344827586
HBPDKDSFLXWOAE,1.0,4.0,0.6666666666666666,1.6111999999999997,2.0,0.0,0.0,0.0,4.0,5.0,0.0,0.06666666666666667
HDDSHPAODJUKPD,2.0,4.0,0.06666666666666667,3.892400000000001,1.0,0.0,1.0,0.0,3.0,15.0,0.0,0.14285714285714285
HDHLIWCXDDZUFH,2.0,6.0,0.7272727272727273,2.3782000000000005,0.0,0.0,0.0,0.0,5.0,6.0,0.0,0.23529411764705882
HDOVUKNUBWVHOX,3.0,8.0,0.5384615384615384,-0.7975999999999985,0.0,1.0,2.0,0.0,6.0,9.0,0.0,0.30434782608695654
HDVAWXXJVMJBAR,1.0,2.0,1.0,1.2431999999999999,0.0,0.0,0.0,1.0,1.0,0.0,0.0,0.08333333333333333
HEZNVIYQEUHLNI,1.0,3.0,0.36363636363636365,2.6579000000000006,1.0,0.0,1.0,0.0,1.0,6.0,0.0,0.26666666666666666
HFCYZXMHUIHAQI,2.0,4.0,0.0,2.1821,2.0,0.0,0.0,0.0,4.0,11.0,0.0,0.13333333333333333
HGBGXSPIBLZGHS,2.0,3.0,0.29411764705882354,3.8270000000000026,0.0,0.0,0.0,0.0,2.0,12.0,2.0,0.125
HJJPJSXJAXAIPN,0.0,3.0,0.625,0.4213,0.0,1.0,1.0,0.0,1.0,0.0,0.0,0.09090909090909091
HKPHPIREJKHECO,0.0,2.0,0.5882352941176471,4.1574000000000035,1.0,0.0,1.0,0.0,1.0,6.0,0.0,0.42857142857142855
HKQYGTCOTHHOMP,1.0,4.0,0.0625,3.1742000000000017,0.0,0.0,1.0,1.0,0.0,16.0,0.0,0.1
HLFSDGLLUJUHTE,0.0,3.0,0.36363636363636365,2.1460999999999997,0.0,0.0,0.0,0.0,2.0,6.0,0.0,0.07142857142857142
HMXDWDSNPRNUKI,1.0,3.0,0.30434782608695654,6.301700000000005,1.0,0.0,0.0,0.0,4.0,17.0,3.0,0.16129032258064516
HOMGKSMUEGBAAB,1.0,2.0,1.0,1.884,0.0,0.0,0.0,0.0,2.0,0.0,0.0,0.35714285714285715
HPDHKHMHQGCNPE,1.0,7.0,0.631578947368421,1.0094999999999998,0.0,2.0,2.0,1.0,1.0,0.0,0.0,0.0
HRKAMJBPFPHCSD,0.0,4.0,1.0,4.112300000000004,0.0,0.0,0.0,0.0,0.0,0.0,0.0,0.5294117647058824
HSHNITRMYYLLCV,1.0,3.0,0.1,1.8070199999999996,0.0,0.0,0.0,1.0,0.0,10.0,0.0,0.0
HSMVPDGQOIQYSR,0.0,3.0,0.3333333333333333,4.560200000000004,0.0,0.0,1.0,0.0,3.0,11.0,1.0,0.21739130434782608
HTJGLYIJVSDQAE,3.0,6.0,0.9166666666666666,-1.131099999999999,0.0,1.0,1.0,3.0,1.0,0.0,0.0,0.16666666666666666
HWVNEWGKWRGSRK,1.0,5.0,0.23809523809523808,6.340540000000004,0.0,1.0,1.0,0.0,1.0,17.0,1.0,0.22580645161290322
HXHWSAZORRCQMX,2.0,4.0,0.3333333333333333,3.2433000000000005,1.0,0.0,1.0,0.0,3.0,9.0,0.0,0.2222222222222222
HXTGXYRHXAGCFP,1.0,4.0,0.45454545454545453,3.831000000000003,0.0,0.0,2.0,1.0,1.0,12.0,1.0,0.25925925925925924
HYAFETHFCAUJAY,1.0,5.0,0.3157894736842105,3.159600000000001,2.0,0.0,1.0,0.0,2.0,12.0,0.0,0.28
HYYBABOKPJLUIN,2.0,2.0,0.13333333333333333,3.7452400000000017,0.0,1.0,0.0,0.0,1.0,12.0,0.0,0.16666666666666666
HZJKXKUJVSEEFU,0.0,3.0,0.4,3.583280000000002,0.0,0.0,0.0,0.0,4.0,11.0,1.0,0.3
IAJNXBNRYMEYAZ,0.0,3.0,0.1111111111111111,3.5751800000000022,0.0,1.0,1.0,0.0,1.0,12.0,0.0,0.19047619047619047
IAKHMKGGTNLKSZ,1.0,6.0,0.36363636363636365,2.871600000000001,1.0,0.0,4.0,0.0,1.0,13.0,0.0,0.1724137931034483
IANUJLZYFUDJIH,0.0,5.0,0.35714285714285715,3.5164000000000026,1.0,0.0,1.0,0.0,3.0,11.0,1.0,0.20833333333333334
IBXPYPUJPLLOIN,0.0,3.0,0.4,0.6367199999999998,0.0,0.0,0.0,0.0,3.0,5.0,0.0,0.1
ICFJFFQQTFMIBG,5.0,2.0,0.2,0.23654000000000086,0.0,0.0,0.0,0.0,5.0,6.0,0.0,0.2
IDIMIWQPUHURPV,2.0,7.0,0.6666666666666666,0.17780000000000018,0.0,2.0,2.0,2.0,1.0,0.0,0.0,0.038461538461538464
IEDVJHCEMCRBQM,2.0,7.0,0.2857142857142857,1.2575999999999998,0.0,0.0,3.0,0.0,4.0,12.0,0.0,0.23809523809523808
IFOLNWVBRSCJOJ,2.0,3.0,0.42857142857142855,0.42844,0.0,0.0,0.0,0.0,3.0,6.0,0.0,0.09090909090909091
IIAGSABLXRZUSE,6.0,11.0,0.47058823529411764,-0.6149999999999993,0.0,0.0,2.0,4.0,2.0,9.0,0.0,0.22580645161290322
IIBYAHWJQTYFKB,2.0,3.0,0.2631578947368421,3.554500000000001,1.0,1.0,1.0,0.0,1.0,12.0,1.0,0.28
IIMUEPCADBPEMF,0.0,6.0,1.0,2.2929000000000004,0.0,0.0,0.0,0.0,0.0,0.0,0.0,0.5333333333333333
IIQKUGXEGMZCLE,3.0,4.0,0.125,2.8229000000000006,1.0,0.0,1.0,1.0,3.0,15.0,0.0,0.13636363636363635
IITCWRFYJWUUPC,0.0,5.0,0.46153846153846156,2.2152000000000003,0.0,2.0,2.0,0.0,1.0,6.0,0.0,0.3333333333333333
IKVXBIIHQGXQRQ,0.0,3.0,0.2631578947368421,4.466000000000004,1.0,1.0,1.0,0.0,1.0,12.0,2.0,0.2
ILBONRFSLATCRE,0.0,5.0,0.8571428571428571,3.0035000000000016,0.0,0.0,0.0,0.0,1.0,0.0,0.0,0.35714285714285715
IMTMBDXEKMXETQ,3.0,5.0,0.2727272727272727,0.7253999999999994,1.0,1.0,0.0,0.0,3.0,6.0,0.0,0.3684210526315789
INFDPOAKFNIJBF,0.0,0.0,0.16666666666666666,1.0025999999999995,0.0,0.0,0.0,0.0,2.0,12.0,0.0,0.07142857142857142
IOPTXXRNXCPJGO,1.0,4.0,0.36363636363636365,1.3395000000000001,1.0,0.0,1.0,0.0,1.0,6.0,0.0,0.23529411764705882
IOUNQDKNJZEDEP,0.0,6.0,0.4166666666666667,4.236100000000003,0.0,0.0,0.0,0.0,1.0,9.0,1.0,0.3333333333333333
IPEHSCPRVOWQFQ,1.0,3.0,0.5384615384615384,2.222,0.0,0.0,0.0,0.0,2.0,6.0,0.0,0.16666666666666666
IPKKHRVROFYTEK,0.0,4.0,0.5555555555555556,4.380600000000004,0.0,2.0,2.0,0.0,0.0,6.0,0.0,0.45454545454545453
IPRJXAGUEGOFGG,1.0,2.0,0.4,1.7650000000000003,0.0,0.0,0.0,0.0,1.0,6.0,0.0,0.35714285714285715
IRGFNBRYIWLUOO,1.0,5.0,0.43333333333333335,5.3632200000000045,1.0,0.0,0.0,0.0,4.0,17.0,1.0,0.1891891891891892
IRIAEXORFWYRCZ,0.0,4.0,0.2631578947368421,4.000500000000003,0.0,2.0,2.0,0.0,0.0,12.0,0.0,0.30434782608695654
IRJQWZWMQCVOLA,3.0,4.0,0.06666666666666667,2.603700000000001,2.0,1.0,0.0,0.0,4.0,12.0,2.0,0.16666666666666666
IRSCQMHQWWYFCW,4.0,7.0,0.4444444444444444,-1.970899999999999,0.0,0.0,1.0,2.0,5.0,9.0,0.0,0.2777777777777778
ISRUGXGCCGIOQO,1.0,3.0,0.36363636363636365,2.192,1.0,0.0,2.0,0.0,1.0,6.0,0.0,0.2
ISZQNKFXNXQTTF,1.0,5.0,0.21052631578947367,4.081300000000002,0.0,1.0,0.0,0.0,2.0,12.0,0.0,0.25
ITYMTTQVNYAJAA,2.0,6.0,0.72,2.8566000000000016,0.0,1.0,1.0,2.0,0.0,0.0,0.0,0.125
IUBSYMUCCVWXPE,2.0,4.0,0.6,1.6132,0.0,0.0,2.0,1.0,1.0,6.0,0.0,0.47368421052631576
IUHMIOAKWHUFKU,2.0,6.0,0.3870967741935484,5.402900000000004,0.0,2.0,3.0,0.0,1.0,18.0,0.0,0.2564102564102564
IVUXTESCPZUGJC,1.0,2.0,0.13333333333333333,4.225800000000003,2.0,0.0,1.0,0.0,2.0,12.0,1.0,0.15
IXBQSRWSVIBXNC,8.0,9.0,0.5121951219512195,0.9729000000000099,5.0,2.0,1.0,0.0,8.0,6.0,0.0,0.22033898305084745
IXSZQYVWNJNRAL,0.0,3.0,0.38095238095238093,5.1791000000000045,0.0,0.0,2.0,0.0,1.0,12.0,2.0,0.15384615384615385
IYAZLDLPUNDVAG,1.0,3.0,0.4,4.8399000000000045,0.0,0.0,0.0,1.0,3.0,15.0,0.0,0.125
IYIKLHRQXLHMJQ,0.0,4.0,0.4,6.936200000000007,0.0,0.0,1.0,0.0,1.0,15.0,2.0,0.3548387096774194
IZFZCMFMJKDHJZ,0.0,4.0,0.11764705882352941,5.7641000000000036,0.0,0.0,0.0,0.0,4.0,12.0,0.0,0.07142857142857142
IZXSCPRWPYQTJH,1.0,6.0,0.7777777777777778,1.2852999999999992,0.0,2.0,2.0,1.0,1.0,0.0,0.0,0.0
JAEZSIYNWDWMMN,1.0,1.0,0.75,0.05230000000000001,0.0,0.0,0.0,0.0,2.0,0.0,0.0,0.0
JALVTHFTYRPDMB,1.0,2.0,1.0,5.734900000000007,0.0,0.0,0.0,1.0,1.0,0.0,0.0,0.0
JBDHZKLJNAIJNC,0.0,5.0,0.17647058823529413,3.6101000000000028,0.0,1.0,3.0,0.0,1.0,12.0,2.0,0.25
JBIJLHTVPXGSAM,1.0,1.0,0.0,2.4220000000000006,0.0,0.0,0.0,0.0,1.0,10.0,0.0,0.0
JCCNYMKQOSZNPW,0.0,3.0,0.36363636363636365,4.887800000000005,1.0,0.0,1.0,0.0,2.0,12.0,1.0,0.037037037037037035
JCICIFOYVSPMHG,0.0,1.0,0.07142857142857142,4.214200000000003,1.0,0.0,0.0,0.0,1.0,12.0,2.0,0.05555555555555555
JEJREKXHLFEVHN,2.0,6.0,0.5882352941176471,0.02210000000000023,0.0,1.0,2.0,2.0,1.0,6.0,0.0,0.17391304347826086
JHSPCUHPSIUQRB,1.0,1.0,0.0,2.0923,1.0,0.0,0.0,0.0,1.0,6.0,2.0,0.09090909090909091
JHWNWJKBPDFINM,1.0,1.0,0.9166666666666666,3.0172000000000008,1.0,0.0,0.0,0.0,1.0,0.0,0.0,0.0
JIIOLEGNERQDIP,1.0,1.0,0.3,2.18264,0.0,0.0,0.0,0.0,2.0,6.0,0.0,0.16666666666666666
JJAPPCJXQFKMJL,0.0,3.0,0.16666666666666666,4.222900000000003,0.0,0.0,1.0,0.0,2.0,17.0,0.0,0.2
JJCFRYNCJDLXIK,0.0,1.0,0.23809523809523808,4.697900000000004,0.0,0.0,0.0,0.0,1.0,12.0,0.0,0.0
JJJPNTQYUJPWGQ,0.0,1.0,0.21428571428571427,3.2569000000000017,0.0,0.0,0.0,0.0,1.0,12.0,0.0,0.26666666666666666
JLFNLZLINWHATN,2.0,6.0,1.0,-0.9625999999999986,0.0,0.0,4.0,2.0,0.0,0.0,0.0,0.8125
JLRGJRBPOGGCBT,2.0,3.0,0.4166666666666667,1.78302,2.0,0.0,0.0,0.0,2.0,6.0,0.0,0.2777777777777778
JLYFCTQDENRSOL,0.0,3.0,0.5833333333333334,2.9716400000000016,1.0,0.0,1.0,0.0,1.0,5.0,0.0,0.29411764705882354
JNELGWHKGNBSMD,0.0,2.0,0.0,2.946200000000001,0.0,0.0,0.0,0.0,0.0,14.0,0.0,0.0
JNMRHUJNCSQMMB,2.0,5.0,0.0,1.5261,0.0,0.0,0.0,0.0,3.0,11.0,0.0,0.1875
JNRLEMMIVRBKJE,0.0,2.0,0.29411764705882354,3.4094000000000024,0.0,0.0,0.0,0.0,2.0,12.0,0.0,0.21052631578947367
JNTOCHDNEULJHD,4.0,6.0,0.5,-1.3073000000000001,0.0,0.0,0.0,2.0,5.0,9.0,0.0,0.2777777777777778
JOFDPSBOUCXJCC,1.0,1.0,0.2222222222222222,1.8717399999999997,1.0,0.0,0.0,0.0,1.0,6.0,0.0,0.18181818181818182
JOOMJVFZQRQWKR,0.0,8.0,0.5,2.890720000000001,0.0,1.0,1.0,0.0,3.0,9.0,0.0,0.3333333333333333
JRBJSXQPQWSCCF,2.0,4.0,0.14285714285714285,2.5352000000000006,0.0,0.0,2.0,0.0,2.0,12.0,0.0,0.16666666666666666
JRBPAEWTRLWTQC,1.0,1.0,1.0,3.8660000000000023,0.0,0.0,0.0,0.0,1.0,0.0,0.0,0.7692307692307693
JRRUSQGIRBEMRN,2.0,6.0,0.3333333333333333,2.568600000000001,1.0,0.0,3.0,1.0,1.0,13.0,0.0,0.14285714285714285
JSJCTEKTBOKRST,3.0,3.0,0.5384615384615384,3.3625000000000007,0.0,0.0,0.0,1.0,2.0,6.0,1.0,0.15
JTEGQNOMFQHVDC,2.0,6.0,0.5,-0.5941000000000005,0.0,0.0,1.0,1.0,3.0,6.0,0.0,0.13333333333333333
JTMLMJOBCBXFES,1.0,6.0,0.25,3.961660000000002,1.0,0.0,1.0,0.0,3.0,12.0,0.0,0.17647058823529413
JUVSRZCUMWZBFK,2.0,3.0,0.45454545454545453,0.7860199999999997,0.0,0.0,0.0,2.0,1.0,6.0,0.0,0.35714285714285715
JWAZRIHNYRIHIV,1.0,1.0,0.0,2.5454,0.0,0.0,0.0,1.0,0.0,10.0,0.0,0.0
JWUCHKBSVLQQCO,1.0,3.0,0.125,2.492400000000001,0.0,0.0,0.0,1.0,3.0,17.0,2.0,0.18181818181818182
JWYUFVNJZUSCSM,2.0,2.0,0.0,1.1451,0.0,0.0,0.0,0.0,3.0,9.0,0.0,0.0
JWZZKOKVBUJMES,4.0,4.0,0.45454545454545453,1.1291999999999998,0.0,0.0,0.0,3.0,1.0,6.0,0.0,0.26666666666666666
JXCGFZXSOMJFOA,1.0,1.0,0.3,2.7419200000000012,2.0,0.0,0.0,0.0,2.0,6.0,1.0,0.07142857142857142
JXHJNEJVUNHLKO,0.0,5.0,0.5,5.191500000000004,0.0,0.0,0.0,0.0,0.0,6.0,0.0,0.4444444444444444
JXUDZCJTCKCTQK,3.0,3.0,0.45454545454545453,2.607,0.0,0.0,0.0,1.0,2.0,6.0,2.0,0.25
JYIJIIVLEOETIQ,0.0,2.0,0.9333333333333333,1.8717000000000001,1.0,0.0,0.0,0.0,2.0,0.0,0.0,0.0
JZCPYUJPEARBJL,1.0,3.0,0.2727272727272727,5.938620000000005,1.0,0.0,0.0,0.0,4.0,17.0,3.0,0.13333333333333333
KAJICSGLHKRDLN,2.0,1.0,0.9230769230769231,3.1159000000000017,0.0,0.0,0.0,0.0,2.0,0.0,0.0,0.125
KCFYEAOKVJSACF,1.0,5.0,0.3181818181818182,5.177000000000006,0.0,1.0,1.0,1.0,2.0,15.0,1.0,0.2413793103448276
KCXZNSGUUQJJTR,0.0,4.0,0.6,5.160800000000005,0.0,2.0,2.0,0.0,0.0,6.0,0.0,0.5
KDGDTPNBDMVKHC,2.0,4.0,0.5,4.136600000000003,1.0,0.0,1.0,0.0,3.0,12.0,0.0,0.1935483870967742
KDLRVYVGXIQJDK,4.0,7.0,0.9444444444444444,0.38950000000000023,1.0,0.0,1.0,3.0,2.0,0.0,0.0,0.25925925925925924
KEMXXQOFIRIICG,5.0,4.0,0.46153846153846156,1.3042999999999998,2.0,0.0,0.0,2.0,3.0,6.0,0.0,0.21052631578947367
KFFQABQEJATQAT,2.0,1.0,0.8888888888888888,2.0507,0.0,0.0,0.0,0.0,2.0,0.0,0.0,0.5
KGNGTSCIQCLKEH,8.0,10.0,0.6,-3.64433,0.0,0.0,2.0,5.0,4.0,6.0,0.0,0.14285714285714285
KGOIKOVSEVRHNH,3.0,3.0,0.5714285714285714,3.752600000000002,0.0,0.0,0.0,1.0,2.0,6.0,1.0,0.23809523809523808
KGXUEPOHGFWQKF,0.0,5.0,0.21052631578947367,5.891280000000004,0.0,0.0,1.0,0.0,2.0,12.0,1.0,0.14285714285714285
KIDWGGCIROEJJW,1.0,4.0,0.6,0.22529999999999983,1.0,0.0,0.0,0.0,2.0,0.0,0.0,0.0
KIEDNEWSYUYDSN,0.0,2.0,0.4166666666666667,2.6400000000000006,1.0,0.0,0.0,0.0,1.0,6.0,1.0,0.125
KJCVRFUGPWSIIH,1.0,1.0,0.0,2.5454000000000008,0.0,0.0,0.0,1.0,0.0,10.0,0.0,0.0
KJFMBFZCATUALV,2.0,4.0,0.05,3.560100000000001,0.0,1.0,1.0,2.0,0.0,18.0,0.0,0.08333333333333333
KLGMSAOQDHLCOS,0.0,7.0,0.8,2.6320000000000006,2.0,0.0,1.0,0.0,1.0,0.0,0.0,0.42105263157894735
KMYKHQRQBUANHP,2.0,10.0,0.8666666666666667,7.481100000000011,0.0,1.0,6.0,2.0,1.0,0.0,0.0,0.01818181818181818
KNHGNICBXADRMC,0.0,6.0,0.5714285714285714,2.2287999999999997,0.0,0.0,3.0,0.0,2.0,6.0,0.0,0.2857142857142857
KOKXXPKAPFSRCR,2.0,6.0,0.2777777777777778,2.5818000000000003,0.0,0.0,1.0,1.0,4.0,16.0,2.0,0.18518518518518517
KQSABULTKYLFEV,2.0,2.0,0.0,2.0042,0.0,0.0,0.0,0.0,2.0,10.0,0.0,0.0
KRNUKKZDGDAWBF,1.0,2.0,0.45454545454545453,1.8136199999999998,0.0,0.0,0.0,1.0,1.0,6.0,0.0,0.3076923076923077
KTALPKYXQZGAEG,0.0,2.0,0.1875,4.538100000000004,0.0,0.0,0.0,0.0,0.0,14.0,0.0,0.05555555555555555
KUBCEEMXQZUPDQ,1.0,2.0,0.4,1.4963,0.0,0.0,0.0,1.0,1.0,6.0,0.0,0.25
KUBUBYBFFRVFHD,0.0,6.0,0.45454545454545453,2.6500000000000012,0.0,0.0,0.0,0.0,0.0,6.0,0.0,0.3684210526315789
KULDXINYXFTXMO,0.0,6.0,0.35714285714285715,4.752520000000002,0.0,0.0,0.0,0.0,0.0,10.0,1.0,0.3333333333333333
KUMXVBFFVVLQFX,7.0,8.0,0.7777777777777778,-3.643729999999998,0.0,0.0,0.0,3.0,6.0,0.0,0.0,0.05263157894736842
KVDJTXBXMWJJEF,1.0,2.0,0.25,4.7451000000000025,1.0,0.0,0.0,0.0,2.0,12.0,1.0,0.15384615384615385
KVJXBPDAXMEYOA,2.0,4.0,0.85,3.466880000000002,0.0,0.0,1.0,2.0,1.0,0.0,0.0,0.0
KWAPEXIWYNEGAV,3.0,3.0,0.5384615384615384,3.244700000000001,0.0,0.0,0.0,1.0,2.0,6.0,2.0,0.3333333333333333
KWGRBVOPPLSCSI,2.0,2.0,0.4,1.3278999999999999,0.0,0.0,0.0,1.0,1.0,6.0,0.0,0.25
KWVISVAMQJWJSZ,2.0,3.0,0.9259259259259259,5.286900000000005,0.0,0.0,1.0,1.0,1.0,0.0,0.0,0.0
KXGYBSNVFXBPNO,1.0,1.0,0.46153846153846156,4.104800000000003,1.0,0.0,0.0,0.0,1.0,6.0,1.0,0.25
KYFWUBJMTHVBIF,1.0,4.0,0.16666666666666666,2.8862200000000016,2.0,0.0,0.0,0.0,4.0,18.0,0.0,0.1
KYGZCKSPAKDVKC,1.0,4.0,0.23076923076923078,1.4483000000000001,0.0,1.0,2.0,0.0,1.0,10.0,0.0,0.10526315789473684
KZHGPDSVHSDCMX,1.0,4.0,0.125,1.8871,0.0,0.0,1.0,0.0,2.0,9.0,0.0,0.08333333333333333
LAKWINYVWJPHQW,1.0,3.0,0.3,4.439600000000005,2.0,0.0,0.0,1.0,1.0,12.0,0.0,0.125
LBGPXIPGGRQBJW,0.0,0.0,0.11764705882352941,3.183600000000002,0.0,0.0,0.0,0.0,2.0,17.0,0.0,0.10526315789473684
LCOVYWIXMAJCDS,4.0,5.0,0.7619047619047619,1.3493999999999997,0.0,0.0,0.0,4.0,0.0,0.0,0.0,0.07692307692307693
LESVOLZBIFDZGS,1.0,6.0,0.875,1.9881999999999997,1.0,0.0,0.0,0.0,1.0,0.0,0.0,0.5
LFULEKSKNZEWOE,1.0,1.0,0.2222222222222222,3.3419000000000016,1.0,0.0,0.0,0.0,1.0,6.0,2.0,0.15384615384615385
LGBYJXBCVZKJBL,0.0,4.0,0.8333333333333334,3.003000000000002,2.0,0.0,0.0,0.0,2.0,0.0,0.0,0.16666666666666666
LIAWQASKBFCRNR,2.0,3.0,0.4166666666666667,1.7946999999999997,1.0,0.0,1.0,1.0,1.0,6.0,0.0,0.3125
LJOZMWRYMKECFF,1.0,1.0,0.0,3.5435000000000008,1.0,0.0,0.0,0.0,1.0,12.0,1.0,0.125
LKJPSUCKSLORMF,1.0,2.0,0.2222222222222222,2.365100000000001,2.0,0.0,0.0,0.0,2.0,6.0,1.0,0.14285714285714285
LLEMOWNGBBNAJR,1.0,1.0,0.0,3.0592000000000015,0.0,0.0,0.0,1.0,0.0,12.0,0.0,0.07692307692307693
LLYYNOVSVPBRGV,3.0,7.0,0.8387096774193549,4.5042000000000035,1.0,1.0,1.0,1.0,2.0,0.0,0.0,0.23076923076923078
LMEKQMALGUDUQG,1.0,7.0,0.1111111111111111,1.1458,0.0,0.0,0.0,0.0,7.0,14.0,0.0,0.15789473684210525
LMOINURANNBYCM,4.0,4.0,0.45454545454545453,1.1291999999999998,0.0,0.0,0.0,3.0,1.0,6.0,0.0,0.26666666666666666
LMTIGABGABPAGU,1.0,2.0,0.4,1.9823,0.0,0.0,1.0,0.0,1.0,6.0,0.0,0.0
LNJNFVJKDJYTEU,1.0,4.0,0.5,3.440900000000002,1.0,0.0,3.0,0.0,1.0,6.0,0.0,0.3157894736842105
LNOOSYCKMKZOJB,1.0,3.0,0.4666666666666667,2.0099199999999997,1.0,1.0,1.0,0.0,1.0,6.0,0.0,0.25
LOUPRKONTZGTKE,1.0,4.0,0.45,3.1732000000000014,0.0,0.0,1.0,1.0,2.0,10.0,0.0,0.16666666666666666
LPEPZBJOKDYZAD,2.0,2.0,0.07142857142857142,4.1472000000000016,0.0,1.0,0.0,0.0,1.0,12.0,0.0,0.15
LQDARGUHUSPFNL,0.0,3.0,0.38461538461538464,4.2432000000000025,0.0,0.0,1.0,0.0,3.0,11.0,2.0,0.30434782608695654
LQOLIRLGBULYKD,2.0,6.0,0.3684210526315789,2.5487199999999994,2.0,1.0,0.0,0.0,3.0,11.0,1.0,0.13793103448275862
LRUDIIUSNGCQKF,1.0,2.0,0.14285714285714285,1.26632,0.0,0.0,0.0,0.0,3.0,9.0,0.0,0.0
LUBJCRLGQSPQNN,2.0,1.0,0.0,1.1772000000000002,2.0,0.0,0.0,0.0,2.0,6.0,0.0,0.1
LUQMWGMGWJEGAT,1.0,4.0,0.5384615384615384,3.253820000000002,0.0,0.0,0.0,0.0,1.0,6.0,0.0,0.35
LUVXHMJTVXZFPD,1.0,4.0,0.5625,1.2817999999999994,1.0,0.0,2.0,0.0,2.0,6.0,0.0,0.09523809523809523
LVNYJXIBJFXIRZ,1.0,5.0,0.5384615384615384,2.919920000000001,0.0,0.0,0.0,0.0,1.0,6.0,0.0,0.3333333333333333
LVQDKIWDGQRHTE,3.0,6.0,0.5,-0.3897000000000001,0.0,0.0,0.0,0.0,6.0,6.0,0.0,0.16666666666666666
LVXYAFNPMXCRJI,1.0,4.0,0.42105263157894735,2.8565000000000014,0.0,0.0,0.0,1.0,3.0,12.0,1.0,0.25
MBIZFBDREVRUHY,1.0,3.0,0.2222222222222222,1.402,0.0,1.0,2.0,0.0,0.0,6.0,0.0,0.23076923076923078
MBMQEIFVQACCCH,2.0,5.0,0.4444444444444444,3.579600000000003,0.0,1.0,1.0,2.0,0.0,6.0,0.0,0.0
MCJGNVYPOGVAJF,1.0,2.0,0.0,1.9403999999999995,0.0,0.0,0.0,1.0,1.0,10.0,0.0,0.0
MESJRHHDBDCQTH,1.0,2.0,0.25,1.4582,0.0,0.0,0.0,1.0,1.0,6.0,0.0,0.1
METKIMKYRPQLGS,3.0,4.0,0.5,0.45210000000000006,1.0,0.0,1.0,1.0,2.0,6.0,0.0,0.42105263157894735
MEZLKOACVSPNER,0.0,1.0,0.38461538461538464,2.1826,0.0,0.0,0.0,0.0,1.0,6.0,0.0,0.2857142857142857
MFOUDYKPLGXPGO,0.0,1.0,0.36363636363636365,2.666800000000001,1.0,0.0,0.0,0.0,1.0,6.0,0.0,0.21428571428571427
MGWAVDBGNNKXQV,0.0,4.0,0.5,3.3122000000000025,0.0,2.0,2.0,0.0,0.0,6.0,0.0,0.3
MIZMDSVSLSIMSC,0.0,9.0,0.8181818181818182,3.1524000000000054,3.0,3.0,3.0,0.0,3.0,0.0,0.0,0.13333333333333333
MKUXAQIIEYXACX,3.0,6.0,0.375,-1.3318,0.0,0.0,1.0,1.0,5.0,9.0,0.0,0.25
MLBZKOGAMRTSKP,2.0,4.0,0.3181818181818182,5.292320000000004,2.0,0.0,0.0,0.0,3.0,12.0,2.0,0.16666666666666666
MLKCGVHIFJBRCD,0.0,4.0,0.4,3.2430200000000013,0.0,1.0,1.0,0.0,3.0,11.0,2.0,0.23076923076923078
MMCJEAKINANSOL,1.0,1.0,0.3,2.25342,0.0,0.0,0.0,0.0,2.0,6.0,0.0,0.07692307692307693
MMOXZBCLCQITDF,0.0,1.0,0.4166666666666667,2.4770200000000004,1.0,0.0,0.0,0.0,1.0,6.0,0.0,0.21428571428571427
MOUVJGIRLPZEES,1.0,4.0,0.3333333333333333,2.2748,1.0,0.0,2.0,0.0,1.0,6.0,1.0,0.2777777777777778
MPNJTIZLDHWBFX,1.0,2.0,0.4166666666666667,3.8163000000000027,2.0,0.0,1.0,0.0,2.0,6.0,3.0,0.3157894736842105
MROJXXOCABQVEF,2.0,2.0,0.2,1.2720999999999998,1.0,1.0,0.0,0.0,1.0,6.0,0.0,0.21428571428571427
MRQIXHXHHPWVIL,1.0,3.0,0.0,4.9608000000000025,0.0,0.0,0.0,1.0,2.0,16.0,0.0,0.10526315789473684
MVQUJEUCFOGFJU,2.0,3.0,0.4,1.1309999999999998,0.0,0.0,0.0,2.0,1.0,6.0,1.0,0.35714285714285715
MWKVXOJATACCCH,0.0,4.0,0.2222222222222222,3.2696000000000023,0.0,1.0,1.0,0.0,1.0,12.0,0.0,0.18181818181818182
MWYHLEQJTQJHSS,2.0,6.0,0.5,2.462100000000001,0.0,0.0,1.0,1.0,4.0,11.0,0.0,0.391304347826087
MXHTZQSKTCCMFG,0.0,1.0,0.14285714285714285,4.889000000000004,0.0,0.0,0.0,0.0,1.0,18.0,0.0,0.2727272727272727
MXMXHPPIGKYTAR,1.0,2.0,0.46153846153846156,2.825940000000001,1.0,0.0,0.0,0.0,1.0,5.0,0.0,0.23529411764705882
NBMKJKDGKREAPL,3.0,5.0,0.7272727272727273,2.1650000000000005,0.0,0.0,0.0,3.0,0.0,0.0,0.0,0.07142857142857142
NBNTWDUNCHRWMT,1.0,2.0,0.05555555555555555,4.672600000000003,0.0,0.0,0.0,1.0,1.0,18.0,2.0,0.13636363636363635
NDAUXUAQIAJITI,4.0,4.0,0.5384615384615384,1.3059999999999998,0.0,0.0,0.0,3.0,1.0,6.0,0.0,0.23529411764705882
NDNUANOUGZGEPO,1.0,1.0,1.0,1.9286,0.0,0.0,0.0,0.0,1.0,0.0,0.0,0.2222222222222222
NEBPTMCRLHKPOB,0.0,1.0,0.07142857142857142,3.342080000000002,0.0,0.0,0.0,0.0,1.0,12.0,0.0,0.13333333333333333
NEKOXWSIMFDGMA,0.0,5.0,0.6,4.252800000000004,0.0,0.0,0.0,0.0,3.0,6.0,0.0,0.36363636363636365
NHDHVHZZCFYRSB,0.0,4.0,0.15,4.720200000000004,0.0,0.0,3.0,0.0,1.0,18.0,0.0,0.2916666666666667
NHKWRRHZTGQJMT,0.0,2.0,0.3939393939393939,7.725300000000009,1.0,0.0,0.0,0.0,2.0,18.0,0.0,0.3333333333333333
NHOWDZOIZKMVAI,1.0,3.0,0.058823529411764705,4.0676000000000005,0.0,0.0,0.0,1.0,2.0,18.0,2.0,0.13636363636363635
NHUHCSRWZMLRLA,2.0,5.0,0.18181818181818182,1.67444,0.0,0.0,0.0,0.0,3.0,11.0,0.0,0.16666666666666666
NHZLNPMOSADWGC,2.0,5.0,0.0,2.0128,0.0,0.0,0.0,0.0,4.0,16.0,0.0,0.14285714285714285
NIBCDDKWFDEBEP,1.0,8.0,0.42857142857142855,2.907300000000001,0.0,0.0,1.0,0.0,7.0,21.0,0.0,0.25
NJDBZBVQIMZWPP,2.0,5.0,0.5454545454545454,4.289620000000003,0.0,1.0,0.0,0.0,4.0,12.0,0.0,0.35714285714285715
NJGBTKGETPDVIK,1.0,2.0,0.3,1.9138,0.0,0.0,0.0,1.0,0.0,6.0,0.0,0.25
NJKDOADNQSYQEV,7.0,8.0,0.47058823529411764,-1.3784999999999996,3.0,0.0,0.0,5.0,3.0,6.0,3.0,0.3225806451612903
NJPQAIBZIHNJDO,0.0,1.0,0.9375,4.529700000000004,1.0,0.0,0.0,0.0,1.0,0.0,0.0,0.6111111111111112
NJXZWIIMWNEOGJ,1.0,9.0,0.3333333333333333,2.8683000000000014,2.0,0.0,3.0,1.0,3.0,18.0,1.0,0.18604651162790697
NKFNBVMJTSYZDV,2.0,3.0,1.0,3.1939000000000024,0.0,0.0,0.0,2.0,1.0,0.0,0.0,0.7894736842105263
NKRQJWQYBNTAEV,1.0,7.0,0.7777777777777778,0.41659999999999986,0.0,2.0,3.0,1.0,1.0,0.0,0.0,0.0
NLYNUTMZTCLNOO,1.0,2.0,0.2222222222222222,3.127600000000001,2.0,0.0,0.0,0.0,2.0,6.0,2.0,0.13333333333333333
NNCAWEWCFVZOGF,0.0,0.0,1.0,1.2467,0.0,0.0,0.0,0.0,1.0,0.0,0.0,0.0
NNJVILVZKWQKPM,1.0,2.0,0.5,2.5837400000000006,1.0,0.0,0.0,0.0,2.0,6.0,0.0,0.29411764705882354
NNKVPIKMPCQWCG,1.0,3.0,1.0,1.0626,0.0,0.0,0.0,0.0,1.0,0.0,0.0,0.2857142857142857
NOCJXYPHIIZEHN,1.0,4.0,0.23809523809523808,2.7189000000000005,0.0,1.0,0.0,0.0,3.0,16.0,2.0,0.10344827586206896
NPAGDVCDWIYMMC,1.0,2.0,0.8333333333333334,3.4891000000000023,0.0,0.0,0.0,1.0,0.0,0.0,0.0,0.0
NPECRXRQVYMQGY,2.0,2.0,0.45454545454545453,2.2842200000000004,0.0,0.0,0.0,0.0,2.0,6.0,0.0,0.15384615384615385
NQCPECCCWDWTJJ,1.0,3.0,0.5555555555555556,0.92452,0.0,0.0,0.0,0.0,3.0,6.0,0.0,0.23076923076923078
NQLVQOSNDJXLKG,0.0,2.0,0.5,4.161800000000003,1.0,0.0,0.0,0.0,1.0,6.0,0.0,0.35294117647058826
NQSMEZJWJJVYOI,0.0,3.0,0.06666666666666667,2.704200000000001,0.0,1.0,1.0,0.0,0.0,12.0,0.0,0.16666666666666666
NRZWQKGABZFFKE,0.0,0.0,1.0,0.4941,0.0,0.0,0.0,0.0,0.0,0.0,0.0,0.0
NTAFJUSDNOSFFY,0.0,3.0,0.5714285714285714,1.4517,0.0,0.0,0.0,0.0,3.0,5.0,0.0,0.16666666666666666
NUPJIGQFXCQJBK,2.0,5.0,0.4666666666666667,1.2173000000000003,1.0,1.0,1.0,0.0,3.0,6.0,0.0,0.22727272727272727
NVEPPWDVLBMNMB,0.0,3.0,0.4166666666666667,2.803720000000001,0.0,0.0,0.0,0.0,2.0,5.0,0.0,0.13333333333333333
NVGOPFQZYCNLDU,1.0,3.0,0.16666666666666666,2.9464000000000006,0.0,0.0,0.0,0.0,3.0,12.0,1.0,0.1
NVKAWKQGWWIWPM,1.0,2.0,0.9473684210526315,3.959100000000003,0.0,0.0,0.0,1.0,0.0,0.0,0.0,0.0
NWBJYWHLCVSVIJ,2.0,4.0,0.08333333333333333,1.9165999999999999,0.0,0.0,0.0,0.0,5.0,15.0,0.0,0.17647058823529413
NWIVYGKSHSJHEF,2.0,2.0,0.42857142857142855,4.691400000000003,0.0,0.0,0.0,0.0,2.0,12.0,0.0,0.2608695652173913
NWUWYYSKZYIQAE,2.0,3.0,0.5555555555555556,3.3314200000000023,2.0,0.0,1.0,0.0,2.0,6.0,0.0,0.2608695652173913
NXJCRELRQHZBQA,0.0,4.0,0.18181818181818182,1.8102,0.0,0.0,2.0,0.0,0.0,10.0,0.0,0.13333333333333333
NXQDBZGWYSEGFL,0.0,5.0,0.46153846153846156,4.331900000000004,1.0,0.0,0.0,0.0,1.0,6.0,1.0,0.3333333333333333
NXQMCAOPTPLPRL,0.0,5.0,0.2222222222222222,2.7170000000000005,0.0,2.0,3.0,0.0,0.0,12.0,0.0,0.34782608695652173
NYPJDWWKZLNGGM,0.0,4.0,0.2,6.679980000000006,0.0,1.0,2.0,0.0,1.0,18.0,1.0,0.23333333333333334
NYRMIJKDBAQCHC,1.0,3.0,0.16666666666666666,3.934000000000003,0.0,0.0,1.0,0.0,1.0,12.0,0.0,0.125
NZCRJKRKKOLAOJ,5.0,12.0,0.4418604651162791,6.1578400000000055,1.0,1.0,4.0,4.0,3.0,17.0,0.0,0.03508771929824561
OBZIQQJJIKNWNO,0.0,4.0,0.3333333333333333,4.197920000000002,0.0,0.0,0.0,0.0,0.0,6.0,2.0,0.25
OCQDPIXQTSYZJL,2.0,4.0,0.36363636363636365,4.886000000000004,0.0,0.0,0.0,0.0,2.0,12.0,0.0,0.3076923076923077
OEMJXSVJXPIFMA,3.0,4.0,0.0,5.715700000000002,0.0,2.0,0.0,0.0,2.0,22.0,4.0,0.14705882352941177
OIJHFHYPXWSVPF,1.0,3.0,0.0,3.828100000000002,0.0,0.0,0.0,0.0,2.0,12.0,0.0,0.2
OIKHXEKXIIAQKY,2.0,4.0,0.5,2.3139000000000003,0.0,0.0,0.0,2.0,3.0,11.0,1.0,0.3181818181818182
OJMMVQQUTAEWLP,5.0,8.0,0.9444444444444444,-0.8569999999999969,1.0,0.0,1.0,4.0,2.0,0.0,0.0,0.25925925925925924
OJPDDQSCZGTACX,2.0,3.0,0.4,0.47759999999999986,0.0,0.0,0.0,2.0,1.0,6.0,0.0,0.38461538461538464
OMNKZBIFPJNNIO,1.0,2.0,0.5555555555555556,1.0463,1.0,0.0,0.0,0.0,1.0,0.0,0.0,0.3333333333333333
OMOLDRXZKFFGJI,1.0,3.0,0.36363636363636365,1.6734,1.0,0.0,1.0,0.0,1.0,6.0,0.0,0.25
OMSPUVWUIHNYCS,1.0,4.0,0.21739130434782608,4.7009200000000035,0.0,1.0,1.0,0.0,2.0,20.0,0.0,0.27586206896551724
ONCZDRURRATYFI,0.0,6.0,0.25,4.169700000000003,0.0,1.0,1.0,0.0,2.0,12.0,0.0,0.2413793103448276
ONWXNHPOAGOMTG,1.0,5.0,0.3333333333333333,3.5660000000000016,2.0,2.0,1.0,0.0,2.0,12.0,0.0,0.3125
OSUHJPCHFDQAIT,0.0,6.0,0.21052631578947367,4.4059000000000035,0.0,1.0,3.0,0.0,2.0,16.0,1.0,0.23076923076923078
OUDSBRTVNLOZBN,2.0,4.0,0.5,1.77392,2.0,0.0,0.0,0.0,3.0,6.0,0.0,0.14285714285714285
OUGIDAPQYNCXRA,0.0,2.0,0.0,4.613200000000003,0.0,0.0,0.0,0.0,0.0,20.0,0.0,0.047619047619047616
OUPZKGBUJRBPGC,0.0,6.0,0.75,-2.6318999999999972,0.0,0.0,3.0,0.0,3.0,6.0,0.0,0.2857142857142857
OVEMTTZEBOCJDV,1.0,1.0,0.5,3.3916000000000013,0.0,0.0,0.0,0.0,1.0,6.0,0.0,0.38461538461538464
OWDLFBLNMPCXSD,0.0,3.0,0.42857142857142855,2.19074,1.0,1.0,1.0,0.0,1.0,6.0,0.0,0.15789473684210525
OWNAXTAAAQTBSP,2.0,3.0,0.42857142857142855,2.6670000000000007,3.0,0.0,1.0,0.0,3.0,6.0,0.0,0.1
OWRCNXZUPFZXOS,3.0,1.0,0.0,3.1453700000000007,0.0,0.0,0.0,0.0,3.0,12.0,0.0,0.125
OWUREPXBPJFMOK,0.0,9.0,0.8285714285714286,3.932600000000005,3.0,3.0,3.0,0.0,3.0,0.0,0.0,0.1702127659574468
OXEUETBFKVCRNP,1.0,1.0,0.14285714285714285,3.396600000000001,0.0,0.0,0.0,0.0,2.0,13.0,0.0,0.0625
OZMMLYFAEKBWEE,1.0,3.0,0.65,3.3366000000000016,0.0,1.0,1.0,0.0,1.0,6.0,0.0,0.25
PFEFOYRSMXVNEL,1.0,1.0,0.6666666666666666,5.284700000000005,0.0,0.0,0.0,1.0,0.0,6.0,0.0,0.0
PFFIDZXUXFLSSR,1.0,3.0,0.5,4.902300000000004,1.0,0.0,0.0,0.0,3.0,10.0,0.0,0.20833333333333334
PFRYFZZSECNQOL,1.0,3.0,0.14285714285714285,4.301040000000002,0.0,0.0,0.0,0.0,3.0,12.0,0.0,0.11764705882352941
PHLBKPHSAVXXEF,0.0,4.0,0.3684210526315789,2.3617,0.0,0.0,0.0,0.0,5.0,15.0,1.0,0.19230769230769232
PHNUZKMIPFFYSO,1.0,1.0,0.25,3.1350000000000016,1.0,0.0,0.0,0.0,1.0,6.0,2.0,0.125
PJEIIBXJUDOMAN,1.0,1.0,0.3,2.2618400000000003,1.0,0.0,0.0,0.0,1.0,6.0,0.0,0.08333333333333333
PJVWKTKQMONHTI,1.0,4.0,0.15789473684210525,3.609600000000003,0.0,0.0,0.0,1.0,0.0,16.0,0.0,0.17391304347826086
PKKMITFKYRCCOL,5.0,11.0,0.47058823529411764,-1.0917999999999997,0.0,0.0,1.0,4.0,2.0,9.0,0.0,0.22580645161290322
PKOFBDHYTMYVGJ,2.0,3.0,0.125,0.2923999999999999,1.0,0.0,0.0,0.0,2.0,6.0,0.0,0.14285714285714285
PLYQBXHVYUJNQB,5.0,10.0,0.7272727272727273,-1.3814000000000002,0.0,0.0,1.0,4.0,1.0,0.0,0.0,0.30434782608695654
PMCVMORKVPSKHZ,0.0,5.0,1.0,1.8890999999999998,0.0,0.0,0.0,0.0,0.0,0.0,0.0,0.5384615384615384
PNKLMTPXERFKEN,2.0,8.0,0.8181818181818182,1.1219000000000001,0.0,2.0,4.0,2.0,0.0,0.0,0.0,0.16666666666666666
PNRAZZZISDRWMV,1.0,2.0,0.5882352941176471,4.308220000000004,1.0,0.0,1.0,0.0,1.0,6.0,0.0,0.05
PNVJTZOFSHSLTO,0.0,5.0,0.4,3.6130200000000023,0.0,0.0,0.0,0.0,0.0,6.0,0.0,0.3125
PNVNVHUZROJLTJ,1.0,3.0,0.6470588235294118,3.0356000000000014,0.0,0.0,1.0,1.0,1.0,6.0,0.0,0.25
PNXBXCRWXNESOV,2.0,2.0,0.09090909090909091,2.02329,0.0,0.0,0.0,0.0,2.0,12.0,0.0,0.13333333333333333
POFWRMVFWIJXHP,1.0,5.0,0.35294117647058826,3.137500000000002,0.0,0.0,1.0,0.0,5.0,15.0,0.0,0.17391304347826086
POZRVZJJTULAOH,1.0,3.0,0.6818181818181818,4.2210000000000045,0.0,0.0,0.0,1.0,1.0,5.0,0.0,0.0
PQDRCVHHJPMGKO,2.0,7.0,0.36,4.509300000000004,1.0,1.0,0.0,0.0,5.0,19.0,1.0,0.19444444444444445
PQFRTXSWDXZRRS,1.0,5.0,0.3333333333333333,-0.07639999999999991,1.0,0.0,1.0,0.0,4.0,5.0,0.0,0.21428571428571427
PRGILOMAMBLWNG,2.0,6.0,0.3333333333333333,3.408900000000002,0.0,0.0,3.0,2.0,1.0,13.0,0.0,0.14285714285714285
PRLVTUNWOQKEAI,0.0,3.0,0.5,4.1822000000000035,2.0,0.0,0.0,0.0,3.0,6.0,0.0,0.09523809523809523
PRUGWHGQBHEDAX,1.0,3.0,0.6086956521739131,5.140080000000004,0.0,1.0,0.0,0.0,3.0,9.0,0.0,0.14285714285714285
PTCGDEVVHUXTMP,1.0,2.0,0.23529411764705882,4.744900000000003,1.0,0.0,1.0,0.0,1.0,12.0,0.0,0.17391304347826086
PTOAARAWEBMLNO,3.0,7.0,0.5,-0.29740000000000044,0.0,0.0,1.0,2.0,5.0,9.0,1.0,0.10526315789473684
PUFYZCKVLOYPHL,0.0,4.0,0.5833333333333334,3.1068000000000016,1.0,1.0,1.0,0.0,2.0,6.0,0.0,0.10344827586206896
PUIYMUZLKQOUOZ,1.0,1.0,0.4166666666666667,2.903500000000001,2.0,0.0,0.0,0.0,2.0,6.0,0.0,0.13333333333333333
PVNIIMVLHYAWGP,1.0,2.0,0.0,0.7797999999999999,0.0,1.0,0.0,0.0,1.0,6.0,0.0,0.1111111111111111
PVTHJAPFENJVNC,9.0,10.0,0.8571428571428571,-4.328029999999994,0.0,1.0,2.0,5.0,3.0,0.0,0.0,0.11538461538461539
PXMNMQRDXWABCY,1.0,3.0,0.5,3.3415000000000017,0.0,0.0,0.0,1.0,3.0,11.0,1.0,0.23809523809523808
PXWNBAGCFUDYBE,1.0,3.0,0.13333333333333333,2.6683000000000012,0.0,1.0,1.0,0.0,1.0,12.0,0.0,0.2222222222222222
PZBLUWVMZMXIKZ,0.0,6.0,0.35714285714285715,1.5832000000000002,0.0,3.0,3.0,0.0,0.0,6.0,0.0,0.3
PZBPKYOVPCNPJY,0.0,2.0,0.21428571428571427,4.1338000000000035,0.0,0.0,1.0,0.0,2.0,11.0,2.0,0.3157894736842105
PZRHRDRVRGEVNW,1.0,3.0,0.08333333333333333,1.6169999999999998,0.0,0.0,0.0,0.0,3.0,12.0,0.0,0.0625
PZYDAVFRVJXFHS,0.0,1.0,0.9,1.9415000000000002,1.0,0.0,0.0,0.0,1.0,0.0,0.0,0.08333333333333333
QAHFOPIILNICLA,0.0,1.0,0.1875,2.9067000000000016,1.0,0.0,0.0,0.0,1.0,12.0,0.0,0.16666666666666666
QASFUMOKHFSJGL,2.0,3.0,0.8518518518518519,5.001900000000005,0.0,0.0,1.0,1.0,1.0,0.0,0.0,0.0
QAXBVGVYDCAVLV,1.0,3.0,0.5833333333333334,2.6960000000000015,0.0,0.0,0.0,0.0,1.0,5.0,0.0,0.2
QAYICIQNSGETAS,0.0,3.0,0.8,0.7967,0.0,0.0,0.0,0.0,2.0,0.0,0.0,0.0
QBAYIBZITZBSFO,1.0,1.0,0.125,1.8043,1.0,0.0,0.0,0.0,1.0,6.0,0.0,0.07692307692307693
QBSJMKIUCUGGNG,1.0,2.0,0.36363636363636365,2.528200000000001,1.0,0.0,1.0,0.0,1.0,6.0,0.0,0.14285714285714285
QCAWEPFNJXQPAN,1.0,3.0,0.36363636363636365,4.206160000000003,2.0,0.0,1.0,0.0,2.0,12.0,0.0,0.1111111111111111
QEGVVEOAVNHRAA,1.0,6.0,0.15384615384615385,2.996600000000001,0.0,1.0,2.0,0.0,2.0,12.0,1.0,0.23809523809523808
QEVHRUUCFGRFIF,1.0,10.0,0.5151515151515151,4.171100000000004,0.0,2.0,7.0,0.0,2.0,15.0,0.0,0.18181818181818182
QFMJFXFXQAFGBO,1.0,4.0,0.14285714285714285,1.1855999999999998,0.0,0.0,1.0,0.0,2.0,6.0,0.0,0.16666666666666666
QGHREAKMXXNCOA,4.0,6.0,0.16666666666666666,1.7922,2.0,0.0,2.0,0.0,4.0,6.0,0.0,0.09090909090909091
QGTOTYJSCYHYFK,1.0,12.0,0.4838709677419355,2.6392999999999995,1.0,4.0,6.0,0.0,2.0,12.0,0.0,0.25
QGWIQIAWOCJRPI,2.0,8.0,0.42857142857142855,6.3440000000000065,2.0,0.0,3.0,0.0,4.0,22.0,0.0,0.25925925925925924
QHMTXANCGGJZRX,1.0,4.0,0.2,0.8166,2.0,0.0,0.0,0.0,5.0,6.0,0.0,0.125
QHOQHJPRIBSPCY,0.0,7.0,0.6363636363636364,2.5273200000000005,0.0,0.0,0.0,0.0,3.0,6.0,0.0,0.3684210526315789
QIKYZXDTTPVVAC,2.0,2.0,0.0,0.3677,1.0,0.0,0.0,0.0,2.0,6.0,0.0,0.1
QIWQQMZFTOCFGF,1.0,5.0,0.29411764705882354,3.2182200000000005,0.0,0.0,1.0,0.0,2.0,12.0,0.0,0.25
QJACRCAPQIYMIH,0.0,2.0,0.6666666666666666,0.2709999999999999,1.0,0.0,0.0,0.0,1.0,0.0,0.0,0.2
QJVOZXGJOGJKPT,1.0,3.0,0.6428571428571429,1.3275,0.0,0.0,0.0,0.0,2.0,0.0,0.0,0.11764705882352941
QLHULAHOXSSASE,1.0,3.0,0.9166666666666666,2.1584000000000008,1.0,0.0,1.0,1.0,1.0,0.0,0.0,0.25
QMBJSIBWORFWQT,0.0,4.0,0.6956521739130435,4.751700000000005,0.0,1.0,1.0,0.0,0.0,0.0,0.0,0.07142857142857142
QMGGMESMCJCABO,0.0,2.0,0.8,1.6602999999999999,1.0,0.0,0.0,0.0,2.0,0.0,0.0,0.0
QMGVPVSNSZLJIA,0.0,3.0,0.5714285714285714,2.0925000000000002,1.0,0.0,1.0,0.0,2.0,6.0,0.0,0.0
QNXAVFXEJCPCJO,1.0,6.0,0.15384615384615385,2.7697000000000003,0.0,0.0,1.0,0.0,5.0,15.0,3.0,0.2
QPFYXYFORQJZEC,2.0,5.0,0.0,2.6613999999999995,0.0,0.0,0.0,0.0,5.0,12.0,0.0,0.125
QPQKUYVSJWQSDY,1.0,3.0,0.0,3.6842000000000024,0.0,0.0,0.0,0.0,3.0,12.0,0.0,0.13333333333333333
QRUDEWIWKLJBPS,1.0,2.0,0.0,0.9579,0.0,0.0,0.0,0.0,3.0,9.0,0.0,0.0
QTCRXZRCLRRRCO,2.0,7.0,0.7777777777777778,0.25609999999999933,0.0,2.0,2.0,2.0,1.0,0.0,0.0,0.0
QTDRLOKFLJJHTG,0.0,3.0,0.6428571428571429,3.2327400000000024,1.0,0.0,0.0,0.0,1.0,5.0,0.0,0.16666666666666666
QUAMTGJKVDWJEQ,1.0,3.0,0.38095238095238093,5.362500000000006,0.0,0.0,1.0,1.0,0.0,12.0,0.0,0.4166666666666667
QULLOTSYPAOTIW,1.0,5.0,0.42105263157894735,3.836100000000002,1.0,0.0,0.0,0.0,3.0,12.0,1.0,0.2222222222222222
QVBOTMGSBYXVJQ,3.0,3.0,0.5384615384615384,3.387200000000001,0.0,0.0,0.0,1.0,2.0,6.0,2.0,0.2777777777777778
QWGDMFLQWFTERH,1.0,4.0,0.23529411764705882,3.4292000000000025,0.0,0.0,1.0,0.0,3.0,12.0,1.0,0.0
QXKHYNVANLEOEG,0.0,4.0,0.08333333333333333,2.5478000000000005,0.0,0.0,1.0,0.0,0.0,13.0,0.0,0.0625
QXWJDGMLSMFETH,1.0,4.0,0.0,3.380200000000001,1.0,0.0,0.0,0.0,1.0,11.0,2.0,0.19047619047619047
QYMMJNLHFKGANY,0.0,4.0,0.45454545454545453,5.7691000000000034,0.0,0.0,0.0,0.0,0.0,6.0,2.0,0.3888888888888889
QYPNKSZPJQQLRK,1.0,2.0,0.36363636363636365,4.451540000000004,2.0,0.0,0.0,0.0,2.0,12.0,0.0,0.11538461538461539
QZCLKYGREBVARF,0.0,8.0,0.8,3.0984000000000016,0.0,4.0,4.0,0.0,0.0,0.0,0.0,0.5357142857142857
QZXATCCPQKOEIH,1.0,6.0,0.08333333333333333,1.351,0.0,0.0,1.0,0.0,5.0,15.0,3.0,0.16666666666666666
RAOCRURYZCVHMG,2.0,4.0,0.3333333333333333,2.5300000000000002,1.0,0.0,2.0,0.0,3.0,9.0,0.0,0.2222222222222222
RBNIGDFIUWJJEV,0.0,3.0,0.17647058823529413,3.687400000000003,1.0,1.0,1.0,0.0,1.0,12.0,2.0,0.17391304347826086
RCLXAPJEFHPYEG,2.0,4.0,0.3,3.0313000000000008,1.0,0.0,1.0,1.0,1.0,12.0,1.0,0.11538461538461539
RDCAZFAKCIEASQ,1.0,2.0,1.0,2.7123,0.0,0.0,1.0,0.0,1.0,0.0,0.0,0.7692307692307693
RDJQCOBTKKAQAH,2.0,5.0,0.4090909090909091,3.4624000000000015,0.0,1.0,2.0,1.0,1.0,12.0,1.0,0.2857142857142857
RECCURWJDVZHIH,2.0,1.0,0.0,1.8306000000000002,2.0,0.0,0.0,0.0,2.0,6.0,1.0,0.09090909090909091
RFHAOTPXVQNOHP,1.0,5.0,0.23076923076923078,0.7357999999999993,0.0,0.0,0.0,1.0,6.0,16.0,2.0,0.22727272727272727
RGCLLPNLLBQHPF,0.0,5.0,0.7,2.7426000000000013,1.0,0.0,0.0,0.0,1.0,0.0,0.0,0.3888888888888889
RGOVYLWUIBMPGK,2.0,3.0,0.5882352941176471,3.7676000000000025,1.0,0.0,1.0,1.0,1.0,6.0,0.0,0.47619047619047616
RHVBIEJVJWNXBU,1.0,2.0,0.9444444444444444,3.5690000000000026,0.0,0.0,0.0,1.0,0.0,0.0,0.0,0.0
RIZMRRKBZQXFOY,0.0,8.0,1.0,5.005300000000004,0.0,0.0,0.0,0.0,0.0,0.0,0.0,0.631578947368421
RJBJMKAMQIOAML,1.0,4.0,0.36363636363636365,1.42514,1.0,0.0,1.0,0.0,1.0,6.0,0.0,0.11764705882352941
RJKCKKDSSSRYCB,0.0,1.0,0.5333333333333333,3.4697000000000022,1.0,0.0,0.0,0.0,1.0,6.0,0.0,0.17647058823529413
RJMIEHBSYVWVIN,1.0,2.0,0.17647058823529413,3.0351000000000017,1.0,1.0,0.0,0.0,1.0,12.0,0.0,0.14285714285714285
RMFNNCGOSPBBAD,1.0,3.0,0.2727272727272727,1.6262,1.0,0.0,1.0,0.0,3.0,6.0,0.0,0.1875
RMOGWMIKYWRTKW,1.0,3.0,0.4666666666666667,3.122300000000001,0.0,0.0,0.0,1.0,3.0,11.0,1.0,0.2
RNVCVTLRINQCPJ,1.0,1.0,0.14285714285714285,1.57722,0.0,0.0,0.0,0.0,1.0,6.0,0.0,0.0
ROVGZAWFACYCSP,0.0,3.0,0.5238095238095238,4.558200000000004,0.0,1.0,1.0,0.0,0.0,0.0,0.0,0.25
RQDJADAKIFFEKQ,0.0,3.0,0.21052631578947367,4.025880000000003,0.0,0.0,0.0,0.0,4.0,17.0,1.0,0.25
RQUXYBHREKXNKT,1.0,2.0,0.45454545454545453,2.0734200000000005,0.0,0.0,0.0,0.0,1.0,6.0,0.0,0.3333333333333333
RQVGAIADHNPSME,0.0,7.0,0.4166666666666667,2.779700000000001,0.0,0.0,0.0,0.0,3.0,10.0,0.0,0.3333333333333333
RQZAXGRLVPAYTJ,0.0,4.0,0.7083333333333334,4.575300000000004,0.0,1.0,1.0,0.0,0.0,0.0,0.0,0.07142857142857142
RRKTZKIUPZVBMF,0.0,5.0,0.6086956521739131,2.1097,1.0,0.0,3.0,0.0,2.0,6.0,0.0,0.06896551724137931
RRNIZKPFKNDSRS,1.0,6.0,0.5714285714285714,3.7726000000000024,0.0,0.0,0.0,0.0,1.0,6.0,0.0,0.43478260869565216
RROQIUMZODEXOR,2.0,4.0,0.8,1.4885999999999997,2.0,0.0,0.0,0.0,4.0,0.0,0.0,0.2727272727272727
RRVIAQKBTUQODI,1.0,3.0,0.2,2.0719,2.0,0.0,0.0,0.0,3.0,9.0,0.0,0.06666666666666667
RSIHSRDYCUFFLA,1.0,2.0,0.7368421052631579,3.6552000000000024,0.0,0.0,0.0,1.0,0.0,0.0,0.0,0.0
RWCCWEUUXYIKHB,0.0,1.0,0.0,2.917600000000001,0.0,0.0,0.0,0.0,0.0,12.0,0.0,0.14285714285714285
RXCPQSJAVKGONC,1.0,5.0,0.08333333333333333,1.51172,0.0,0.0,0.0,0.0,5.0,15.0,2.0,0.13636363636363635
RXZBMPWDPOLZGW,5.0,17.0,0.9512195121951219,2.2096000000000076,0.0,1.0,8.0,5.0,2.0,0.0,0.0,0.22413793103448276
RYAUSSKQMZRMAI,0.0,2.0,0.7,4.271900000000004,0.0,0.0,1.0,0.0,1.0,6.0,0.0,0.18181818181818182
RYVIXQCRCQLFCM,1.0,11.0,0.21052631578947367,2.5838,0.0,1.0,6.0,0.0,4.0,18.0,0.0,0.2903225806451613
RZILCCPWPBTYDO,1.0,1.0,0.3,2.7989000000000006,2.0,0.0,0.0,0.0,2.0,6.0,0.0,0.0625
RZVAJINKPMORJF,2.0,2.0,0.125,1.3505999999999998,1.0,0.0,0.0,1.0,1.0,6.0,0.0,0.09090909090909091
SAPGTCDSBGMXCD,1.0,3.0,0.058823529411764705,3.553300000000002,0.0,0.0,0.0,1.0,2.0,18.0,2.0,0.13636363636363635
SBDNJUWAMKYJOX,2.0,2.0,0.07142857142857142,4.743620000000002,0.0,1.0,0.0,0.0,1.0,12.0,2.0,0.15789473684210525
SBUJHOSQTJFQJX,11.0,15.0,1.0,-7.2914000000000065,0.0,0.0,4.0,7.0,4.0,0.0,0.0,0.18181818181818182
SCABKEBYDRTODC,0.0,8.0,0.9090909090909091,3.299800000000002,0.0,2.0,6.0,0.0,0.0,0.0,0.0,0.7666666666666667
SCCDDNKJYDZXMM,0.0,2.0,0.46153846153846156,2.5216400000000005,1.0,0.0,1.0,0.0,1.0,6.0,0.0,0.29411764705882354
SDMSCIWHRZJSRN,0.0,6.0,0.3076923076923077,4.017900000000003,0.0,0.0,0.0,0.0,1.0,11.0,0.0,0.35
SGUAFYQXFOLMHL,4.0,4.0,0.3157894736842105,2.1353999999999997,1.0,0.0,0.0,2.0,2.0,12.0,0.0,0.3333333333333333
SHCRDCOTRILILT,0.0,5.0,0.5714285714285714,3.545200000000002,0.0,2.0,2.0,0.0,0.0,0.0,0.0,0.23076923076923078
SJDACOMXKWHBOW,3.0,3.0,0.05,3.3843000000000014,1.0,0.0,0.0,2.0,1.0,18.0,0.0,0.08333333333333333
SLCGUGMPSUYJAY,0.0,3.0,0.2222222222222222,4.5918000000000045,1.0,1.0,1.0,0.0,1.0,12.0,2.0,0.20833333333333334
SLDQOBRACOQXGE,0.0,2.0,0.25,2.687500000000001,0.0,0.0,1.0,0.0,0.0,6.0,0.0,0.2857142857142857
SMWDFEZZVXVKRB,0.0,1.0,0.0,2.2348,0.0,0.0,0.0,0.0,1.0,10.0,0.0,0.0
SNHRLVCMMWUAJD,2.0,6.0,0.7407407407407407,3.636800000000003,0.0,1.0,1.0,2.0,0.0,0.0,0.0,0.17647058823529413
SNPPWIUOZRMYNY,1.0,2.0,0.46153846153846156,3.2993000000000023,0.0,0.0,0.0,0.0,1.0,6.0,1.0,0.1875
SOUGWDPPRBKJEX,1.0,2.0,0.42857142857142855,4.008220000000003,1.0,0.0,0.0,0.0,1.0,6.0,2.0,0.25
SPNQRCTZKIBOAX,1.0,5.0,0.5714285714285714,4.010900000000003,0.0,0.0,0.0,0.0,3.0,6.0,0.0,0.23809523809523808
STECJAGHUSJQJN,1.0,5.0,0.5882352941176471,0.9180999999999995,0.0,1.0,2.0,1.0,1.0,6.0,0.0,0.18181818181818182
STJLVHWMYQXCPB,0.0,4.0,0.4666666666666667,3.653400000000002,0.0,0.0,2.0,0.0,3.0,11.0,2.0,0.22727272727272727
STJMRWALKKWQGH,3.0,3.0,0.5,2.9971000000000005,0.0,0.0,0.0,1.0,2.0,6.0,2.0,0.17647058823529413
STMIIPIFODONDC,1.0,3.0,0.42857142857142855,3.6629000000000023,0.0,0.0,0.0,1.0,3.0,11.0,2.0,0.3
STUSTWKEFDQFFZ,0.0,1.0,0.3,2.8698200000000007,0.0,0.0,0.0,0.0,2.0,6.0,1.0,0.15384615384615385
SUBWVHAACKTENX,3.0,13.0,0.8333333333333334,2.054000000000005,0.0,1.0,6.0,3.0,2.0,0.0,0.0,0.1836734693877551
SWAJJKROCOJICG,1.0,3.0,0.2727272727272727,1.6127999999999998,1.0,0.0,1.0,0.0,1.0,6.0,0.0,0.26666666666666666
SYJGKVOENHZYMQ,1.0,8.0,0.3125,2.6050000000000004,0.0,0.0,3.0,0.0,5.0,15.0,0.0,0.25
SZINUGQCTHLQAZ,2.0,3.0,0.4,2.8279000000000005,1.0,0.0,0.0,1.0,2.0,9.0,0.0,0.04
SZRPDCCEHVWOJX,2.0,5.0,0.21428571428571427,3.6671400000000016,0.0,1.0,0.0,0.0,3.0,12.0,1.0,0.23809523809523808
SZWKGOZKRMMLAJ,2.0,2.0,0.36363636363636365,4.986100000000004,1.0,1.0,0.0,0.0,1.0,12.0,0.0,0.11538461538461539
TUBQDCKAWGHZPF,0.0,5.0,0.1111111111111111,3.560180000000001,0.0,0.0,0.0,0.0,2.0,9.0,0.0,0.21428571428571427
TVLSRXXIMLFWEO,0.0,3.0,0.3333333333333333,4.602400000000004,1.0,0.0,1.0,0.0,3.0,11.0,3.0,0.2608695652173913
TVVXHFWWAYXBNC,2.0,7.0,0.2857142857142857,2.4625000000000004,1.0,0.0,2.0,0.0,5.0,14.0,0.0,0.21739130434782608
TWFZGCMQGLPBSX,2.0,3.0,0.1111111111111111,1.7411999999999996,1.0,0.0,1.0,0.0,3.0,9.0,0.0,0.07142857142857142
TWHBYJSVDCWICV,0.0,9.0,0.8333333333333334,4.3227000000000055,3.0,3.0,3.0,0.0,3.0,0.0,0.0,0.1875
TWMFGCHRALXDAR,1.0,2.0,0.9411764705882353,3.9752000000000027,1.0,0.0,0.0,0.0,2.0,0.0,0.0,0.7
TWPMMLHBHPYSMT,1.0,1.0,0.07692307692307693,3.738620000000002,0.0,0.0,0.0,0.0,1.0,12.0,0.0,0.14285714285714285
TYMLOMAKGOJONV,1.0,3.0,0.0,1.177,0.0,0.0,0.0,0.0,2.0,6.0,0.0,0.1
TZBPRYIIJAJUOY,0.0,7.0,0.6923076923076923,3.307520000000002,0.0,0.0,0.0,0.0,3.0,6.0,0.0,0.42857142857142855
UACOXBQBNWQWOK,0.0,4.0,0.16666666666666666,4.452900000000003,0.0,0.0,0.0,0.0,4.0,20.0,2.0,0.12
UAFDGCOOJPIAHN,2.0,5.0,0.06666666666666667,2.5740000000000007,1.0,0.0,1.0,0.0,3.0,15.0,0.0,0.13043478260869565
UAIUNKRWKOVEES,2.0,2.0,0.25,3.751680000000002,0.0,0.0,0.0,0.0,2.0,12.0,0.0,0.05555555555555555
UBCHPRBFMUDMNC,1.0,1.0,1.0,2.5500000000000007,0.0,0.0,0.0,0.0,1.0,0.0,0.0,0.07692307692307693
UBCKGWBNUIFUST,0.0,4.0,0.2,5.601500000000002,0.0,0.0,0.0,0.0,0.0,6.0,3.0,0.2631578947368421
UDCDOJQOXWCCSD,1.0,2.0,0.3333333333333333,1.2133200000000002,0.0,0.0,0.0,0.0,2.0,6.0,0.0,0.21428571428571427
UDKABVSQKJNZBH,0.0,4.0,0.64,4.741400000000005,0.0,1.0,1.0,0.0,0.0,0.0,0.0,0.06896551724137931
UELITFHSCLAHKR,0.0,5.0,0.125,2.1944999999999997,0.0,0.0,0.0,0.0,2.0,9.0,0.0,0.07692307692307693
UFEODZBUAFNAEU,0.0,9.0,0.14285714285714285,4.564500000000004,0.0,0.0,3.0,0.0,4.0,18.0,2.0,0.21875
UFFBMTHBGFGIHF,1.0,1.0,0.25,1.88564,0.0,0.0,0.0,0.0,1.0,6.0,0.0,0.0
UFNOUKDBUJZYDE,1.0,3.0,0.4666666666666667,2.865400000000001,0.0,0.0,0.0,1.0,3.0,11.0,1.0,0.25
UHBUSMAHWHZQKS,2.0,4.0,0.18181818181818182,4.170400000000003,1.0,0.0,1.0,1.0,2.0,18.0,1.0,0.21428571428571427
UIKROCXWUNQSPJ,0.0,2.0,0.4,1.3749,1.0,0.0,0.0,0.0,2.0,6.0,0.0,0.07692307692307693
UIOFUWFRIANQPC,2.0,6.0,0.3684210526315789,2.6878200000000003,2.0,1.0,0.0,0.0,3.0,11.0,2.0,0.13333333333333333
ULSLJYXHZDTLQK,1.0,3.0,0.21052631578947367,3.9668000000000028,0.0,0.0,0.0,1.0,0.0,16.0,0.0,0.045454545454545456
UNYCSANQWMNNCS,0.0,5.0,0.24242424242424243,6.920700000000007,2.0,0.0,2.0,0.0,3.0,24.0,2.0,0.21428571428571427
UQCSETXJXJTMKO,0.0,9.0,0.8235294117647058,3.542500000000005,3.0,3.0,3.0,0.0,3.0,0.0,0.0,0.15217391304347827
URDNHJIVMYZFRT,1.0,3.0,0.4666666666666667,3.7757000000000023,0.0,0.0,0.0,1.0,3.0,11.0,2.0,0.19047619047619047
UREBDLICKHMUKA,3.0,5.0,0.7272727272727273,1.8957000000000002,0.0,0.0,0.0,3.0,0.0,0.0,0.0,0.07142857142857142
USRKFGIXLGKMKU,2.0,5.0,0.5,3.7718000000000025,2.0,0.0,1.0,0.0,3.0,9.0,1.0,0.23076923076923078
USSIQXCVUWKGNF,0.0,2.0,0.38095238095238093,4.292000000000004,0.0,0.0,0.0,0.0,1.0,12.0,0.0,0.30434782608695654
UTOHZQYBSYOOGC,1.0,4.0,0.29411764705882354,3.675620000000002,0.0,0.0,0.0,0.0,3.0,11.0,0.0,0.17391304347826086
UURAUHCOJAIIRQ,1.0,6.0,0.8571428571428571,4.9679000000000055,0.0,1.0,1.0,1.0,1.0,0.0,0.0,0.2647058823529412
UVBUBMSSQKOIBE,8.0,12.0,0.8235294117647058,2.5642000000000036,0.0,6.0,2.0,3.0,1.0,0.0,0.0,0.58
UVLBAPBHAHFJSY,2.0,5.0,0.058823529411764705,4.505820000000002,0.0,0.0,0.0,0.0,5.0,17.0,1.0,0.08
UWFYSQMTEOIJJG,0.0,4.0,0.7083333333333334,4.607600000000004,0.0,1.0,1.0,0.0,0.0,0.0,0.0,0.06896551724137931
UWVQIROCRJWDKL,0.0,4.0,0.42857142857142855,1.6500399999999997,2.0,0.0,2.0,0.0,2.0,6.0,0.0,0.2
UWYHMGVUTGAWSP,2.0,6.0,0.3684210526315789,1.8953199999999992,2.0,1.0,0.0,0.0,3.0,11.0,0.0,0.14285714285714285
VACCAVUAMIDAGB,2.0,6.0,0.1111111111111111,1.2295199999999997,0.0,0.0,0.0,0.0,4.0,11.0,0.0,0.17647058823529413
VAIZTNZGPYBOGF,0.0,5.0,0.3684210526315789,5.003300000000004,0.0,1.0,3.0,0.0,1.0,12.0,0.0,0.2962962962962963
VAOCPAMSLUNLGC,1.0,4.0,0.5,0.09201999999999982,0.0,0.0,0.0,1.0,3.0,5.0,0.0,0.25
VBCVPMMZEGZULK,0.0,8.0,0.2727272727272727,4.093300000000004,3.0,1.0,4.0,0.0,3.0,12.0,1.0,0.08333333333333333
VDTNNGKXZGSZIP,3.0,4.0,0.36363636363636365,1.0568,2.0,0.0,0.0,0.0,3.0,6.0,0.0,0.2777777777777778
VEQOALNAAJBPNY,0.0,1.0,0.18181818181818182,1.4844199999999999,0.0,0.0,0.0,0.0,2.0,11.0,0.0,0.07142857142857142
VEVZCONIUDBCDC,1.0,4.0,0.3333333333333333,3.267100000000002,0.0,0.0,1.0,1.0,2.0,12.0,0.0,0.18181818181818182
VGHPMIFEKOFHHQ,1.0,7.0,0.21428571428571427,2.5575200000000002,0.0,0.0,2.0,0.0,5.0,15.0,2.0,0.19230769230769232
VGZSUPCWNCWDAN,2.0,4.0,0.4666666666666667,2.2098000000000004,2.0,0.0,0.0,0.0,2.0,6.0,0.0,0.18181818181818182
VHCNQEUWZYOAEV,1.0,4.0,0.1,0.32751999999999964,0.0,0.0,0.0,0.0,4.0,12.0,0.0,0.06666666666666667
VHRSUDSXCMQTMA,3.0,5.0,0.7272727272727273,1.8036,0.0,0.0,0.0,3.0,0.0,0.0,0.0,0.07407407407407407
VIKNJXKGJWUCNN,1.0,2.0,0.75,3.4925000000000024,0.0,0.0,0.0,1.0,0.0,0.0,0.0,0.0
VJYFKVYYMZPMAB,0.0,4.0,1.0,4.417400000000004,0.0,0.0,0.0,0.0,0.0,0.0,0.0,0.6153846153846154
VKHAHZOOUSRJNA,1.0,3.0,0.5517241379310345,5.406500000000006,0.0,0.0,0.0,1.0,1.0,6.0,0.0,0.0625
VLTNWNUPWHBSQY,2.0,3.0,0.7368421052631579,2.6260000000000017,0.0,0.0,0.0,2.0,0.0,0.0,0.0,0.0
VLYWMPOKSSWJAL,2.0,6.0,0.09090909090909091,0.8681999999999999,0.0,0.0,1.0,0.0,4.0,12.0,0.0,0.21052631578947367
VMXUWOKSQNHOCA,2.0,7.0,0.5384615384615384,1.4589999999999996,0.0,0.0,0.0,0.0,4.0,5.0,0.0,0.47619047619047616
VNENJHUOPQAPAT,2.0,4.0,0.0,2.3920000000000003,0.0,0.0,0.0,1.0,3.0,14.0,0.0,0.06666666666666667
VNKBTWQZTQIWDV,0.0,7.0,0.3333333333333333,2.7345000000000006,0.0,0.0,0.0,0.0,2.0,9.0,1.0,0.2631578947368421
VOEYXMAFNDNNED,1.0,2.0,0.2222222222222222,1.91762,0.0,0.0,1.0,1.0,1.0,6.0,0.0,0.08333333333333333
VOVIALXJUBGFJZ,2.0,6.0,0.76,2.7168000000000014,0.0,0.0,2.0,2.0,0.0,0.0,0.0,0.12903225806451613
VOWAEIGWURALJQ,0.0,4.0,0.6,4.665600000000004,0.0,2.0,2.0,0.0,0.0,6.0,0.0,0.16666666666666666
VTFZEBCYVXMEBB,0.0,6.0,0.45454545454545453,2.766400000000001,0.0,0.0,0.0,0.0,0.0,6.0,0.0,0.3684210526315789
VTNQPKFIQCLBDU,0.0,2.0,0.5,3.1232200000000017,1.0,0.0,1.0,0.0,1.0,6.0,0.0,0.3333333333333333
VUNOFAIHSALQQH,1.0,1.0,0.9230769230769231,2.8309000000000015,1.0,0.0,0.0,0.0,1.0,0.0,0.0,0.2
VUTHWSUXEOILTN,0.0,6.0,0.4,2.1782199999999996,0.0,0.0,0.0,0.0,0.0,6.0,0.0,0.2777777777777778
VVBLNCFGVYUYGU,0.0,3.0,0.23529411764705882,3.0496000000000016,0.0,0.0,0.0,0.0,2.0,12.0,0.0,0.2
VWUXBMIQPBEWFH,2.0,3.0,0.8125,8.682600000000004,0.0,0.0,0.0,2.0,0.0,6.0,0.0,0.34146341463414637
VXTGHWHFYNYFFV,2.0,4.0,0.3333333333333333,2.2588,1.0,0.0,1.0,0.0,3.0,9.0,0.0,0.21052631578947367
VYBKAZXQKUFAHG,2.0,2.0,0.125,0.67612,1.0,0.0,0.0,0.0,2.0,6.0,0.0,0.09090909090909091
VYUUPUMKBLIKJV,2.0,4.0,0.12,5.055800000000004,1.0,0.0,0.0,0.0,3.0,22.0,1.0,0.21212121212121213
VZFRNCSOCOPNDB,4.0,4.0,0.5333333333333333,0.9730999999999996,0.0,3.0,0.0,0.0,1.0,0.0,0.0,0.3181818181818182
VZRKEAFHFMSHCD,0.0,3.0,0.8181818181818182,1.5882,1.0,1.0,1.0,0.0,1.0,0.0,0.0,0.4666666666666667
WAIJIHDWAKJCBX,3.0,5.0,0.7142857142857143,1.6497,0.0,0.0,0.0,3.0,0.0,0.0,0.0,0.07407407407407407
WCCIEZDFRJREQJ,0.0,3.0,0.2222222222222222,2.32578,0.0,0.0,0.0,0.0,2.0,6.0,0.0,0.16666666666666666
WDQFELCEOPFLCZ,1.0,2.0,0.8333333333333334,-0.39890000000000025,1.0,0.0,0.0,1.0,1.0,0.0,0.0,0.2222222222222222
WECDUOXQLAIPQW,2.0,2.0,0.2,3.0586400000000005,0.0,0.0,0.0,0.0,2.0,12.0,0.0,0.11764705882352941
WFDXOXNFNRHQEC,0.0,8.0,0.09090909090909091,4.093180000000004,0.0,1.0,4.0,0.0,3.0,18.0,0.0,0.23333333333333334
WFKSADNZWSKCRZ,0.0,3.0,0.5,2.9463000000000017,1.0,1.0,1.0,0.0,1.0,6.0,0.0,0.3333333333333333
WFTHOCDLKYPFJX,2.0,4.0,0.35714285714285715,1.1457199999999998,1.0,2.0,1.0,0.0,1.0,6.0,0.0,0.2857142857142857
WGZDBVOTUVNQFP,2.0,5.0,0.18181818181818182,1.7027999999999996,1.0,0.0,1.0,0.0,4.0,10.0,0.0,0.17647058823529413
WINHLTQNRABBSW,2.0,3.0,0.0,2.5152,0.0,0.0,0.0,0.0,3.0,15.0,1.0,0.10526315789473684
WJCNZQLZVWNLKY,1.0,3.0,0.0,2.686400000000001,0.0,0.0,0.0,0.0,3.0,14.0,0.0,0.07142857142857142
WKBPZYKAUNRMKP,0.0,2.0,0.38461538461538464,4.168800000000004,0.0,0.0,0.0,0.0,3.0,11.0,2.0,0.2777777777777778
WKEDVNSFRWHDNR,2.0,2.0,0.0,2.6445000000000007,1.0,0.0,0.0,1.0,1.0,12.0,0.0,0.125
WKGKFWXGAHXMCE,0.0,4.0,0.5333333333333333,3.387120000000002,0.0,1.0,3.0,0.0,0.0,6.0,1.0,0.45
WKSAUQYGYAYLPV,2.0,4.0,0.16666666666666666,2.5238000000000005,0.0,0.0,0.0,0.0,4.0,12.0,1.0,0.11764705882352941
WLFDQEVORAMCIM,1.0,2.0,0.2222222222222222,2.4742000000000006,2.0,0.0,0.0,0.0,2.0,6.0,1.0,0.14285714285714285
WMYINDVYGQKYMI,4.0,5.0,1.0,-0.2350000000000002,0.0,0.0,1.0,4.0,0.0,0.0,0.0,0.5882352941176471
WPCVRWVBBXIRMA,0.0,7.0,0.4117647058823529,1.7369,0.0,1.0,4.0,0.0,0.0,10.0,0.0,0.041666666666666664
WPPOGHDFAVQKLN,0.0,1.0,0.9166666666666666,2.9693000000000014,1.0,0.0,0.0,0.0,1.0,0.0,0.0,0.5
WRPIRSINYZBGPK,0.0,2.0,0.0,5.473000000000002,0.0,0.0,1.0,0.0,1.0,16.0,3.0,0.1
WTLBZVNBAKMVDP,0.0,7.0,1.0,4.594400000000005,0.0,0.0,3.0,0.0,0.0,0.0,0.0,0.8076923076923077
WTOYNNBCKUYIKC,0.0,1.0,0.6666666666666666,3.904200000000003,0.0,0.0,0.0,0.0,0.0,0.0,0.0,0.0625
WTPBIYSMFKUQKY,2.0,4.0,0.3,1.3288,0.0,0.0,0.0,0.0,3.0,9.0,0.0,0.1875
WTPSHLVHJOJDIF,0.0,2.0,0.46153846153846156,4.413000000000003,0.0,0.0,0.0,0.0,2.0,6.0,2.0,0.0
WUADCCWRTIWANL,2.0,5.0,0.0625,2.8798000000000012,0.0,0.0,1.0,2.0,0.0,16.0,0.0,0.09523809523809523
WURBVZBTWMNKQT,0.0,4.0,0.35714285714285715,3.1243000000000016,0.0,0.0,1.0,0.0,3.0,11.0,1.0,0.2
WURGXGVFSMYFCG,0.0,3.0,0.3333333333333333,3.006000000000001,0.0,0.0,0.0,0.0,2.0,6.0,0.0,0.2777777777777778
WUZNHSBFPPFULJ,2.0,6.0,0.6,1.8133799999999998,0.0,0.0,0.0,0.0,6.0,6.0,1.0,0.23529411764705882
WVLAAKXASPCBGT,4.0,7.0,0.3888888888888889,-0.44180000000000064,0.0,0.0,0.0,3.0,5.0,15.0,0.0,0.25
WVQBLGZPHOPPFO,0.0,2.0,0.5333333333333333,3.1641200000000023,1.0,0.0,1.0,0.0,1.0,6.0,0.0,0.3157894736842105
WWYNJERNGUHSAO,1.0,2.0,0.7619047619047619,3.8826000000000027,0.0,0.0,0.0,1.0,0.0,0.0,0.0,0.043478260869565216
WXURHACBFYSXBI,3.0,5.0,0.7272727272727273,1.8436999999999997,0.0,0.0,0.0,3.0,0.0,0.0,0.0,0.06896551724137931
WXWCDTXEKCVRRO,1.0,2.0,0.25,1.58582,0.0,0.0,1.0,0.0,1.0,6.0,0.0,0.1
WXZVAROIGSFCFJ,0.0,2.0,0.35294117647058826,3.475500000000002,1.0,0.0,1.0,0.0,1.0,10.0,0.0,0.25
WYEHFWKAOXOVJD,1.0,3.0,0.05263157894736842,5.423200000000002,1.0,0.0,1.0,0.0,2.0,18.0,2.0,0.14285714285714285
WYEMLYFITZORAB,1.0,2.0,0.0,5.307700000000003,1.0,0.0,0.0,0.0,2.0,18.0,2.0,0.13043478260869565
WYKYKTKDBLFHCY,1.0,3.0,0.0,1.4680999999999997,0.0,0.0,0.0,0.0,3.0,12.0,1.0,0.06666666666666667
WYMSBXTXOHUIGT,0.0,6.0,0.4,3.154700000000002,0.0,0.0,0.0,0.0,1.0,6.0,0.0,0.3888888888888889
WYVVKGNFXHOCQV,1.0,2.0,0.625,1.9086,1.0,0.0,1.0,0.0,1.0,0.0,0.0,0.3333333333333333
WYWHKKSPHMUBEB,3.0,4.0,0.0,0.5976899999999998,0.0,0.0,0.0,0.0,5.0,9.0,0.0,0.0
WYWZRNAHINYAEF,0.0,3.0,0.5882352941176471,4.1258000000000035,0.0,1.0,1.0,0.0,1.0,6.0,0.0,0.4
WZKXBGJNNCGHIC,0.0,2.0,0.21739130434782608,4.998800000000005,0.0,0.0,0.0,0.0,2.0,18.0,0.0,0.2
XBZBRCVCSVLJJZ,2.0,2.0,0.17647058823529413,3.1746000000000008,2.0,0.0,0.0,0.0,2.0,12.0,0.0,0.09523809523809523
XCGSFFUVFURLIX,3.0,6.0,0.42424242424242425,1.9907999999999997,3.0,0.0,1.0,1.0,5.0,15.0,0.0,0.09302325581395349
XCSGPAVHZFQHGE,0.0,2.0,0.5,2.9871000000000016,1.0,0.0,1.0,0.0,1.0,6.0,0.0,0.3333333333333333
XDNBJTQLKCIJBV,0.0,5.0,0.45454545454545453,3.1003000000000016,0.0,0.0,0.0,0.0,0.0,6.0,0.0,0.3888888888888889
XGXOSJSGDNPEEF,2.0,5.0,0.13043478260869565,2.16,2.0,0.0,0.0,0.0,5.0,18.0,0.0,0.1
XIXHUNCZQIRQOG,1.0,1.0,0.5,3.372200000000002,0.0,0.0,0.0,0.0,1.0,6.0,1.0,0.21428571428571427
XKJMBINCVNINCA,1.0,2.0,0.2222222222222222,3.0185000000000013,2.0,0.0,0.0,0.0,2.0,6.0,2.0,0.13333333333333333
XKNKHVGWJDPIRJ,3.0,2.0,0.0,-1.1702000000000001,0.0,0.0,0.0,0.0,1.0,6.0,0.0,0.09090909090909091
XLDBGFGREOMWSL,0.0,2.0,0.48,8.317300000000005,0.0,0.0,0.0,0.0,2.0,12.0,0.0,0.2222222222222222
XMAYWYJOQHXEEK,0.0,6.0,0.38461538461538464,4.2058000000000035,1.0,0.0,3.0,0.0,4.0,17.0,2.0,0.19444444444444445
XMJFVIGTHMOGNZ,5.0,10.0,0.75,-0.9913000000000005,0.0,0.0,1.0,4.0,1.0,0.0,0.0,0.3333333333333333
XMTQQYYKAHVGBJ,1.0,1.0,0.2222222222222222,3.086900000000001,2.0,0.0,0.0,0.0,2.0,6.0,2.0,0.07142857142857142
XNKARWLGLZGMGX,0.0,3.0,0.46153846153846156,3.3705200000000017,0.0,1.0,2.0,0.0,0.0,6.0,1.0,0.35294117647058826
XOGPDSATLSAZEK,1.0,3.0,0.0,2.0442,0.0,0.0,0.0,0.0,1.0,12.0,0.0,0.0
XOXHILFPRYWFOD,2.0,5.0,0.0,1.513,0.0,0.0,0.0,0.0,4.0,12.0,1.0,0.16666666666666666
XOZLRRYPUKAKMU,1.0,2.0,0.35714285714285715,2.3047200000000005,0.0,0.0,0.0,0.0,3.0,11.0,0.0,0.16666666666666666
XPAZGLFMMUODDK,1.0,3.0,0.0,1.4710999999999999,0.0,0.0,0.0,0.0,3.0,9.0,0.0,0.08333333333333333
XQYZDYMELSJDRZ,0.0,5.0,0.25,3.860000000000003,0.0,0.0,4.0,0.0,1.0,16.0,0.0,0.24
XQZXYNRDCRIARQ,8.0,8.0,0.47058823529411764,-1.0143000000000004,3.0,0.0,0.0,5.0,3.0,6.0,3.0,0.3225806451612903
XRHGWAGWAHHFLF,0.0,6.0,0.7777777777777778,3.1887000000000016,0.0,0.0,0.0,0.0,3.0,5.0,1.0,0.3888888888888889
XVOKUMIPKHGGTN,2.0,4.0,0.4666666666666667,1.6333000000000002,1.0,1.0,0.0,0.0,3.0,6.0,0.0,0.19047619047619047
XVPBINOPNYFXID,0.0,2.0,0.9333333333333333,1.8842999999999999,1.0,0.0,0.0,0.0,2.0,0.0,0.0,0.0
XWALNWXLMVGSFR,1.0,2.0,0.75,4.045300000000004,0.0,0.0,0.0,1.0,0.0,0.0,0.0,0.0
XWIYFDMXXLINPU,0.0,7.0,0.29411764705882354,1.8604999999999998,0.0,1.0,4.0,0.0,0.0,10.0,0.0,0.041666666666666664
XWMMHXRGYYPFAV,0.0,4.0,0.25,4.426500000000002,0.0,0.0,0.0,0.0,0.0,6.0,3.0,0.25
XWTYSIMOBUGWOL,4.0,4.0,0.5,1.5192999999999997,0.0,0.0,0.0,3.0,1.0,6.0,0.0,0.1875
XXOYNJXVWVNOOJ,1.0,1.0,0.2222222222222222,1.7801,2.0,0.0,0.0,0.0,2.0,6.0,0.0,0.08333333333333333
XZZNDPSIHUTMOC,0.0,4.0,0.0,5.331500000000003,0.0,0.0,0.0,0.0,0.0,18.0,0.0,0.2608695652173913
YBBLVLTVTVSKRW,0.0,4.0,0.4117647058823529,2.9287600000000014,0.0,0.0,0.0,0.0,5.0,11.0,0.0,0.18181818181818182
YBJHBAHKTGYVGT,3.0,3.0,0.8,0.7968000000000001,2.0,1.0,0.0,0.0,2.0,0.0,0.0,0.3125
YEZNLOUZAIOMLT,2.0,2.0,0.07142857142857142,4.090220000000002,0.0,1.0,0.0,0.0,1.0,12.0,1.0,0.16666666666666666
YFAGHNZHGGCZAX,2.0,6.0,0.3684210526315789,3.2021200000000007,2.0,1.0,0.0,0.0,3.0,11.0,2.0,0.13333333333333333
YFBPRJGDJKVWAH,1.0,3.0,0.36363636363636365,2.743540000000001,1.0,0.0,1.0,0.0,1.0,6.0,0.0,0.13333333333333333
YFGYUFNIOHWBOB,0.0,5.0,0.5454545454545454,1.2198399999999998,1.0,0.0,1.0,0.0,4.0,6.0,0.0,0.11764705882352941
YFNCATAIYKQPOO,4.0,6.0,0.2857142857142857,2.5724,2.0,0.0,2.0,0.0,4.0,6.0,0.0,0.16666666666666666
YGUFQYGSBVXPMC,1.0,3.0,0.25,1.9394,0.0,0.0,2.0,0.0,1.0,6.0,1.0,0.16666666666666666
YIJZJEYQBAAWRJ,0.0,5.0,0.5625,4.516500000000003,0.0,1.0,1.0,0.0,2.0,6.0,0.0,0.19230769230769232
YILJWHUIUCRKEU,1.0,5.0,0.20833333333333334,4.669300000000004,0.0,0.0,0.0,0.0,7.0,26.0,0.0,0.22580645161290322
YJFCKXVXEKHSEC,1.0,3.0,0.0,3.6412000000000013,0.0,1.0,1.0,0.0,1.0,16.0,0.0,0.1
YKBZOVFACRVRJN,2.0,3.0,0.8571428571428571,-0.6203999999999994,0.0,0.0,1.0,0.0,4.0,0.0,0.0,0.21428571428571427
YKKQAXQGZIBJFS,3.0,4.0,0.46153846153846156,1.56198,0.0,0.0,0.0,1.0,3.0,6.0,0.0,0.17647058823529413
YLDDCEXDGNXCIO,1.0,2.0,0.5714285714285714,3.783000000000002,0.0,0.0,1.0,0.0,1.0,6.0,0.0,0.125
YLJREFDVOIBQDA,1.0,2.0,0.3076923076923077,2.695800000000001,0.0,0.0,0.0,0.0,2.0,10.0,0.0,0.0
YNVKAENVJKEMOU,1.0,4.0,0.1,3.633140000000002,1.0,0.0,0.0,0.0,5.0,21.0,1.0,0.1111111111111111
YOSHYTLCDANDAN,1.0,5.0,0.4,4.777400000000004,1.0,0.0,0.0,0.0,6.0,17.0,0.0,0.21875
YOUGRGFIHBUKRS,0.0,0.0,0.4,1.8928,0.0,0.0,0.0,0.0,1.0,6.0,0.0,0.18181818181818182
YOWNVPAUWYHLQX,2.0,4.0,0.05,6.439600000000001,3.0,0.0,1.0,0.0,3.0,18.0,4.0,0.12121212121212122
YPACMOORZSDQDQ,2.0,6.0,0.17647058823529413,2.2549,0.0,2.0,2.0,0.0,2.0,12.0,0.0,0.2608695652173913
YPEWWOUWRRQBAX,0.0,2.0,0.6666666666666666,0.05369999999999986,1.0,0.0,0.0,0.0,1.0,0.0,0.0,0.2222222222222222
YQIGLEFUZMIVHU,1.0,1.0,0.5714285714285714,1.0871,1.0,0.0,0.0,0.0,1.0,0.0,0.0,0.2222222222222222
YREQHYQNNWYQCJ,0.0,3.0,0.28,6.372000000000006,0.0,0.0,3.0,0.0,0.0,18.0,0.0,0.32142857142857145
YRRKLBAKDXSTNC,1.0,5.0,0.7142857142857143,0.15139999999999998,1.0,0.0,0.0,0.0,2.0,0.0,0.0,0.21428571428571427
YTRMTPPVNRALON,1.0,2.0,0.0,3.6000000000000014,0.0,1.0,0.0,0.0,1.0,16.0,0.0,0.10526315789473684
YUAUPYJCVKNAEC,0.0,2.0,0.25,2.9358400000000016,0.0,0.0,0.0,0.0,2.0,11.0,0.0,0.06666666666666667
YVIXXPCJZAUQHJ,3.0,6.0,0.4117647058823529,2.879500000000001,0.0,1.0,1.0,1.0,2.0,11.0,0.0,0.3333333333333333
YWBVHLJPRPCRSD,0.0,1.0,0.10526315789473684,4.738100000000004,0.0,0.0,0.0,0.0,1.0,18.0,0.0,0.08333333333333333
YWTYJOPNNQFBPC,1.0,3.0,0.3333333333333333,0.6878999999999993,0.0,0.0,0.0,0.0,5.0,6.0,1.0,0.17647058823529413
YXALYBMHAYZKAP,0.0,4.0,0.9285714285714286,1.6645999999999999,0.0,1.0,3.0,0.0,0.0,0.0,0.0,0.16666666666666666
YYJNOYZRYGDPNH,0.0,6.0,0.2916666666666667,5.026820000000005,0.0,1.0,2.0,0.0,3.0,17.0,0.0,0.22580645161290322
ZACLXWTWERGCLX,3.0,5.0,0.6666666666666666,-0.0505000000000001,0.0,0.0,1.0,3.0,0.0,0.0,0.0,0.05
ZBBHBTPTTSWHBA,1.0,8.0,0.3076923076923077,3.677800000000003,0.0,2.0,2.0,0.0,3.0,12.0,0.0,0.2571428571428571
ZBRHTUMWSDPCMI,3.0,6.0,0.2777777777777778,1.950899999999999,1.0,0.0,2.0,0.0,2.0,12.0,1.0,0.21428571428571427
ZCJPOPBZHLUFHF,1.0,4.0,0.5384615384615384,4.238320000000003,0.0,0.0,0.0,0.0,1.0,6.0,0.0,0.3684210526315789
ZCTYHONEGJTYQV,2.0,2.0,0.3333333333333333,0.9394000000000002,0.0,0.0,0.0,1.0,1.0,6.0,0.0,0.2727272727272727
ZDHCJEIGTNNEMY,1.0,2.0,0.85,4.269300000000004,0.0,0.0,0.0,1.0,0.0,0.0,0.0,0.045454545454545456
ZDHYERRNXRANLI,0.0,6.0,0.4,2.29462,0.0,0.0,0.0,0.0,0.0,6.0,0.0,0.2777777777777778
ZEGLQSKFSKZGRO,6.0,11.0,0.75,-2.020499999999999,0.0,0.0,1.0,5.0,1.0,0.0,0.0,0.32
ZETBBVYSBABLHL,1.0,4.0,0.22727272727272727,5.499140000000004,2.0,0.0,1.0,0.0,4.0,18.0,0.0,0.0967741935483871
ZISFCTXLAXIEMV,3.0,7.0,0.3157894736842105,2.3346999999999998,1.0,0.0,2.0,1.0,3.0,12.0,0.0,0.32142857142857145
ZIWFCOIGUNPHPM,2.0,4.0,0.4,4.176700000000003,0.0,0.0,2.0,0.0,2.0,12.0,0.0,0.2222222222222222
ZJJXGWJIGJFDTL,3.0,6.0,0.42857142857142855,2.0781199999999993,3.0,0.0,0.0,0.0,5.0,12.0,0.0,0.22580645161290322
ZKLXUUYLEHCAMF,1.0,4.0,0.4444444444444444,2.1215,0.0,0.0,2.0,1.0,1.0,6.0,0.0,0.045454545454545456
ZLCUIOWQYBYEBG,1.0,3.0,0.06666666666666667,2.35262,0.0,0.0,0.0,0.0,1.0,12.0,0.0,0.0
ZLIBICFPKPWGIZ,1.0,3.0,0.16666666666666666,2.837040000000001,0.0,0.0,0.0,0.0,3.0,12.0,0.0,0.13333333333333333
ZNNLBTZKUZBEKO,3.0,5.0,0.391304347826087,3.641700000000002,3.0,0.0,1.0,0.0,3.0,12.0,1.0,0.24242424242424243
ZNOLGFHPUIJIMJ,0.0,6.0,0.3333333333333333,2.7993200000000007,0.0,0.0,0.0,0.0,1.0,6.0,0.0,0.29411764705882354
ZNRZGJAHNMGWQN,0.0,5.0,0.4,3.4966200000000027,0.0,0.0,0.0,0.0,0.0,6.0,0.0,0.3125
ZOGDSYNXUXQGHF,1.0,5.0,0.5416666666666666,5.655760000000006,0.0,0.0,0.0,1.0,1.0,6.0,0.0,0.27586206896551724
ZOXBWJMCXHTKNU,0.0,3.0,0.1111111111111111,1.30562,0.0,2.0,1.0,0.0,0.0,6.0,0.0,0.0
ZPUCINDJVBIVPJ,0.0,5.0,0.5294117647058824,1.8677,0.0,2.0,2.0,0.0,1.0,6.0,0.0,0.13636363636363635
ZQEIXNIJLIKNTD,0.0,4.0,0.4666666666666667,1.8443399999999999,1.0,1.0,2.0,0.0,1.0,6.0,0.0,0.25
ZRKZFNZPJKEWPC,0.0,1.0,1.0,3.7013000000000025,0.0,0.0,0.0,0.0,1.0,0.0,0.0,0.6428571428571429
ZRVUJXDFFKFLMG,2.0,6.0,0.14285714285714285,1.9509199999999998,1.0,0.0,0.0,1.0,3.0,11.0,0.0,0.08695652173913043
ZTMKADLOSYKWCA,1.0,2.0,0.6923076923076923,1.5305,0.0,0.0,0.0,0.0,2.0,6.0,0.0,0.058823529411764705
ZTWZVMIYIIVABD,2.0,6.0,0.6896551724137931,4.070000000000002,1.0,2.0,3.0,0.0,1.0,6.0,0.0,0.32432432432432434
ZUBPKHVCBGWWGO,3.0,6.0,0.4642857142857143,6.203220000000006,0.0,1.0,1.0,2.0,1.0,12.0,0.0,0.20588235294117646
ZWJNEYVWPYIKMB,1.0,2.0,0.21428571428571427,3.457160000000002,1.0,0.0,0.0,0.0,1.0,11.0,0.0,0.11764705882352941
ZXDDPOHVAMWLBH,2.0,3.0,0.0,2.3288,0.0,0.0,0.0,2.0,0.0,12.0,0.0,0.125
ZXSWTMLNIIZPET,1.0,2.0,0.8421052631578947,3.8792000000000035,0.0,0.0,0.0,1.0,0.0,0.0,0.0,0.0
ZYGHJZDHTFUPRJ,0.0,2.0,0.0,1.793,0.0,0.0,0.0,0.0,0.0,10.0,0.0,0.0
ZZYSLNWGKKDOML,1.0,2.0,0.4444444444444444,3.863400000000003,1.0,0.0,0.0,0.0,3.0,11.0,1.0,0.17391304347826086
