group_key,stereo_scaffold,exposed,rmse_V1B_RIDGE_TIERA,rmse_B0_NULL_PROFILE,rmse_B1_MASS_ONLY_ISOTONIC,rmse_V1A_STABLE_LAW,rmse_V1C_RICH_RIDGE_24,rmse_S2A_FROZEN_PIPELINE
ACGPKIHTJATAMX,O=C1CCCC2(CO2)C(=O)OC2CCN3CC=C(CO1)C23,False,0.13142420900362328,0.1408775871277451,0.12098854923541653,0.14378277083652502,0.11794033996525519,0.13254974687358997
ADFIQZBYNGPCGY,O=C1C=CC2OC3CCC(C2C1)C31CO1,False,0.08354447642642698,0.09403202761900585,0.06234532405232871,0.05319802944875546,0.057536087710338725,0.1410990987344575
AOOCSKCGZYCEJX,O=c1cccc2n1CC1CC2CN2CCCCC12,False,0.09392080908251804,0.10932716627684733,0.07323909588030705,0.07403016379022903,0.09371364571373805,0.10893437996574674
ASWVTGNCAZCNNR,O=S(=O)(Nc1ncccn1)c1ccccc1,False,0.08773362505861841,0.06487517406123201,0.08267047113960253,0.06986832579630586,0.13590122741197547,0.11247840403444438
AWSZRJQNBMEZOI,O=C(Cc1ccccc1)c1ccccc1,False,0.07350139351462875,0.19059711835840054,0.044735730807456096,0.07010165051893139,0.1403721261280392,0.14675027825617312
BCJMNZRQJAVDLD,C=C1CCCC(=O)OCC2=CCN3CCC(OC1=O)C23,False,0.11062928584581826,0.1321658577841478,0.10370113590220052,0.1225868313910392,0.11463488578382608,0.10767793565006488
BGPSRMUUQQTZFB,O=S(=O)(c1cccc(-c2nc(=S)c3[nH]ncc3[nH]2)c1)N1CCNCC1,False,0.12207713627034192,0.2040315810737096,0.11355062364611286,0.11514788941491974,0.11831077973128139,0.14564643363707058
BGRWYDHXPHLNKA,__ACYCLIC__,True,0.13982269830267877,0.12435875301639303,0.2299146276731348,0.06481853047218016,0.035689019597753294,0.09320331013864724
BKVJOVPVLOJPKJ,__ACYCLIC__,True,0.04185251339375691,0.16043448139385316,0.1800990012190388,0.04770519816673259,0.04108533036030601,0.08774012332997237
BPZSYCZIITTYBL,c1ccc(CCNCCc2ccccc2)cc1,False,0.09060387399661701,0.13837101426479978,0.09224244530092192,0.05421417905713446,0.0605223153758437,0.13152037462440627
BQXQGZPYHWWCEB,c1ccc2c(c1)[nH]c1ccccc12,True,0.14102941645567835,0.07130836769284823,0.09042001486122798,0.06446193079708658,0.1346143032787483,0.14482152630475142
BVZWTQCTAVYACS,C=C(CC12CCCC(O1)C1OC3(CCCCN3)CC1O2)C1CCCC(CC2CC3OC4(CCC3O2)CCC2(CC=CCO2)O4)O1,False,0.018186378059214237,0.3351174924284136,0.042518679397769855,0.0992744447637966,0.04355527620720539,0.21250953595777453
CMRJPMODSSEAPL,O=C1C=C2CCC3C(=C2CC1)C=CC1CCCC13,False,0.10948327189858972,0.13049975284454193,0.1111679061275466,0.10368623059804966,0.07871254127101752,0.04272534241543448
CWFCYVRIWJMEIN,C=C(CC12CCCC(O1)C1OC3(CCCCN3)CC1O2)C1CCCC(CC2CC3OC4(CCC3O2)CCC2(C=CCCO2)O4)O1,False,0.03665055152212854,0.34548659177656604,0.05476799740393959,0.11534904456419316,0.06843619686422765,0.22466051768099665
CWFOCCVIPCEQCK,c1ccc(-c2ccc[nH]2)cc1,False,0.32783867272662054,0.3640698779386044,0.264594861030752,0.37642187480351375,0.3699329079819616,0.41752266985179937
CXBMCYHAMVGWJQ,O=C(OCN1C(=O)C2=C(CCCC2)C1=O)C1CC1,False,0.11656236480282124,0.14486415553938503,0.12788052142510808,0.11007478105216877,0.11637905488415269,0.15163991221984305
DDUHZTYCFQRHIY,O=C1C=CC2(CC1)Oc1ccccc1C2=O,False,0.05178440010144846,0.0741124430874379,0.026467452516130727,0.04551395986062114,0.07953024971383976,0.1264154036713934
DEDOPGXGGQYYMW,C1CCCNCC1,False,0.15428021348922336,0.09435507405960959,0.26628633060487356,0.16175853639881566,0.10749774147501817,0.21462693959672147
DEQITUUQPICUMR,O=C(NC1OC2C3CCCN3C(=O)C(Cc3ccccc3)N2C1=O)C1CNC2Cc3c[nH]c4cccc(c34)C2C1,False,0.03700242759243777,0.14208426503173835,0.11688712756304198,0.029660003173481962,0.05461178569132798,0.10030672592150511
DVBUIBGJRQBEDP,O=C(Nc1ccccc1)c1ccnn1-c1ccccn1,False,0.0565216335952652,0.11234024811211336,0.051868312663609174,0.06668851663944038,0.030120423875974845,0.1373131122040114
DWZSTEUTHNUVQD,__ACYCLIC__,True,0.025951468248494515,0.15314907214279833,0.12090986401681267,0.021606482947329593,0.010757179804591932,0.04433977495788342
FEWPCPCEGBPTAL,O=c1cccn[nH]1,False,0.06611140797476193,0.2388703555188309,0.06064816726681011,0.14097913829344588,0.0827465309202221,0.06045934697387872
FFQPZWRNXKPNPX,O=C(COc1ccccc1)NCc1ccccc1,False,0.21994083856324997,0.2501757080842493,0.20185518725636645,0.20205512936215397,0.2423573879703953,0.2739402100828061
FKLFBQCQQYDUAM,c1ccc(-c2cc[nH]c2)cc1,False,0.07491542402127828,0.2461275655354978,0.149722688102819,0.030520013038407533,0.08585147867185768,0.029754101417166837
FLUOSFVUPTUYEX,C=C1CCCC(=O)OCC2=CCN3CCC(OC1=O)C23,False,0.1295934140263026,0.13684794703825048,0.13251144335278325,0.15127534213938365,0.11293846817130175,0.11816952779334389
FPQFYIAXQDXNOR,O=C1OCCCCCCCCC=Cc2ccccc21,False,0.09279480462857875,0.03676250764151687,0.03732076932048679,0.05057896501792729,0.03954314796103797,0.04559124197650556
FZRBKIRIBLNOAM,__ACYCLIC__,True,0.12804847558118754,0.07221917470889608,0.05779994868326095,0.0732518180606444,0.09330136883858266,0.17023155420570488
GBOYJIHYACSLGN,O=C(NCc1ccccn1)c1ccccc1,False,0.11583110218370005,0.08747850990888219,0.06757506011039806,0.12213128057685795,0.093927593379848,0.16083425574172835
GGKQIOFASHYUJZ,c1cnc2ncnn2c1,False,0.2596735031610381,0.25427113336961155,0.22681130400048344,0.321642394154401,0.2859204169975295,0.23317441643322764
GGWHBJGBERXSLL,O=C1C=CCC(C2CCCSC2)C1,False,0.07042218462689571,0.17583794319984447,0.19091260940612978,0.09421538190384406,0.06236295938902786,0.17951224266640492
GIIZNNXWQWCKIB,c1ccc(CCCCOCCCCCCNCCc2ccccc2)cc1,False,0.10446615298803145,0.15414793388224612,0.08614049770990781,0.09556007871605195,0.12217789149909145,0.10063287402656694
GJSURZIOUXUGAL,c1ccc(NC2=NCCN2)cc1,False,0.07836368789999226,0.18898872988281987,0.10381352458976752,0.08833890115396852,0.0937544572429543,0.08667034025977348
GQJSFWYQKNQCIK,O=C1C=C2CCC3C(=C2CC1)C=CC1C(OC(=O)OCC2CCCCC2)CCC31,False,0.14560551181634476,0.07497231326434407,0.14544402951621388,0.13008669149438976,0.1070446472924299,0.051173858394396164
HFVMLYAGWXSTQI,O=C1CCC2C(CCC3C4CC=CC4CCC23)C1,False,0.13092833591691574,0.05344091997002686,0.08361818753588894,0.1903008788491938,0.13709561234435363,0.1837366623526514
HGSFRISGULOJBX,O=C1C=C2CCC3C(=C2CC1)C=CC1CCCC13,False,0.15082380364113318,0.06510879123484725,0.10253327070813664,0.10340617613096839,0.11491326785480484,0.044495058340196215
HHJLLPFQZCUZAJ,C=C1CCCC2=NCCCCC23CCC=CC3C2OC3(CCCC2O3)CC2CCCC3(CCC4(CCCC(C1)O4)O3)O2,False,0.04881272466642578,0.2388030829649877,0.04957341919156376,0.056299437072112886,0.0623764999873061,0.14343712969776873
HIIRDDUVRXCDBN,c1ccc(Oc2ccccc2)cc1,True,0.08135502087548176,0.0474027480800453,0.07314963294777214,0.060543247441075275,0.0926948406918986,0.1253914385835823
HJUFTIJOISQSKQ,c1ccc(Oc2ccccc2)cc1,True,0.23613805606705401,0.2321778387417167,0.2464061077852701,0.20552171993615362,0.23509384691596683,0.286277404118201
HKODIGSRFALUTA,C=C1CCCC(=O)OCC2=CCN3CCC(OC1=O)C23,False,0.11510039697276353,0.1297879994664372,0.11572144147272508,0.1258854563533018,0.10970564953451617,0.11791231305142987
HQSKZPOVBDNEGN,O=C1C=CN2CC3CC(CN4CCCCC34)C2C1,False,0.1356168089268807,0.20449412182526225,0.11996566352453533,0.14273987855045422,0.12607127042796581,0.102430831811097
HTORKLPLHJXOOZ,C=C(CC12CCCC(O1)C1OC3(CCCCN3)CC1O2)C1CCCC(CC2CC3OC4(CCC3O2)CCC2(C=CCCO2)O4)O1,False,0.015269936548055286,0.34079613738200387,0.047934208890443995,0.10174584868999834,0.039169300980937544,0.2154292900594683
HWGBHCRJGXAGEU,O=c1cc[nH]c(=S)[nH]1,False,0.07419307871556995,0.09956022558400954,0.17151378279098142,0.20603002489813854,0.14674306736879075,0.1474232528380141
IAPHXJRHXBQDQJ,O=C1CCCC2(CO2)C(=O)OC2CCN3CC=C(CO1)C23,False,0.10554389099122112,0.12756515814213806,0.08521327769359377,0.0995497749267149,0.10481652009349013,0.13199141006952878
IDGRYIRJIFKTAN,O=C1C=CC2OC3CCC(C2C1)C31CO1,False,0.08423080983305224,0.09490417010059991,0.06304659866553664,0.05368158856861464,0.058163731386128986,0.14189230661389987
IPVCSECPEVHQOV,c1ccc(NCn2cccn2)cc1,False,0.18168606330559622,0.22018974295596366,0.2396573652169484,0.18068940652980484,0.18186512176814243,0.242295189661849
IWUCXVSUMQZMFG,c1ncn(C2CCCO2)n1,False,0.18770758993441003,0.10602408414144052,0.2103379424905904,0.14282421605100845,0.07873679240153823,0.1772049527369825
IWYQSQKKOOZLFH,__ACYCLIC__,True,0.08035019272465817,0.12075952927284618,0.1521140500553307,0.047616271717816815,0.09377070081555271,0.0858174052844059
JJNVDCBKBUSUII,C=C(C(=O)OC1CC2NC(C1)C1OC21)c1ccccc1,False,0.12508150020295541,0.08628391764361941,0.11155253684717155,0.12697336404434006,0.1584734873146267,0.22086478528316741
JRWZLRBJNMZMFE,c1ccc(CCCNCCc2ccccc2)cc1,True,0.13236893139843847,0.10464687237183287,0.11621397644091701,0.0662907898162577,0.0794142212525127,0.14750727791872686
JVKYZPBMZPJNAJ,C1=C2CCCCC2C2CCC3C(CC4C3CC3CCCCN34)C2C1,False,0.3300832949713626,0.2898145276125188,0.34580746165480386,0.33581030040609605,0.3178402786011355,0.26632484618691826
JYQUHIFYBATCCY,c1ccc2nccnc2c1,False,0.022642891490839194,0.042305553563665874,0.06898451698986297,0.05687060794319658,0.028911527200288938,0.0942018688741225
KKBGNYHHEIAGOH,O=c1oc2ccccc2cc1C1CC(c2ccc(OCc3ccccc3)cc2)Cc2ccccc21,False,0.17401677308787478,0.21274305487165032,0.05699368671617194,0.1155467313825105,0.1904480806596561,0.2339697201397989
KKOYBOFPUBHPFO,__ACYCLIC__,True,0.06267889391979849,0.09793977184995233,0.11741201243505772,0.030582502357580213,0.059441773518571016,0.03172393901094679
KNAHARQHSZJURB,O=c1cc[nH]c(=S)[nH]1,False,0.0464664560668357,0.12047655200954391,0.09584184613089759,0.08896478283381053,0.08281937782003941,0.08736970163193301
KRTSDMXIXPKRQR,__ACYCLIC__,True,0.09865262743895346,0.09178942550868166,0.1920789569374184,0.07580998304610062,0.11977419647512362,0.11968207999473116
KWVYSEWJJXXTEZ,O=C1CC2C(=CC3C2C=CC2CC(OC4CCCCO4)CC23)C(=O)CC(OC2CCCCO2)CCCCO1,False,0.04473269682789393,0.36673908729375404,0.09036454332115086,0.12562353478776225,0.10182552573708137,0.22550788722065115
LDLMOOXUCMHBMZ,O=C(Nc1ccccc1-c1ccccc1)c1cn[nH]c1,False,0.04607305630837163,0.028899910400347707,0.0968266667966789,0.03928640930474568,0.059474480691295684,0.08257918371248987
LHJPHMKIGRLKDR,O=c1cc(CC2CC3CCCC4CNC(=N2)N43)[nH]c(=O)[nH]1,False,0.06144830347195333,0.07261735477207557,0.04516355725718074,0.0379819252233753,0.03289101463381028,0.08419684572957814
LINOMUASTDIRTM,O=C1C=CC2OC3CCC(C2C1)C31CO1,False,0.14104556996818052,0.08200075108116046,0.10766249198496307,0.08990542098066906,0.07596746023678484,0.16687127100460983
LJUBVCQVNMLSTQ,O=S(=O)(c1cccc(-c2nc(=S)c3[nH]ncc3[nH]2)c1)N1CCNCC1,False,0.12754579804861582,0.20493221183529617,0.11724500048856952,0.11160341591203624,0.11456719762451473,0.15090890880839855
LMVPQMGRYSRMIW,O=C1C(c2ccccc2)N=CN1Nc1ccccc1,False,0.158741387914869,0.1548911729175587,0.166581512115347,0.17643459306315504,0.1735344829908007,0.251358051648869
LSLYOANBFKQKPT,c1ccc(CCNCCc2ccccc2)cc1,False,0.17585399268127624,0.1253038564299352,0.14053144772415632,0.08456208130656016,0.09649230631032157,0.16302706785042387
LTQSAUHRSCMPLD,N=C1SCCS1,True,0.036615417375937966,0.06770415633695089,0.09779965145919962,0.040334010836819714,0.0306186146914113,0.07232361105769419
LUZRJRNZXALNLM,O=C(NC1OC2C3CCCN3C(=O)C(Cc3ccccc3)N2C1=O)C1CNC2Cc3c[nH]c4cccc(c34)C2C1,False,0.040966684618820005,0.13664625736387062,0.11419080871521686,0.040864875843997756,0.051245118759819956,0.11111858532227464
MEAKRQUSGACTFV,O=c1cc[nH]c(=S)[nH]1,False,0.07686577263857182,0.12754417198465157,0.09621418980498889,0.1454637073022205,0.12807884121097324,0.10426826215112225
MEHHPFQKXOUFFV,O=C1C=C2CCC3C(=C2CC1)C=CC1CCCC13,False,0.12901916708850864,0.2065081740082354,0.1777331743564387,0.11654990057619309,0.12792342572527476,0.0734363842319004
MIJFNYMSCFYZNY,O=c1[nH]c(-c2cccc(S(=O)(=O)N3CCNCC3)c2)nc2cc[nH]c12,False,0.2100951244399255,0.13980025788636533,0.16910972168905244,0.18124363795448697,0.19673894140782056,0.12349644393303043
NFACJZMKEDPNKN,__ACYCLIC__,True,0.11686604044902206,0.08719452838945202,0.1644807003053258,0.11957149062829682,0.14096175465695035,0.1796918791075483
NFGXHKASABOEEW,__ACYCLIC__,True,0.05531997173288753,0.16725121618383865,0.17483943192671828,0.06293768552655957,0.06921530581507283,0.04248421416486037
NGZJXCFNBVJLQN,S=C1NCCN1,False,0.05491639613971239,0.09936646669907757,0.19494864355123612,0.19961998104394285,0.1055281969370105,0.14707371383031195
NHKZSTHOYNWEEZ,c1ncn(C2CCCO2)n1,False,0.19365410040949257,0.11277106321986415,0.2159966625446614,0.14201449067021274,0.14153965917778136,0.1719806165155635
NMVCBWZLCXANER,O=C(c1ccccc1)c1cccnc1,False,0.04231944700663208,0.025655280192367878,0.05639921372852313,0.06216224782821174,0.031100768486432166,0.044386035990408634
NQRFDNJEBWAUBL,O=C(NCc1cccs1)c1cncs1,False,0.11739235923880278,0.059717960783736646,0.030220511385401647,0.07168206500382467,0.12239004721513363,0.03624889906239863
OEBRKCOSUFCWJD,__ACYCLIC__,True,0.04459015799846556,0.026302565957250227,0.10493922621897309,0.08434886176621878,0.09850304106093866,0.1458753841800941
OGYFATSSENRIKG,O=C(Nc1ccccc1)N(Cc1ccccc1)C1CCCC1,False,0.15289493433692736,0.12644410435919173,0.14301117540020455,0.12904198366924208,0.0919380596906824,0.20943369799183653
OMFRMAHOUUJSGP,O=C(OCc1cccc(-c2ccccc2)c1)C1CC1,False,0.10719323383505533,0.16675414841238942,0.045165849407281126,0.09977441776908678,0.19430054344494566,0.19351186478528226
ONUFESLQCSAYKA,O=C1CNC(=O)N1c1ccccc1,False,0.07483272672026278,0.0880374034971887,0.092519209928096,0.0793081954599802,0.08000601638741021,0.12553673492089426
PDQAZBWRQCGBEV,S=C1NCCN1,False,0.020928106411208208,0.15453518678684908,0.15065856560568716,0.21939122398755034,0.08290238963003481,0.14548659159172483
PGBHMTALBVVCIT,C1CCC(OC2COC(OC3CCCCC3OC3CCCCO3)C2)OC1,False,0.05991821148870203,0.22398500906992644,0.05935930784044541,0.05850354366817119,0.059743234571995894,0.09965716988106611
PKTIFYGCWCQRSX,c1cnc(NC2CC2)nc1,False,0.06361439199499075,0.12147783635009596,0.08782651555792158,0.05287918652338693,0.08569068346756288,0.06194843754625765
PPDBOQMNKNNODG,C(=C1CCCC1Cn1cncn1)c1ccccc1,False,0.339977522496425,0.29128601352351235,0.30689545287698855,0.2798309341779243,0.31082723216278735,0.3691737259139465
PSOVNZZNOMJUBI,O=C(Nc1ccccc1)c1ccnn1-c1ccccn1,False,0.040643098397215506,0.04626648351528111,0.12871449785693695,0.03722368149259038,0.08077434746944757,0.06979764807577604
PUXBGTOOZJQSKH,c1ccc2c(c1)[nH]c1ccccc12,True,0.08944745224491812,0.19624268945303566,0.17891120221632634,0.1123230676770504,0.08706214835200961,0.09005776266105912
PUYXTUJWRLOUCW,C1CCC2(CC1)OCCO2,False,0.040794008288252206,0.10119339150163403,0.12231665668688076,0.020821115588925736,0.05800975112050908,0.0985134153208267
QHOOOTIFRLZXNC,O=C1CC2OCOC2C(=O)OCC2=CCN3CCC(O1)C23,False,0.1459998446322382,0.14696221318186128,0.14901572595795287,0.14375867715777468,0.12796952228369135,0.13144649680054815
QPPBRPIAZZHUNT,O=S(=O)(Nc1ncccn1)c1ccccc1,False,0.12385648232654077,0.07942323082925964,0.14920198598975504,0.1207766771661097,0.1758412689708944,0.15851642502464205
QQQYTWIFVNKMRW,O=C(NC(=O)c1ccccc1)Nc1ccccc1,False,0.16121702185794476,0.08726077184855176,0.11659160341264521,0.1531226298145227,0.07739357237180768,0.1786908827148602
QWCJHSGMANYXCW,O=S(=O)(Nc1ccnn1-c1ccccc1)c1ccccc1,False,0.06917876672220576,0.05026096601580918,0.05176228897560037,0.06281819691596999,0.11632160809998421,0.12224099166123244
QZUDBNBUXVUHMW,c1ccc2c(c1)N=C(N1CCNCC1)c1ccccc1N2,False,0.10474755753176637,0.040183838877058634,0.06641387507379623,0.06688428105242115,0.14328954659605128,0.134761251446414
QZZUEBNBZAPZLX,O=c1ccc2c(CCNC3Cc4ccccc4C3)cccc2[nH]1,False,0.08327144012400466,0.09658747018579326,0.03342870172054759,0.02952950476036693,0.07862880603796697,0.11718083195550749
RAMUASXTSSXCMB,O=C(NCC1CC1)c1ccccc1NC(=O)c1ccnn1-c1ccccn1,False,0.06609521598624694,0.19008425882161006,0.07145208972890481,0.11656150196022706,0.031031320058266674,0.21099638634420043
RDECBWLKMPEKPM,O=C1CC2C(=CC3C2C=CC2CC(OC4CCCCO4)CC23)C(=O)CC(OC2CCCCO2)CCCCO1,False,0.04780975783726308,0.3618397432828833,0.08590232909897083,0.12350845578804323,0.1071346118325849,0.2256309550487155
RGNPBRKPHBKNKX,O=C(NC(=O)c1ccccc1)Nc1ccccc1,False,0.13690991371514383,0.21569491659707468,0.06490041268086509,0.17453220800430216,0.07378904059033602,0.2304902049890977
RKUNBYITZUJHSG,O=C(Cc1ccccc1)OC1CC2CCC(C1)N2,False,0.09132966055128688,0.10077074667173054,0.08906971456906619,0.08384075945146684,0.08755336302512745,0.12454269749573427
RYHBNJHYFVUHQT,C1COCCO1,False,0.1896592177154077,0.13627508621932913,0.21429400949353458,0.26502246050296624,0.1732728472997889,0.24532852781988787
SCLUKEPFXXPARW,O=S(=O)(c1cccc(-c2nc(=S)c3[nH]ncc3[nH]2)c1)N1CCNCC1,False,0.13374339022317466,0.172685733936479,0.1152396301957451,0.1159025821655246,0.1156058286904924,0.11878695673386278
SEEPANYCNGTZFQ,O=S(=O)(Nc1ncccn1)c1ccccc1,False,0.1550201400246167,0.0883541422960723,0.19265073539424787,0.17414091558518494,0.2107885145391873,0.19996803418797482
SMKRKQBMYOFFMU,O=C1C=CC(OC(=O)C2CC2)C1,False,0.0588735859744374,0.06646997237872107,0.09494754228560243,0.07215190935822002,0.09528648887106524,0.12645300069896828
SQMGCPHFHQGPIF,C1CC2CNC3C4CC2C3(C1)C1CC2CCC4C1C2,False,0.37136962647653615,0.24853467642502922,0.371801963491741,0.37136962647653615,0.40236733890602217,0.2743636867859812
SRJQTHAZUNRMPR,O=C1CC2C(=CC3C2C=CC2CC(OC4CCCCO4)CC23)C(=O)CC(OC2CCCCO2)CCCCO1,False,0.05108776434396066,0.3594060887555998,0.0838492037617766,0.1275533656718216,0.1120997826144201,0.22921034164547135
STEPQTYSZVCJPV,c1ccc(NCn2cccn2)cc1,False,0.1261978930157903,0.06890865879530468,0.10051747875014981,0.09858984071835654,0.12113516731856454,0.1497256776168324
SVCNNZDUGWLODJ,C=C1CC(=C)C(=O)OC2CCN3CC=C(COC(=O)C1)C23,False,0.10503136087139568,0.13345081523215405,0.09688766852458111,0.11479466169403345,0.11406706499718136,0.12039595706215202
SXSGXWCSHSVPGB,O=C(Nc1ccccc1-c1ccccc1)c1cn[nH]c1,False,0.08382970069332615,0.06032238540050124,0.11110689767533269,0.07944062105152949,0.09126143884934672,0.08785853737284945
UFKTZIXVYHGAES,c1cc2c3c(c[nH]c3c1)CC1NCCCC21,False,0.07457895446363168,0.22971769781495463,0.1581426735829477,0.1546251299440979,0.08680371082962149,0.07372527400691206
UPSPUYADGBWSHF,O=C(c1ccccc1)c1ccc[nH]1,False,0.20425963080515824,0.10191144685984746,0.17924115051507827,0.1692891143381297,0.24120321588857707,0.23052990187366337
VEZUQRBDRNJBJY,N=C1CCCCC1,False,0.1301123458960819,0.15326004278802252,0.19552384132088726,0.162074266229398,0.10527535029729149,0.18255030084420704
VLMZMRDOMOGGFA,c1cc2c3c(c[nH]c3c1)CC1NCCCC21,False,0.06690249670762356,0.24405320579700338,0.14372500961048815,0.11859180990424688,0.05943622405665616,0.05941998140988695
VOUGEZYPVGAPBB,__ACYCLIC__,True,0.08179512895678792,0.014429630160106765,0.17830522410105148,0.10598080450479563,0.14581922449011725,0.11149276339259047
WOWBFOBYOAGEEA,c1ccc(Oc2ccccc2)cc1,True,0.24427658637618502,0.33559520140230803,0.2682855350948265,0.23236749297612452,0.30714009714771506,0.3029154536506236
WQRCEBAZAUAUQC,O=c1[nH]c2ccccc2s1,False,0.08901703303823531,0.10872912273746392,0.09583582329631694,0.06814287948566086,0.09187954267654391,0.08475195790101779
WTQYWNWRJNXDEG,O=C(Cc1ccccc1)OC1CC2CCC(C1)N2,False,0.07660760013778384,0.09384823411911485,0.06780206058528243,0.08641596749728615,0.07605891616524454,0.09271883622895297
WWSYXEZEXMQWHT,O=C1CCc2c1c(=O)oc1c3c(ccc21)OC1OCCC31,False,0.16872986888439906,0.27685384551588754,0.2688107061312249,0.20744402791859168,0.17751312648651316,0.12854326578000022
WZRCQWQRFZITDX,c1ccc(CC2NCCc3ccccc32)cc1,False,0.1706510502366251,0.03747319191087851,0.05096099480666413,0.07570383920381003,0.1081080209639307,0.15393328975344217
XAIPTRIXGHTTNT,O=C(NC(=O)c1ccccc1)Nc1ccccc1,False,0.17846940527485364,0.15572675581793624,0.11567244365053053,0.16409788339788695,0.13151813156826636,0.20504117106508596
XGCUCFKWVIWWNW,O=C1C=CC2OC3CCC(C2C1)C31CO1,False,0.0934863103817777,0.1136517297097035,0.06872300278127623,0.0620919033339103,0.05394937340701008,0.14727367359721552
XGVJWXAYKUHDOO,C1=C2CCN3Cc4cc5c(cc4C(CC1)C23)OCO5,False,0.053561433537505976,0.11122699610735551,0.08003093582909412,0.04531869312791121,0.04933032166818038,0.08921749502386102
XJOOMMHNYOJWCZ,C1=CC2c3cccc4[nH]cc(c34)CC2NC1,False,0.09477934364168177,0.2448097140675574,0.1534905764360621,0.10786643160332009,0.07385428418892433,0.06599787986520349
XNSGCNYTNLWRKM,O=c1cccn[nH]1,False,0.07902632027132091,0.26769980876103405,0.08325354699312218,0.0490443288423526,0.06752263284666678,0.08016117230790175
XSKZXGDFSCCXQX,O=C(NS(=O)(=O)c1ccsc1)n1nc[nH]c1=O,False,0.05130022942267127,0.17047416379346234,0.1067736968159286,0.09666025820307118,0.051329381508971185,0.14859199088208602
XTDZGXBTXBEZDN,O=C(Nc1cccc2c1C1CCC2C1)c1cn[nH]c1,False,0.10951870922858228,0.09120780760153298,0.14712088062404383,0.14515907410855347,0.10625185189752051,0.06107221568234502
XZVSAQIQEGFWQS,O=S(=O)(c1cccc(-c2nc(=S)c3[nH]ncc3[nH]2)c1)N1CCNCC1,False,0.10459158981290746,0.2260923177672774,0.10772804899017953,0.11104732561297417,0.10237615334511685,0.1595457399318768
YJQZYXCXBBCEAQ,c1ccc(CCCNCCc2ccccc2)cc1,True,0.11977827111385055,0.09431774512026558,0.1016900898106863,0.05489369118862731,0.06955242473163831,0.13423686351754277
YRRBXJLFCBCKNW,__ACYCLIC__,True,0.03850335967207177,0.04258965684540562,0.17169172209823116,0.051617644045837706,0.05474967555294439,0.014714480741252626
YTCIYOXHHQLDEI,O=C(Nc1cccc2c1CCC2)c1cn[nH]c1,False,0.17765163150622634,0.19253388412131184,0.1908840307594006,0.24220197263487386,0.1691001206333599,0.16018389944649947
YVPSNUIHHFTTRL,__ACYCLIC__,True,0.050641242392266445,0.12954331955957396,0.15779837783447992,0.04617123408321886,0.045911394692076085,0.0897652225156034
YXKMMRDKEKCERS,c1ccc(-c2cnc[nH]2)cc1,False,0.20050609768689764,0.2276133710194593,0.24332827365513748,0.22978966866824388,0.2073678950531436,0.2742002066415103
YXRDKMPIGHSVRX,C1CC[NH+](C2CC3CCC4C5CC(N6CCOCC6)CCC5CCC4C3C2)C1,False,0.24181897387887533,0.1731774492724379,0.21459140706414256,0.22488498588018993,0.21479587947080728,0.1644578962983207
ZCVAOQKBXKSDMS,O=C1C=CC(OC(=O)C2CC2)C1,False,0.11858233876162196,0.16348367548814693,0.17970160889349726,0.13573351143202,0.15211113285581793,0.20717875114271952
ZLAQATDNGLKIEV,O=c1cc[nH]c(=S)[nH]1,False,0.03660843971542381,0.13594360465210226,0.13294061068968113,0.16826943134081015,0.10817383968638397,0.10880315448502396
ZTVIKZXZYLEVOL,O=C(Cc1ccccc1)OC1CC2CCC(C1)N2,False,0.06946032772527491,0.0807398754249148,0.06663160098593167,0.05502429173849947,0.06729010239205054,0.11089203147079855
