n,accession,source_url,repo,release,requested_blob_sha1,filename,bytes,sha256,git_blob_sha1_recomputed,blob_sha_verified,status,error
1,MSBNK-Eawag-EQ00326602,https://api.github.com/repos/MassBank/MassBank-data/git/blobs/cd06e243c76d11e911d058d4434370b8e18840c8,MassBank/MassBank-data,2024.11,cd06e243c76d11e911d058d4434370b8e18840c8,MSBNK-Eawag-EQ00326602.txt,2138,47dd65ad8bee3752a75d7cd5f568f514994978bc4ca26379d804b8567e162dfb,cd06e243c76d11e911d058d4434370b8e18840c8,True,ok,
2,MSBNK-Eawag-EQ00326604,https://api.github.com/repos/MassBank/MassBank-data/git/blobs/5688e9a5a700ff9271e710e8eb6f55db3ff0f696,MassBank/MassBank-data,2024.11,5688e9a5a700ff9271e710e8eb6f55db3ff0f696,MSBNK-Eawag-EQ00326604.txt,2011,ef19d00a27e691e0cddfdc02b20788c0e10de9ec2bdca76528a85653715b1483,5688e9a5a700ff9271e710e8eb6f55db3ff0f696,True,ok,
3,MSBNK-Eawag-EQ00343302,https://api.github.com/repos/MassBank/MassBank-data/git/blobs/249d0592e28aa370c13213cd25bd28be059133f5,MassBank/MassBank-data,2024.11,249d0592e28aa370c13213cd25bd28be059133f5,MSBNK-Eawag-EQ00343302.txt,2187,bedb9e41572d7a8c1370a9874031ec3cb6ef70699eaec8bed15d3decb68b563d,249d0592e28aa370c13213cd25bd28be059133f5,True,ok,
4,MSBNK-Eawag-EQ00343304,https://api.github.com/repos/MassBank/MassBank-data/git/blobs/a7f91a7d0a082cbf0de1ba9d360fe319d1801c0a,MassBank/MassBank-data,2024.11,a7f91a7d0a082cbf0de1ba9d360fe319d1801c0a,MSBNK-Eawag-EQ00343304.txt,2462,b48a028c4d376cd2d28d699cce28e9cee8c6f61aa2dd1c656020814094ab1174,a7f91a7d0a082cbf0de1ba9d360fe319d1801c0a,True,ok,
5,MSBNK-Eawag-EQ00348602,https://api.github.com/repos/MassBank/MassBank-data/git/blobs/98639ce561ba8f54e1f0b17e8872808ba2241540,MassBank/MassBank-data,2024.11,98639ce561ba8f54e1f0b17e8872808ba2241540,MSBNK-Eawag-EQ00348602.txt,2018,fc81b561e04bb6094256ef068c12e7c7ced52abf621a2626a92ca609bcb095db,98639ce561ba8f54e1f0b17e8872808ba2241540,True,ok,
6,MSBNK-Eawag-EQ00348604,https://api.github.com/repos/MassBank/MassBank-data/git/blobs/479593ecd59bb64dfbfb7bcad38c8a4b4bb53213,MassBank/MassBank-data,2024.11,479593ecd59bb64dfbfb7bcad38c8a4b4bb53213,MSBNK-Eawag-EQ00348604.txt,2457,c82f025b078d0890bce6984538339b991a308a225ce225bda18d23f2bd6ad518,479593ecd59bb64dfbfb7bcad38c8a4b4bb53213,True,ok,
7,MSBNK-Eawag-EQ00388902,https://api.github.com/repos/MassBank/MassBank-data/git/blobs/29783978aeaaf4969923e1fc9a4c35252f4bfcd5,MassBank/MassBank-data,2024.11,29783978aeaaf4969923e1fc9a4c35252f4bfcd5,MSBNK-Eawag-EQ00388902.txt,2291,ae1cbd59dc48f4c8726ecb385ded5aa4e3dbca9ae15af081232ba81b82239bc0,29783978aeaaf4969923e1fc9a4c35252f4bfcd5,True,ok,
8,MSBNK-Eawag-EQ00388904,https://api.github.com/repos/MassBank/MassBank-data/git/blobs/e6c2c9e5387441402632c6544df44a3e6a0b2b68,MassBank/MassBank-data,2024.11,e6c2c9e5387441402632c6544df44a3e6a0b2b68,MSBNK-Eawag-EQ00388904.txt,2277,69d297b9b54705b0d4c6ea556cd8766b94968a9bcef93f49f9ff659819328a10,e6c2c9e5387441402632c6544df44a3e6a0b2b68,True,ok,
9,MSBNK-Eawag-EQ01061902,https://api.github.com/repos/MassBank/MassBank-data/git/blobs/1bdaf01fefbe3d09dcaa6218d2fe0ded7cfd82f6,MassBank/MassBank-data,2024.11,1bdaf01fefbe3d09dcaa6218d2fe0ded7cfd82f6,MSBNK-Eawag-EQ01061902.txt,2080,92a7fe8fa449f900f8b578d186cc564b1ea25502289b2214b66d1a9578db9316,1bdaf01fefbe3d09dcaa6218d2fe0ded7cfd82f6,True,ok,
10,MSBNK-Eawag-EQ01061904,https://api.github.com/repos/MassBank/MassBank-data/git/blobs/ae0e14e9271160a1963f4cd29d69fad360f38055,MassBank/MassBank-data,2024.11,ae0e14e9271160a1963f4cd29d69fad360f38055,MSBNK-Eawag-EQ01061904.txt,2517,aa6578ad46bc6e14be035ab01c8cbb48abb51b3bfd6678734d6cd5f358a12592,ae0e14e9271160a1963f4cd29d69fad360f38055,True,ok,
11,MSBNK-Eawag-EQ01074902,https://api.github.com/repos/MassBank/MassBank-data/git/blobs/d0ddfbacd741b4fe07b86be0f85d0c6e2c682407,MassBank/MassBank-data,2024.11,d0ddfbacd741b4fe07b86be0f85d0c6e2c682407,MSBNK-Eawag-EQ01074902.txt,2390,0f7678634a3f9d2c41eae79960cf4da1d8ed34a11828a00f61c40cd7e9a07ffb,d0ddfbacd741b4fe07b86be0f85d0c6e2c682407,True,ok,
12,MSBNK-Eawag-EQ01074904,https://api.github.com/repos/MassBank/MassBank-data/git/blobs/00e7b07e63bbb9d5c1eb2177708f8229abb1d92f,MassBank/MassBank-data,2024.11,00e7b07e63bbb9d5c1eb2177708f8229abb1d92f,MSBNK-Eawag-EQ01074904.txt,2384,98defd388d7085f8e39816368362d1ffdc241c12fc6a5fed94fd6354f396e056,00e7b07e63bbb9d5c1eb2177708f8229abb1d92f,True,ok,
13,MSBNK-Eawag-EQ01074907,https://api.github.com/repos/MassBank/MassBank-data/git/blobs/706f5fe8c56a44e640f941336f6446a8ada0bacb,MassBank/MassBank-data,2024.11,706f5fe8c56a44e640f941336f6446a8ada0bacb,MSBNK-Eawag-EQ01074907.txt,2295,884cbd1801590c4669ac86bb4d78ba0e13f255be189056f128b38b57cc8913cc,706f5fe8c56a44e640f941336f6446a8ada0bacb,True,ok,
14,MSBNK-Eawag-EQ01107102,https://api.github.com/repos/MassBank/MassBank-data/git/blobs/74b00451de63c1219d7fdc1d14f3028bf04abd14,MassBank/MassBank-data,2024.11,74b00451de63c1219d7fdc1d14f3028bf04abd14,MSBNK-Eawag-EQ01107102.txt,2188,ac7b99c3a0b6de66b8913cb35926f6706287da041872d4829e4a0a3971bb4bee,74b00451de63c1219d7fdc1d14f3028bf04abd14,True,ok,
15,MSBNK-Eawag-EQ01107104,https://api.github.com/repos/MassBank/MassBank-data/git/blobs/d77331953bdd018fc63cf64fa1eac780435458ea,MassBank/MassBank-data,2024.11,d77331953bdd018fc63cf64fa1eac780435458ea,MSBNK-Eawag-EQ01107104.txt,2132,e778f1cf6b7c91394ef6d4ce291c79f2b936c6217a537d4d3a0f4acdc49cbd50,d77331953bdd018fc63cf64fa1eac780435458ea,True,ok,
16,MSBNK-Eawag-EQ01109402,https://api.github.com/repos/MassBank/MassBank-data/git/blobs/d9ef62119d0d4cc29fe56c5daca936ba10d91302,MassBank/MassBank-data,2024.11,d9ef62119d0d4cc29fe56c5daca936ba10d91302,MSBNK-Eawag-EQ01109402.txt,2894,7fe0731d9982ccb52553de100647245fe6166a59dc0577a732bed3bde1ec8f62,d9ef62119d0d4cc29fe56c5daca936ba10d91302,True,ok,
17,MSBNK-Eawag-EQ01109404,https://api.github.com/repos/MassBank/MassBank-data/git/blobs/533f002c4cc221df7cf627e941e924e6401763b1,MassBank/MassBank-data,2024.11,533f002c4cc221df7cf627e941e924e6401763b1,MSBNK-Eawag-EQ01109404.txt,2554,2f214f71d6385278c4f3b82e5ef269c44ef4cef3c1056b7b8d17c2d9a87365db,533f002c4cc221df7cf627e941e924e6401763b1,True,ok,
18,MSBNK-Eawag-EQ01109502,https://api.github.com/repos/MassBank/MassBank-data/git/blobs/d4db055ccc83d024f3a44add926ac790e784740d,MassBank/MassBank-data,2024.11,d4db055ccc83d024f3a44add926ac790e784740d,MSBNK-Eawag-EQ01109502.txt,2404,bc7e5833368fbd78cdee901cb56688c18b3dfb23e422614c6c8b6e4a80ec8a1f,d4db055ccc83d024f3a44add926ac790e784740d,True,ok,
19,MSBNK-Eawag-EQ01109504,https://api.github.com/repos/MassBank/MassBank-data/git/blobs/1134d1259c50ffbf474b917743aae46e8ab86cb0,MassBank/MassBank-data,2024.11,1134d1259c50ffbf474b917743aae46e8ab86cb0,MSBNK-Eawag-EQ01109504.txt,2956,e1fc2cde92d3b7f6ca4a3824a20e123985aac39a1a7e9a69416879d4980e32c1,1134d1259c50ffbf474b917743aae46e8ab86cb0,True,ok,
20,MSBNK-Eawag-EQ01111802,https://api.github.com/repos/MassBank/MassBank-data/git/blobs/2d2f4b8c356c54d8eb4869f53df7e2b058dc07e3,MassBank/MassBank-data,2024.11,2d2f4b8c356c54d8eb4869f53df7e2b058dc07e3,MSBNK-Eawag-EQ01111802.txt,2140,5ed0a20d41f8713e40f02329f7f36af9686e6298a790510c132a71ec8e5dd677,2d2f4b8c356c54d8eb4869f53df7e2b058dc07e3,True,ok,
21,MSBNK-Eawag-EQ01111804,https://api.github.com/repos/MassBank/MassBank-data/git/blobs/62ee28bba1b11959bd900f5f6c061d6164db4dd3,MassBank/MassBank-data,2024.11,62ee28bba1b11959bd900f5f6c061d6164db4dd3,MSBNK-Eawag-EQ01111804.txt,2087,39b539fe1a8bcc59722ffcac8ed005808a7119fdaaecd84915e4171ff513774d,62ee28bba1b11959bd900f5f6c061d6164db4dd3,True,ok,
22,MSBNK-Eawag-EQ01115504,https://api.github.com/repos/MassBank/MassBank-data/git/blobs/3f34f9f20225e8e3846eb8b068546b4fac7ea753,MassBank/MassBank-data,2024.11,3f34f9f20225e8e3846eb8b068546b4fac7ea753,MSBNK-Eawag-EQ01115504.txt,2154,f04a950da3dc7135b3342d541fe2f90157f74817a5053210f6aa82afeea99f1e,3f34f9f20225e8e3846eb8b068546b4fac7ea753,True,ok,
23,MSBNK-Eawag-EQ01115507,https://api.github.com/repos/MassBank/MassBank-data/git/blobs/c29d8fa82382d3906ed37fc8f05094b578a286a9,MassBank/MassBank-data,2024.11,c29d8fa82382d3906ed37fc8f05094b578a286a9,MSBNK-Eawag-EQ01115507.txt,2205,35be066200ea808413f574466a1d3310f6a76ec781303d7f7ed26b63e301947d,c29d8fa82382d3906ed37fc8f05094b578a286a9,True,ok,
24,MSBNK-Eawag-EQ01115604,https://api.github.com/repos/MassBank/MassBank-data/git/blobs/f7ed84266687b942e45f216c8c32582f3d404573,MassBank/MassBank-data,2024.11,f7ed84266687b942e45f216c8c32582f3d404573,MSBNK-Eawag-EQ01115604.txt,3014,96f96da42bde6e2c463c1f912de49fb9b11347cdd00b516b8d6844fcd6ec2adc,f7ed84266687b942e45f216c8c32582f3d404573,True,ok,
25,MSBNK-Eawag-EQ01115607,https://api.github.com/repos/MassBank/MassBank-data/git/blobs/37bd0c9ca723894bc1b3aec8ff34af5897cc1af9,MassBank/MassBank-data,2024.11,37bd0c9ca723894bc1b3aec8ff34af5897cc1af9,MSBNK-Eawag-EQ01115607.txt,2244,9fc5aec09ce50929533c976ffd3f42c41558427258c13cf8a55eb29297f882b2,37bd0c9ca723894bc1b3aec8ff34af5897cc1af9,True,ok,
26,MSBNK-Eawag-EQ01141802,https://api.github.com/repos/MassBank/MassBank-data/git/blobs/aa9ab86a5ab83e2859e9022db4d9d65d1b6b5132,MassBank/MassBank-data,2024.06,aa9ab86a5ab83e2859e9022db4d9d65d1b6b5132,MSBNK-Eawag-EQ01141802.txt,2155,f4f9a87f8e0c9b52a843478c8320e3f81be2fd625419b4116b02450c492f4684,aa9ab86a5ab83e2859e9022db4d9d65d1b6b5132,True,ok,
27,MSBNK-Eawag-EQ01141804,https://api.github.com/repos/MassBank/MassBank-data/git/blobs/e6ca1cbcde03312fcb14a375cc4cc78d06ef6f68,MassBank/MassBank-data,2024.06,e6ca1cbcde03312fcb14a375cc4cc78d06ef6f68,MSBNK-Eawag-EQ01141804.txt,2329,c060a6b4bf16ea780dbaa974651c4251b6560e7e9a287b9c558a6372315162df,e6ca1cbcde03312fcb14a375cc4cc78d06ef6f68,True,ok,
28,MSBNK-Eawag-EQ01147902,https://api.github.com/repos/MassBank/MassBank-data/git/blobs/29f93c3226ae1128694c1552091d7c8cf5ca55bf,MassBank/MassBank-data,2024.06,29f93c3226ae1128694c1552091d7c8cf5ca55bf,MSBNK-Eawag-EQ01147902.txt,2406,7abae248eeb50243094b9d4f987e3a84811690f276e0e94872e96026abf56be0,29f93c3226ae1128694c1552091d7c8cf5ca55bf,True,ok,
29,MSBNK-Eawag-EQ01147904,https://api.github.com/repos/MassBank/MassBank-data/git/blobs/7a9066d069df56dc6a39c5c031f3b132456c5dd9,MassBank/MassBank-data,2024.06,7a9066d069df56dc6a39c5c031f3b132456c5dd9,MSBNK-Eawag-EQ01147904.txt,2451,41362d83cc9e79e72c6897870039727971b187921bc541515c8cb7dc535d857a,7a9066d069df56dc6a39c5c031f3b132456c5dd9,True,ok,
30,MSBNK-Eawag-EQ01151002,https://api.github.com/repos/MassBank/MassBank-data/git/blobs/d39b4e98551f4e3ae4cd040a7ed6ba860c3f6eb5,MassBank/MassBank-data,2024.06,d39b4e98551f4e3ae4cd040a7ed6ba860c3f6eb5,MSBNK-Eawag-EQ01151002.txt,2945,19afd50ced24718b797476ab21cc5e5e3cca166fe6e744822c8dfe995606792d,d39b4e98551f4e3ae4cd040a7ed6ba860c3f6eb5,True,ok,
31,MSBNK-Eawag-EQ01151004,https://api.github.com/repos/MassBank/MassBank-data/git/blobs/ed8642c9ef2337e8bb17505e9b0c6a20da48230e,MassBank/MassBank-data,2024.06,ed8642c9ef2337e8bb17505e9b0c6a20da48230e,MSBNK-Eawag-EQ01151004.txt,2926,7263ea644ae83d06a84342d6a0617569c7dc33329521d6c2debb4efaaad37589,ed8642c9ef2337e8bb17505e9b0c6a20da48230e,True,ok,
32,MSBNK-Eawag-EQ01153902,https://api.github.com/repos/MassBank/MassBank-data/git/blobs/c87b52bf430454df71081fbba691ebe444100e20,MassBank/MassBank-data,2024.06,c87b52bf430454df71081fbba691ebe444100e20,MSBNK-Eawag-EQ01153902.txt,2629,78470520f429c22dce01c4b16509902822e6b369580e58e3acbcd82dd62d42c1,c87b52bf430454df71081fbba691ebe444100e20,True,ok,
33,MSBNK-Eawag-EQ01153904,https://api.github.com/repos/MassBank/MassBank-data/git/blobs/228946ea04e86e87479df6e3c5e4c0397a1bc9a7,MassBank/MassBank-data,2024.06,228946ea04e86e87479df6e3c5e4c0397a1bc9a7,MSBNK-Eawag-EQ01153904.txt,4572,4880f1806e23363222514d84c07864383852301d369ec7f9872c1e47b47815d3,228946ea04e86e87479df6e3c5e4c0397a1bc9a7,True,ok,
34,MSBNK-Eawag-EQ01155202,https://api.github.com/repos/MassBank/MassBank-data/git/blobs/371acf26205c6b2a83308610e818434448d31d96,MassBank/MassBank-data,2024.06,371acf26205c6b2a83308610e818434448d31d96,MSBNK-Eawag-EQ01155202.txt,2975,0bb8a0ff2724793e676ec02b71935f6b3f508752efca220873b1cebbfb233dfa,371acf26205c6b2a83308610e818434448d31d96,True,ok,
35,MSBNK-Eawag-EQ01155204,https://api.github.com/repos/MassBank/MassBank-data/git/blobs/6228182950d34f4b04ed3c5443fbdafd332cb28a,MassBank/MassBank-data,2024.06,6228182950d34f4b04ed3c5443fbdafd332cb28a,MSBNK-Eawag-EQ01155204.txt,3235,5eae850b9be2906abe59e7afa35abca0b8c1429d5a3ecb2da1d3418f63408dbd,6228182950d34f4b04ed3c5443fbdafd332cb28a,True,ok,
36,MSBNK-Eawag-EQ01155402,https://api.github.com/repos/MassBank/MassBank-data/git/blobs/286159c41e460b6beaa97c7f50abee4a7afd164b,MassBank/MassBank-data,2024.06,286159c41e460b6beaa97c7f50abee4a7afd164b,MSBNK-Eawag-EQ01155402.txt,2715,13a84b3529b031d39e4dfe02af68801a5d7f56180a6d0fcc76a6234281a11daa,286159c41e460b6beaa97c7f50abee4a7afd164b,True,ok,
37,MSBNK-Eawag-EQ01155404,https://api.github.com/repos/MassBank/MassBank-data/git/blobs/a2b6913fb5ab603dd9f3c60c0a2d43372e2af584,MassBank/MassBank-data,2024.06,a2b6913fb5ab603dd9f3c60c0a2d43372e2af584,MSBNK-Eawag-EQ01155404.txt,3677,de6fe7f2d67617ede21ca8cdc7d5cf0517ffc2f7a0a0c43f8aacbe06d3d464dd,a2b6913fb5ab603dd9f3c60c0a2d43372e2af584,True,ok,
38,MSBNK-Eawag-EQ01190802,https://api.github.com/repos/MassBank/MassBank-data/git/blobs/6e21e09ead70a118746b5d5e48e0773ccbbcbc07,MassBank/MassBank-data,2025.10,6e21e09ead70a118746b5d5e48e0773ccbbcbc07,MSBNK-Eawag-EQ01190802.txt,2844,4678a72e4f4b478374a806f7855d96b3d40adde293bbb36c5d0fcb153de4130b,6e21e09ead70a118746b5d5e48e0773ccbbcbc07,True,ok,
39,MSBNK-Eawag-EQ01190804,https://api.github.com/repos/MassBank/MassBank-data/git/blobs/c9e88e88535bfec4b13dd810fadb4b5360466562,MassBank/MassBank-data,2025.10,c9e88e88535bfec4b13dd810fadb4b5360466562,MSBNK-Eawag-EQ01190804.txt,2993,75fba634490628408ae5b268d66fce9c1a46ed3f853af172b839edd898ee9f87,c9e88e88535bfec4b13dd810fadb4b5360466562,True,ok,
40,MSBNK-Eawag-EQ01191702,https://api.github.com/repos/MassBank/MassBank-data/git/blobs/196fab9c7549cd84f60a068e6bfbdda2fdf69531,MassBank/MassBank-data,2025.10,196fab9c7549cd84f60a068e6bfbdda2fdf69531,MSBNK-Eawag-EQ01191702.txt,3341,579679842c5594e627cdafc581a35b691cf704ea9237ebb20d94b935c03d805b,196fab9c7549cd84f60a068e6bfbdda2fdf69531,True,ok,
41,MSBNK-Eawag-EQ01191704,https://api.github.com/repos/MassBank/MassBank-data/git/blobs/99bda226e922646e76a993114ca335eeae4a07ba,MassBank/MassBank-data,2025.10,99bda226e922646e76a993114ca335eeae4a07ba,MSBNK-Eawag-EQ01191704.txt,3246,7679344a07e91cfead28783cbe9b3c9864b1f25ccc599832a73e841a63d42ec2,99bda226e922646e76a993114ca335eeae4a07ba,True,ok,
42,MSBNK-Eawag-EQ01192502,https://api.github.com/repos/MassBank/MassBank-data/git/blobs/4999a090d31f1c9e10d3ac9270e84e1c5651371f,MassBank/MassBank-data,2025.10,4999a090d31f1c9e10d3ac9270e84e1c5651371f,MSBNK-Eawag-EQ01192502.txt,2480,270fca1b209df22d459dcb7a297af2e02edc89ddcba4a1c8ad3634d45a2a719f,4999a090d31f1c9e10d3ac9270e84e1c5651371f,True,ok,
43,MSBNK-Eawag-EQ01192504,https://api.github.com/repos/MassBank/MassBank-data/git/blobs/bab408170e34bdbe6b0fdd72052e0446fb6b0e49,MassBank/MassBank-data,2025.10,bab408170e34bdbe6b0fdd72052e0446fb6b0e49,MSBNK-Eawag-EQ01192504.txt,3700,4e960c954f36a9bc2611c5a63a84bbc377695e677211c84623d311a8742e9b72,bab408170e34bdbe6b0fdd72052e0446fb6b0e49,True,ok,
44,MSBNK-Eawag-EQ01194502,https://api.github.com/repos/MassBank/MassBank-data/git/blobs/146171076f6cad5a529fa0dce69c619cbf49e7d4,MassBank/MassBank-data,2025.10,146171076f6cad5a529fa0dce69c619cbf49e7d4,MSBNK-Eawag-EQ01194502.txt,2410,12b16aa79e90017b058873b8ee248097db56e4082c610d9945ff48aad0ada55c,146171076f6cad5a529fa0dce69c619cbf49e7d4,True,ok,
45,MSBNK-Eawag-EQ01194504,https://api.github.com/repos/MassBank/MassBank-data/git/blobs/f2681dfa3fda173bedb21f75c50dbd5c5d9cde7f,MassBank/MassBank-data,2025.10,f2681dfa3fda173bedb21f75c50dbd5c5d9cde7f,MSBNK-Eawag-EQ01194504.txt,2850,71c66444f552246b7ad832ae719e7c411b7113e0ce70011806805895f2bca929,f2681dfa3fda173bedb21f75c50dbd5c5d9cde7f,True,ok,
46,MSBNK-Eawag-EQ01194802,https://api.github.com/repos/MassBank/MassBank-data/git/blobs/1c4103b44b90349edad1ab41e6cf034f8c767625,MassBank/MassBank-data,2025.10,1c4103b44b90349edad1ab41e6cf034f8c767625,MSBNK-Eawag-EQ01194802.txt,2637,c3f556ab4756c07ac3b194704e1d235a8305844fff50ec89595750125b877990,1c4103b44b90349edad1ab41e6cf034f8c767625,True,ok,
47,MSBNK-Eawag-EQ01194804,https://api.github.com/repos/MassBank/MassBank-data/git/blobs/324bc678037392a64d42f15210ce0fd1126e82cf,MassBank/MassBank-data,2025.10,324bc678037392a64d42f15210ce0fd1126e82cf,MSBNK-Eawag-EQ01194804.txt,3055,8c3c452bad6c70f569e5f401e566db8b7d40631612744076ea0231f58d1437a5,324bc678037392a64d42f15210ce0fd1126e82cf,True,ok,
48,MSBNK-Eawag-EQ01199402,https://api.github.com/repos/MassBank/MassBank-data/git/blobs/b42b06cdb9b32654c5c711098aed01c3d36a6d12,MassBank/MassBank-data,2025.10,b42b06cdb9b32654c5c711098aed01c3d36a6d12,MSBNK-Eawag-EQ01199402.txt,2144,dc70aa9cb9e306da968fb73e6b20ac7969870b5509f2b7ea2433b5b5af3db2da,b42b06cdb9b32654c5c711098aed01c3d36a6d12,True,ok,
49,MSBNK-Eawag-EQ01199404,https://api.github.com/repos/MassBank/MassBank-data/git/blobs/f991edadf7e31cf5210b62240a23711603c31096,MassBank/MassBank-data,2025.10,f991edadf7e31cf5210b62240a23711603c31096,MSBNK-Eawag-EQ01199404.txt,3201,ef447db85b43ae18366e30f0bb020148b8af0d440d7d270e3d295c8465dfb537,f991edadf7e31cf5210b62240a23711603c31096,True,ok,
50,MSBNK-Eawag-EQ1085802,https://api.github.com/repos/MassBank/MassBank-data/git/blobs/2fbdad5a90f96e5a89b26f51c1dcdb28a3b347f3,MassBank/MassBank-data,2025.10,2fbdad5a90f96e5a89b26f51c1dcdb28a3b347f3,MSBNK-Eawag-EQ1085802.txt,3698,34cc61ed386efc060e07e594805d8bdfa2757730444b4e471290297f42c25ea7,2fbdad5a90f96e5a89b26f51c1dcdb28a3b347f3,True,ok,
51,MSBNK-Eawag-EQ1085804,https://api.github.com/repos/MassBank/MassBank-data/git/blobs/35e95abe536ef70357793262a8a8dc60d7449c91,MassBank/MassBank-data,2025.10,35e95abe536ef70357793262a8a8dc60d7449c91,MSBNK-Eawag-EQ1085804.txt,3463,0131b31baa60d4d60cd40e8639cf375dbbeff1b2cb41bc8da8e4f9ecb4eba7aa,35e95abe536ef70357793262a8a8dc60d7449c91,True,ok,
52,MSBNK-Eawag-EQ1086002,https://api.github.com/repos/MassBank/MassBank-data/git/blobs/f3972ea28cd6fca8923e3fd35e144ac10c2df314,MassBank/MassBank-data,2025.10,f3972ea28cd6fca8923e3fd35e144ac10c2df314,MSBNK-Eawag-EQ1086002.txt,2626,6294a6f9db71cc9b88edbc852bdb4f2935db5db8e8715862122daac6631ea4c0,f3972ea28cd6fca8923e3fd35e144ac10c2df314,True,ok,
53,MSBNK-Eawag-EQ1086004,https://api.github.com/repos/MassBank/MassBank-data/git/blobs/96cdfe0d11c88f468652fc49feea6c5a80807549,MassBank/MassBank-data,2025.10,96cdfe0d11c88f468652fc49feea6c5a80807549,MSBNK-Eawag-EQ1086004.txt,2804,363e007ac4190370b1b1f92f9c74c70164835955fca93962d7cbb11e5bbbcb84,96cdfe0d11c88f468652fc49feea6c5a80807549,True,ok,
54,MSBNK-Eawag-EQ1090002,https://api.github.com/repos/MassBank/MassBank-data/git/blobs/eb50a8a0e36bde49f6ee441de53e222ff507bbf6,MassBank/MassBank-data,2025.10,eb50a8a0e36bde49f6ee441de53e222ff507bbf6,MSBNK-Eawag-EQ1090002.txt,2646,09f48fc10526d20f7044a9615f34cd27d2753e631684fb39a6fd53a4e283340c,eb50a8a0e36bde49f6ee441de53e222ff507bbf6,True,ok,
55,MSBNK-Eawag-EQ1090004,https://api.github.com/repos/MassBank/MassBank-data/git/blobs/4683de6e8387493af22c43712e3418d0ef1c35dd,MassBank/MassBank-data,2025.10,4683de6e8387493af22c43712e3418d0ef1c35dd,MSBNK-Eawag-EQ1090004.txt,2932,0846c9baa6042476cd5a1310bbc6b5839f811fba45ee53f8556bfb6c851d3684,4683de6e8387493af22c43712e3418d0ef1c35dd,True,ok,
56,MSBNK-Eawag-EQ1090202,https://api.github.com/repos/MassBank/MassBank-data/git/blobs/e7ffdbe41c8223e866be87e44a195a30825dd8c5,MassBank/MassBank-data,2025.10,e7ffdbe41c8223e866be87e44a195a30825dd8c5,MSBNK-Eawag-EQ1090202.txt,3059,25e5eefcc9ec0c11b6fce808fc587390a106ac0f93ecaef6505839eeb3cb9aa1,e7ffdbe41c8223e866be87e44a195a30825dd8c5,True,ok,
57,MSBNK-Eawag-EQ1090204,https://api.github.com/repos/MassBank/MassBank-data/git/blobs/992357963e99c160238c65e31093bdbea6ea3518,MassBank/MassBank-data,2025.10,992357963e99c160238c65e31093bdbea6ea3518,MSBNK-Eawag-EQ1090204.txt,3227,4f20dcef152ad07cab6a67613e913052e83b802f2e312def50d32ecb67416dc4,992357963e99c160238c65e31093bdbea6ea3518,True,ok,
58,MSBNK-Eawag-EQ1090302,https://api.github.com/repos/MassBank/MassBank-data/git/blobs/dda592c24cd8c5351bd7fd2dc2d8e5d639df840e,MassBank/MassBank-data,2025.10,dda592c24cd8c5351bd7fd2dc2d8e5d639df840e,MSBNK-Eawag-EQ1090302.txt,2752,e48d060c9a6be768396618ee18c24416546edb2eeb9efeb947dee3bf7800ab46,dda592c24cd8c5351bd7fd2dc2d8e5d639df840e,True,ok,
59,MSBNK-Eawag-EQ1090304,https://api.github.com/repos/MassBank/MassBank-data/git/blobs/8b89f8d928b1ca01d53c5f12393c83923d781e06,MassBank/MassBank-data,2025.10,8b89f8d928b1ca01d53c5f12393c83923d781e06,MSBNK-Eawag-EQ1090304.txt,2861,5e76313e3d6adda4a9b6afec8c52ec225c97d2284cb4ef5d8231fd417fc19495,8b89f8d928b1ca01d53c5f12393c83923d781e06,True,ok,
60,MSBNK-Eawag-EQ1090402,https://api.github.com/repos/MassBank/MassBank-data/git/blobs/5136dfb3d8c5504c58778f8b3e9521bd1250b031,MassBank/MassBank-data,2025.10,5136dfb3d8c5504c58778f8b3e9521bd1250b031,MSBNK-Eawag-EQ1090402.txt,2985,329aa6dd2961098bb35638f46aa63a4415745442a85749b5e52e5fd0b6e5515a,5136dfb3d8c5504c58778f8b3e9521bd1250b031,True,ok,
61,MSBNK-Eawag-EQ1090404,https://api.github.com/repos/MassBank/MassBank-data/git/blobs/e9dbba9b574b4e32265f3c921cc4cba38741d3a6,MassBank/MassBank-data,2025.10,e9dbba9b574b4e32265f3c921cc4cba38741d3a6,MSBNK-Eawag-EQ1090404.txt,2923,b5eb5b10f8aa0b956dabafaa1c845dc160f661f7aef157b97212241a74b120f1,e9dbba9b574b4e32265f3c921cc4cba38741d3a6,True,ok,
62,MSBNK-Eawag-EQ1091402,https://api.github.com/repos/MassBank/MassBank-data/git/blobs/8785a8f1bcbc4321ee94ea14f976985887ef351c,MassBank/MassBank-data,2025.10,8785a8f1bcbc4321ee94ea14f976985887ef351c,MSBNK-Eawag-EQ1091402.txt,2412,948bd640c13d4b82072e9afb3ba43fdef14d3d0bb9d0fe8a1ef59e3c2fcc95dd,8785a8f1bcbc4321ee94ea14f976985887ef351c,True,ok,
63,MSBNK-Eawag-EQ1091404,https://api.github.com/repos/MassBank/MassBank-data/git/blobs/e84dc4c59f33da23ba92fbc498e5d248b9f5ed4d,MassBank/MassBank-data,2025.10,e84dc4c59f33da23ba92fbc498e5d248b9f5ed4d,MSBNK-Eawag-EQ1091404.txt,2642,6c4c006e27c1b66e6aa9b437dc7be6770797c4368e634abf95b128c55ec74152,e84dc4c59f33da23ba92fbc498e5d248b9f5ed4d,True,ok,
64,MSBNK-Eawag-EQ1091902,https://api.github.com/repos/MassBank/MassBank-data/git/blobs/487163052913e54fb2ceba599dc90249c8a1d8e5,MassBank/MassBank-data,2025.10,487163052913e54fb2ceba599dc90249c8a1d8e5,MSBNK-Eawag-EQ1091902.txt,2325,217c909c4f4f0621888ac82f82f539f8023e95913ebb214448ff052d71737051,487163052913e54fb2ceba599dc90249c8a1d8e5,True,ok,
65,MSBNK-Eawag-EQ1091904,https://api.github.com/repos/MassBank/MassBank-data/git/blobs/d2385ee74b0dacd2fb0fd414a2afb4e7662a8221,MassBank/MassBank-data,2025.10,d2385ee74b0dacd2fb0fd414a2afb4e7662a8221,MSBNK-Eawag-EQ1091904.txt,2483,67b48744713d5bb0bcc0051afe33cdbde671795d8d8f647e4dc8392e0e30f701,d2385ee74b0dacd2fb0fd414a2afb4e7662a8221,True,ok,
66,MSBNK-Eawag-EQ1096302,https://api.github.com/repos/MassBank/MassBank-data/git/blobs/4245fc217f40e2c49eaaa15af3b82118ec11ca4d,MassBank/MassBank-data,2025.10,4245fc217f40e2c49eaaa15af3b82118ec11ca4d,MSBNK-Eawag-EQ1096302.txt,3144,a1d2bfde508e194b60464c756bbc2563dbb3be8c245549c3d70978f739b8a954,4245fc217f40e2c49eaaa15af3b82118ec11ca4d,True,ok,
67,MSBNK-Eawag-EQ1096304,https://api.github.com/repos/MassBank/MassBank-data/git/blobs/c423cafc0d531316920d80c065386009662f1620,MassBank/MassBank-data,2025.10,c423cafc0d531316920d80c065386009662f1620,MSBNK-Eawag-EQ1096304.txt,4436,28d38cded17b3e2a7df3aedfb920795c18311068a7489c15f1a4310bd8196f39,c423cafc0d531316920d80c065386009662f1620,True,ok,
68,MSBNK-Eawag-EQ1096402,https://api.github.com/repos/MassBank/MassBank-data/git/blobs/396f983324b9084061b501f1318c3a803c2c875a,MassBank/MassBank-data,2025.10,396f983324b9084061b501f1318c3a803c2c875a,MSBNK-Eawag-EQ1096402.txt,2859,5eb6b7e6d1a02062e47ab610ba533f143e780f058a252e8d277eff42129fe308,396f983324b9084061b501f1318c3a803c2c875a,True,ok,
69,MSBNK-Eawag-EQ1096404,https://api.github.com/repos/MassBank/MassBank-data/git/blobs/32965fb492880645c2e4fb48fda119603964bc1c,MassBank/MassBank-data,2025.10,32965fb492880645c2e4fb48fda119603964bc1c,MSBNK-Eawag-EQ1096404.txt,2970,e2a74816f48d82d3ca247bb8e1b6cf1ccc8388bf1875d0e6594cfc7521e95d18,32965fb492880645c2e4fb48fda119603964bc1c,True,ok,
