key,energy,mu,n_spectra
AAGFPTSOPGCENQ,20.0,0.9533085885143402,1
AAGFPTSOPGCENQ,60.0,0.5654628037673924,1
ACWBQPMHZXGDFX,20.0,0.5825304898914183,6
ACWBQPMHZXGDFX,60.0,0.425067432869902,6
AEOCXXJPGCBFJA,20.0,0.8098926436621111,3
AEOCXXJPGCBFJA,60.0,0.6187186947691107,3
AGOYDEPGAOXOCK,20.0,0.1990861476266934,4
AGOYDEPGAOXOCK,60.0,0.1452862132786012,4
AHMMSNQYOPMLSX,20.0,0.3172097657315311,1
AHMMSNQYOPMLSX,60.0,0.2244945133002372,1
AHOUBRCZNHFOSL,20.0,0.7721697104186561,3
AHOUBRCZNHFOSL,60.0,0.26844896007400676,3
AKNNEGZIBPJZJG,20.0,0.5915653241987547,3
AKNNEGZIBPJZJG,60.0,0.5341181705183962,3
ALEXXDVDDISNDU,20.0,0.6063515469198307,3
ALEXXDVDDISNDU,60.0,0.32340152988680654,3
ANJTVLIZGCUXLD,20.0,0.9487489895498331,3
ANJTVLIZGCUXLD,60.0,0.5064458967303096,3
AQHHHDLHHXJYJD,20.0,0.7407396231520266,9
AQHHHDLHHXJYJD,60.0,0.37596380419969844,8
ARAIBEBZBOPLMB,20.0,0.34145076278730324,2
ARAIBEBZBOPLMB,60.0,0.26064889369108213,2
ASWVTGNCAZCNNR,20.0,0.7341315336003833,4
ASWVTGNCAZCNNR,60.0,0.37452865377701394,4
ASXBYYWOLISCLQ,20.0,0.7926941871244974,1
ASXBYYWOLISCLQ,60.0,0.27717738515681956,1
BCGWQEUPMDMJNV,20.0,0.39492053020167805,2
BCGWQEUPMDMJNV,60.0,0.2888745281272215,2
BDNFQGRSKSQXRI,20.0,0.418648862635692,4
BDNFQGRSKSQXRI,60.0,0.3772653471465743,4
BEZZFPOZAYTVHN,20.0,0.8546693041569862,1
BEZZFPOZAYTVHN,60.0,0.5404837814422994,1
BFYIZQONLCFLEV,20.0,0.5782274653502341,2
BFYIZQONLCFLEV,60.0,0.35607348645190207,2
BHHGXPLMPWCGHP,20.0,0.8542915732148635,2
BHHGXPLMPWCGHP,60.0,0.7289236308014155,2
BIXJFIJYBLJTMK,20.0,0.8767590018335254,2
BIXJFIJYBLJTMK,60.0,0.48539924466429074,2
BLGXFZZNTVWLAY,20.0,0.9057621475689255,15
BLGXFZZNTVWLAY,60.0,0.4002730424158749,15
BNRNXUUZRGQAQC,20.0,0.6832239734192616,8
BNRNXUUZRGQAQC,60.0,0.18580432515886444,8
BQYJATMQXGBDHF,20.0,0.6094710097869217,1
BQYJATMQXGBDHF,60.0,0.5080003502724276,1
BUGYDGFZZOZRHP,20.0,0.9166942192609411,2
BUGYDGFZZOZRHP,60.0,0.5854829322622999,2
CBVCZFGXHXORBI,20.0,0.5146993686849629,4
CBVCZFGXHXORBI,60.0,0.19499041193113942,4
CEQFOVLGLXCDCX,20.0,0.8887004985646201,1
CEQFOVLGLXCDCX,60.0,0.5773182792548037,1
CFRPSFYHXJZSBI,20.0,0.585543185290765,1
CFRPSFYHXJZSBI,60.0,0.28918908808409854,1
CJCSPKMFHVPWAR,20.0,0.7453092695189611,4
CJCSPKMFHVPWAR,60.0,0.47922792277783327,4
CPCRJSQNWHCGOP,20.0,0.568619973126671,2
CPCRJSQNWHCGOP,60.0,0.17776669656809344,2
CPEUVMUXAHMANV,20.0,0.890671088736264,3
CPEUVMUXAHMANV,60.0,0.4512831138259233,3
CULUKMPMGVXCEI,20.0,0.8932825521992728,1
CULUKMPMGVXCEI,60.0,0.3073046544731233,1
CXEGAUYXQAKHKJ,20.0,0.18074236516361927,2
CXEGAUYXQAKHKJ,60.0,0.1206103865108984,2
DBEPLOCGEIEOCV,20.0,0.9026191162108504,4
DBEPLOCGEIEOCV,60.0,0.33141033311928636,4
DBXFMOWZRXXBRN,20.0,0.3885287174866566,3
DBXFMOWZRXXBRN,60.0,0.2975714402088018,3
DCOPUUMXTXDBNB,20.0,0.7658617499301278,3
DCOPUUMXTXDBNB,60.0,0.7060905329188166,3
DDUHZTYCFQRHIY,20.0,0.583943597381138,5
DDUHZTYCFQRHIY,60.0,0.37418802440025084,5
DECIPOUIJURFOJ,20.0,0.9598279023715667,1
DECIPOUIJURFOJ,60.0,0.662832655006059,1
DEQITUUQPICUMR,20.0,0.46958370289637447,3
DEQITUUQPICUMR,60.0,0.318758376501421,3
DFPAKSUCGFBDDF,20.0,0.9516964281617778,3
DFPAKSUCGFBDDF,60.0,0.6045455236864349,3
DIRFUJHNVNOBMY,20.0,0.4574668637839222,1
DIRFUJHNVNOBMY,60.0,0.4287270124243848,1
DJNZZLZKAXGMMC,20.0,0.830522746751241,1
DJNZZLZKAXGMMC,60.0,0.6111931390779144,1
DKNWSYNQZKUICI,20.0,0.9291860272161849,4
DKNWSYNQZKUICI,60.0,0.637537610264315,4
DKYWVDODHFEZIM,20.0,0.7134703123647668,2
DKYWVDODHFEZIM,60.0,0.4081265896396936,2
DMBHHRLKUKUOEG,20.0,0.924828910635006,2
DMBHHRLKUKUOEG,60.0,0.5508910608704418,2
DNTGGZPQPQTDQF,20.0,0.7980596096832265,2
DNTGGZPQPQTDQF,60.0,0.40355795885283624,2
DOIRQSBPFJWKBE,20.0,0.519298099128766,1
DOIRQSBPFJWKBE,60.0,0.45642473590323923,1
DPSPPJIUMHPXMA,20.0,0.990886350311522,1
DPSPPJIUMHPXMA,60.0,0.8459101404454834,1
DPWPWRLQFGFJFI,20.0,0.5853530733795864,4
DPWPWRLQFGFJFI,60.0,0.528645519704787,4
DQJCHOQLCLEDLL,20.0,0.9822449884147622,1
DQJCHOQLCLEDLL,60.0,0.7061467914485673,1
DRLFMBDRBRZALE,20.0,0.7494435884401365,1
DRLFMBDRBRZALE,60.0,0.5985622039295382,1
DTDSAWVUFPGDMX,20.0,0.3458700348964612,1
DTDSAWVUFPGDMX,60.0,0.334593554721484,1
DVBUIBGJRQBEDP,20.0,0.6174347698706458,1
DVBUIBGJRQBEDP,60.0,0.39150189976801103,1
FAOZLTXFLGPHNG,20.0,0.5785570022978292,2
FAOZLTXFLGPHNG,60.0,0.3551580468142245,1
FBOUIAKEJMZPQG,20.0,0.712824014579935,3
FBOUIAKEJMZPQG,60.0,0.2391473831763254,3
FFGPTBGBLSHEPO,20.0,0.8815849515286575,3
FFGPTBGBLSHEPO,60.0,0.7688285893810616,3
FNYLWPVRPXGIIP,20.0,0.9872485502702898,4
FNYLWPVRPXGIIP,60.0,0.6686878203398869,4
FQEQMASDZFXSJI,20.0,0.9674506364421216,2
FQEQMASDZFXSJI,60.0,0.44362107476610346,2
FSVJFNAIGNNGKK,20.0,0.6262268775688952,3
FSVJFNAIGNNGKK,60.0,0.332573003765339,3
FUSNMLFNXJSCDI,20.0,0.5144352504828521,3
FUSNMLFNXJSCDI,60.0,0.3688831893947,3
FZXISNSWEXTPMF,20.0,0.8178435492474262,2
FZXISNSWEXTPMF,60.0,0.4257277041936368,2
GDLIGKIOYRNHDA,20.0,0.37920436022158727,4
GDLIGKIOYRNHDA,60.0,0.2632118287422861,4
GECHUMIMRBOMGK,20.0,0.5590345657643,2
GECHUMIMRBOMGK,60.0,0.38499297597956317,2
GFNANZIMVAIWHM,20.0,0.5999244321798936,2
GFNANZIMVAIWHM,60.0,0.401882395540473,1
GHOKWGTUZJEAQD,20.0,0.589095082993562,4
GHOKWGTUZJEAQD,60.0,0.30851932910549806,4
GIIZNNXWQWCKIB,20.0,0.6812725564466212,7
GIIZNNXWQWCKIB,60.0,0.2610874922503382,7
GJSURZIOUXUGAL,20.0,0.9792002197812251,6
GJSURZIOUXUGAL,60.0,0.4085714717659673,6
GNBHRKFJIUUOQI,20.0,0.9564470586609528,6
GNBHRKFJIUUOQI,60.0,0.7600834939922139,6
GRTOGORTSDXSFK,20.0,0.7345486987591567,2
GRTOGORTSDXSFK,60.0,0.3998687240566055,2
GVDRRZOORHCTAN,20.0,0.41541389431052933,2
GVDRRZOORHCTAN,60.0,0.33262827617343316,2
GYSCAQFHASJXRS,20.0,0.3283375250883353,1
GYSCAQFHASJXRS,60.0,0.17734193473921525,1
GYSSRZJIHXQEHQ,20.0,0.6435244767800908,1
GYSSRZJIHXQEHQ,60.0,0.3141269212589689,1
GZUITABIAKMVPG,20.0,0.597582756920056,2
GZUITABIAKMVPG,60.0,0.22713599347080798,2
HAORKNGNJCEJBX,20.0,0.9827679459706946,2
HAORKNGNJCEJBX,60.0,0.5095260624007832,2
HBBVCKCCQCQCTJ,20.0,0.4637284570849912,2
HBBVCKCCQCQCTJ,60.0,0.29675546089116034,2
HDDSHPAODJUKPD,20.0,0.8815068349234831,2
HDDSHPAODJUKPD,60.0,0.5914586764133676,2
HDOVUKNUBWVHOX,20.0,0.47460608966032614,3
HDOVUKNUBWVHOX,60.0,0.3335740126342551,3
HDVAWXXJVMJBAR,20.0,0.9914283307989513,2
HDVAWXXJVMJBAR,60.0,0.6924361657411806,2
HJJPJSXJAXAIPN,20.0,0.596225010978505,2
HJJPJSXJAXAIPN,60.0,0.28747942460976805,2
HKODIGSRFALUTA,20.0,0.962774927114346,2
HKODIGSRFALUTA,60.0,0.33348264133334393,2
HKQYGTCOTHHOMP,20.0,0.9744815157381224,1
HKQYGTCOTHHOMP,60.0,0.6536976417127337,1
HLFSDGLLUJUHTE,20.0,0.9771708414053559,5
HLFSDGLLUJUHTE,60.0,0.5394128529932206,4
HPNSFSBZBAHARI,20.0,0.6953004744226526,2
HPNSFSBZBAHARI,60.0,0.4571499457767106,2
HTQMVQVXFRQIKW,20.0,0.5742286446982385,4
HTQMVQVXFRQIKW,60.0,0.4233514366754733,4
HWVNEWGKWRGSRK,20.0,0.6934466527199049,2
HWVNEWGKWRGSRK,60.0,0.4861471505283032,2
HXHWSAZORRCQMX,20.0,0.9006967870328664,2
HXHWSAZORRCQMX,60.0,0.6728160381396922,2
HXTGXYRHXAGCFP,20.0,0.8478237792668579,2
HXTGXYRHXAGCFP,60.0,0.3633009691456702,2
HYAFETHFCAUJAY,20.0,0.7845370584239204,7
HYAFETHFCAUJAY,60.0,0.3592812518841814,7
HYYBABOKPJLUIN,20.0,0.9150378015981395,2
HYYBABOKPJLUIN,60.0,0.8189573767575227,2
HZJKXKUJVSEEFU,20.0,0.4296627034276324,2
HZJKXKUJVSEEFU,60.0,0.31823943926820786,2
HZRSNVGNWUDEFX,20.0,0.44002459608044225,1
HZRSNVGNWUDEFX,60.0,0.3427804172153164,1
IAKHMKGGTNLKSZ,20.0,0.8795590467065018,2
IAKHMKGGTNLKSZ,60.0,0.5826795993701888,2
IBXPYPUJPLLOIN,20.0,0.8134075650291887,4
IBXPYPUJPLLOIN,60.0,0.5243936486084606,4
ICFJFFQQTFMIBG,20.0,0.5690206580282677,2
ICFJFFQQTFMIBG,60.0,0.3727182023822335,2
IEDVJHCEMCRBQM,20.0,0.9410619450159655,6
IEDVJHCEMCRBQM,60.0,0.5737052100212767,6
IIBYAHWJQTYFKB,20.0,0.6205182095438642,3
IIBYAHWJQTYFKB,60.0,0.3422823417331805,3
IROINLKCQGIITA,20.0,0.8672488445028496,2
IROINLKCQGIITA,60.0,0.4063292457603384,2
IRSCQMHQWWYFCW,20.0,0.5886824564782311,3
IRSCQMHQWWYFCW,60.0,0.5231455186226917,3
IUBSYMUCCVWXPE,20.0,0.7935384220821378,6
IUBSYMUCCVWXPE,60.0,0.3392939068754642,6
IWUCXVSUMQZMFG,20.0,0.45500648090975077,1
IWUCXVSUMQZMFG,60.0,0.3891873031743504,1
IYIKLHRQXLHMJQ,20.0,0.3131460720557372,5
IYIKLHRQXLHMJQ,60.0,0.1281872804668284,5
JBDHZKLJNAIJNC,20.0,0.7122514969061519,1
JBDHZKLJNAIJNC,60.0,0.3958526484047198,1
JCCNYMKQOSZNPW,20.0,0.8729852140224086,4
JCCNYMKQOSZNPW,60.0,0.6618250684202482,4
JJCFRYNCJDLXIK,20.0,0.8900013950567339,6
JJCFRYNCJDLXIK,60.0,0.452971905025519,6
JLKIGFTWXXRPMT,20.0,0.6252642545475942,2
JLKIGFTWXXRPMT,60.0,0.37160555690767605,2
JLRGJRBPOGGCBT,20.0,0.43304357477605543,1
JLRGJRBPOGGCBT,60.0,0.338738940364694,1
JNMRHUJNCSQMMB,20.0,0.6167903135271793,4
JNMRHUJNCSQMMB,60.0,0.3549255013573633,4
JNTOCHDNEULJHD,20.0,0.666333700419494,4
JNTOCHDNEULJHD,60.0,0.4967821577357664,4
JQXXHWHPUNPDRT,20.0,0.2044570737429639,3
JQXXHWHPUNPDRT,60.0,0.1371851693966376,3
JRRUSQGIRBEMRN,20.0,0.9266119229551372,1
JRRUSQGIRBEMRN,60.0,0.594976554225808,1
JRWZLRBJNMZMFE,20.0,0.61262623846293,4
JRWZLRBJNMZMFE,60.0,0.34172062188650265,4
JTEGQNOMFQHVDC,20.0,0.48655449829738956,2
JTEGQNOMFQHVDC,60.0,0.43192274885417414,2
JUVIOZPCNVVQFO,20.0,0.6080976981085771,1
JUVIOZPCNVVQFO,60.0,0.4087165848877722,1
JVKYZPBMZPJNAJ,20.0,0.9279138112576664,2
JVKYZPBMZPJNAJ,60.0,0.6598492186956154,2
JWZZKOKVBUJMES,20.0,0.8304526426195084,1
JWZZKOKVBUJMES,60.0,0.4636936936022964,1
JYGXADMDTFJGBT,20.0,0.6250135807568035,2
JYGXADMDTFJGBT,60.0,0.337118606846164,2
JZCPYUJPEARBJL,20.0,0.7106190550170172,3
JZCPYUJPEARBJL,60.0,0.44784585179746084,3
JZFPYUNJRRFVQU,20.0,0.9641901545378604,4
JZFPYUNJRRFVQU,60.0,0.7119012185383321,4
KCFYEAOKVJSACF,20.0,0.6767717332066805,3
KCFYEAOKVJSACF,60.0,0.4993904194656988,3
KCJJINQANFZSAM,20.0,0.157635247673183,2
KCJJINQANFZSAM,60.0,0.14336441344523568,2
KDLRVYVGXIQJDK,20.0,0.4601303030669127,3
KDLRVYVGXIQJDK,60.0,0.2864300630258403,3
KGNGTSCIQCLKEH,20.0,0.4994464594852306,2
KGNGTSCIQCLKEH,60.0,0.4023339119498417,2
KJFMBFZCATUALV,20.0,0.7772103394777348,2
KJFMBFZCATUALV,60.0,0.4872509996273794,2
KJHOZAZQWVKILO,20.0,0.7365503344206211,4
KJHOZAZQWVKILO,60.0,0.4115467436271908,4
KRMDCWKBEZIMAB,20.0,0.7741509046027146,4
KRMDCWKBEZIMAB,60.0,0.4870807213662789,4
KRQDMAXNTWLTDZ,20.0,0.6302681034684506,5
KRQDMAXNTWLTDZ,60.0,0.16328978547354953,5
KVDJTXBXMWJJEF,20.0,0.5319848541995632,1
KVDJTXBXMWJJEF,60.0,0.4346243510030821,1
KWVISVAMQJWJSZ,20.0,0.7581846369775311,1
KWVISVAMQJWJSZ,60.0,0.33170109065436604,1
KYGZCKSPAKDVKC,20.0,0.9587450517446846,2
KYGZCKSPAKDVKC,60.0,0.6839158863655694,2
LDCYZAJDBXYCGN,20.0,0.8458631800858897,2
LDCYZAJDBXYCGN,60.0,0.5888193705851765,2
LIAWQASKBFCRNR,20.0,0.6679566277327783,1
LIAWQASKBFCRNR,60.0,0.4592095110668974,1
LKPQNZRGGNOPPU,20.0,0.9806019858317505,3
LKPQNZRGGNOPPU,60.0,0.855189855693055,3
LLYYNOVSVPBRGV,20.0,0.44209982572995754,2
LLYYNOVSVPBRGV,60.0,0.20129837056298516,2
LMEKQMALGUDUQG,20.0,0.5932586514871954,2
LMEKQMALGUDUQG,60.0,0.43733252525558924,1
LMOINURANNBYCM,20.0,0.8247465757839687,3
LMOINURANNBYCM,60.0,0.4810793145396532,3
LNEPOXFFQSENCJ,20.0,0.6427518371379026,4
LNEPOXFFQSENCJ,60.0,0.3462763083191247,4
LOUPRKONTZGTKE,20.0,0.954316588884461,13
LOUPRKONTZGTKE,60.0,0.4104241533104562,13
LSLYOANBFKQKPT,20.0,0.5582543446961594,4
LSLYOANBFKQKPT,60.0,0.3508103462359419,4
LUZRJRNZXALNLM,20.0,0.5208801599011955,3
LUZRJRNZXALNLM,60.0,0.34146061484155404,3
MBIZFBDREVRUHY,20.0,0.8691382040006511,1
MBIZFBDREVRUHY,60.0,0.614557169632101,1
MCJGNVYPOGVAJF,20.0,0.9514897184096771,1
MCJGNVYPOGVAJF,60.0,0.7544854965637995,1
MCWXGJITAZMZEV,20.0,0.6452590775491858,1
MCWXGJITAZMZEV,60.0,0.41487090626761763,1
METKIMKYRPQLGS,20.0,0.795344857138614,7
METKIMKYRPQLGS,60.0,0.3924057986784455,7
MHWLWQUZZRMNGJ,20.0,0.9706498142819703,4
MHWLWQUZZRMNGJ,60.0,0.6620673036382793,4
MIJFNYMSCFYZNY,20.0,0.6438406672948578,4
MIJFNYMSCFYZNY,60.0,0.30779594885028494,4
MIZMDSVSLSIMSC,20.0,0.37736429838123275,2
MIZMDSVSLSIMSC,60.0,0.19164875054736744,2
MKUXAQIIEYXACX,20.0,0.6516880526795138,2
MKUXAQIIEYXACX,60.0,0.5472504350889534,1
MLBZKOGAMRTSKP,20.0,0.35315326977815686,1
MLBZKOGAMRTSKP,60.0,0.2741292906886146,1
MMOXZBCLCQITDF,20.0,0.7639653038968104,4
MMOXZBCLCQITDF,60.0,0.4900423304367612,4
MQJKPEGWNLWLTK,20.0,0.6292565961553734,3
MQJKPEGWNLWLTK,60.0,0.3712841593642083,3
MROJXXOCABQVEF,20.0,0.7268457676783191,1
MROJXXOCABQVEF,60.0,0.5166198047340929,1
MRQIXHXHHPWVIL,20.0,0.6502824178435906,2
MRQIXHXHHPWVIL,60.0,0.4613674736918727,2
MXWJVTOOROXGIU,20.0,0.8928431636636415,2
MXWJVTOOROXGIU,60.0,0.4160304841571333,2
MXXWOMGUGJBKIW,20.0,0.8176737247668031,6
MXXWOMGUGJBKIW,60.0,0.45962788303423396,6
MYSWGUAQZAJSOK,20.0,0.8935917528456349,5
MYSWGUAQZAJSOK,60.0,0.5519083453931263,3
MZZBPDKVEFVLFF,20.0,0.8707094016413027,1
MZZBPDKVEFVLFF,60.0,0.3791229276568832,1
NBMKJKDGKREAPL,20.0,0.5734305515876069,3
NBMKJKDGKREAPL,60.0,0.3910519788567729,3
NDAUXUAQIAJITI,20.0,0.6855299361588362,7
NDAUXUAQIAJITI,60.0,0.44423592713469356,7
NDNUANOUGZGEPO,20.0,0.8466461363608601,1
NDNUANOUGZGEPO,60.0,0.42874097334924416,1
NENPYTRHICXVCS,20.0,0.5644487452710839,3
NENPYTRHICXVCS,60.0,0.35711155816933066,3
NEYKRKVLEWKOBI,20.0,0.6865790873255515,4
NEYKRKVLEWKOBI,60.0,0.21260107130899486,4
NHDHVHZZCFYRSB,20.0,0.3999713224186491,2
NHDHVHZZCFYRSB,60.0,0.34097769616336093,2
NHUHCSRWZMLRLA,20.0,0.5138923256005856,3
NHUHCSRWZMLRLA,60.0,0.31612178101876365,3
NHZLNPMOSADWGC,20.0,0.538196060722058,2
NHZLNPMOSADWGC,60.0,0.3357560750187103,2
NKANXQFJJICGDU,20.0,0.5554461865493213,9
NKANXQFJJICGDU,60.0,0.20356485249083567,9
NNJVILVZKWQKPM,20.0,0.47751435672317255,8
NNJVILVZKWQKPM,60.0,0.3461544452402231,8
NOCJXYPHIIZEHN,20.0,0.8276715971803513,2
NOCJXYPHIIZEHN,60.0,0.4703561999264681,2
NOOCSNJCXJYGPE,20.0,0.9817983753063342,1
NOOCSNJCXJYGPE,60.0,0.7791122540510577,1
NOQGZXFMHARMLW,20.0,0.6919627913403545,1
NOQGZXFMHARMLW,60.0,0.31801637368945745,1
NQPDXQQQCQDHHW,20.0,0.9656794541831157,2
NQPDXQQQCQDHHW,60.0,0.6687929636003658,2
NTJOBXMMWNYJFB,20.0,0.8117876690894146,4
NTJOBXMMWNYJFB,60.0,0.4963897081554167,4
NUPJIGQFXCQJBK,20.0,0.872257426599979,2
NUPJIGQFXCQJBK,60.0,0.5620364280830294,2
NWBJYWHLCVSVIJ,20.0,0.8421730410910346,2
NWBJYWHLCVSVIJ,60.0,0.40630635071556637,2
NWWZPOKUUAIXIW,20.0,0.6421402892483183,1
NWWZPOKUUAIXIW,60.0,0.409972515616025,1
NZCRJKRKKOLAOJ,20.0,0.20960440158851368,3
NZCRJKRKKOLAOJ,60.0,0.15360771199164047,3
OCQDPIXQTSYZJL,20.0,0.9224773180210842,1
OCQDPIXQTSYZJL,60.0,0.6930233068587156,1
OGJPXUAPXNRGGI,20.0,0.8612492036748125,4
OGJPXUAPXNRGGI,60.0,0.5869078457374359,4
OJMMVQQUTAEWLP,20.0,0.4684258699359732,4
OJMMVQQUTAEWLP,60.0,0.29891234855941556,4
ONCZDRURRATYFI,20.0,0.4236407849364441,2
ONCZDRURRATYFI,60.0,0.35655707177961393,2
ONWXNHPOAGOMTG,20.0,0.5629671536784816,1
ONWXNHPOAGOMTG,60.0,0.30015907510245654,1
OPXLLQIJSORQAM,20.0,0.9209360502638607,3
OPXLLQIJSORQAM,60.0,0.4248393717952029,3
OQIQSTLJSLGHID,20.0,0.9509995533475137,2
OQIQSTLJSLGHID,60.0,0.6818315581718766,2
OSUHJPCHFDQAIT,20.0,0.7512174751534635,2
OSUHJPCHFDQAIT,60.0,0.4425206207403143,2
OUDSBRTVNLOZBN,20.0,0.4696157435437659,4
OUDSBRTVNLOZBN,60.0,0.29590001105511565,4
OUGIDAPQYNCXRA,20.0,0.9271516506475541,2
OUGIDAPQYNCXRA,60.0,0.5634725018348996,2
OWEGWHBOCFMBLP,20.0,0.567811281050176,2
OWEGWHBOCFMBLP,60.0,0.284820337122547,2
OXDDDHGGRFRLEE,20.0,0.36258108483144774,3
OXDDDHGGRFRLEE,60.0,0.2785335588133334,3
PCZOHLXUXFIOCF,20.0,0.5012721683424967,5
PCZOHLXUXFIOCF,60.0,0.3533474480726599,5
PFFIDZXUXFLSSR,20.0,0.669144562122564,2
PFFIDZXUXFLSSR,60.0,0.4863652748209222,2
PHVGLTMQBUFIQQ,20.0,0.6928907798982737,5
PHVGLTMQBUFIQQ,60.0,0.5187375977018024,5
PJSFRIWCGOHTNF,20.0,0.6004002827537644,3
PJSFRIWCGOHTNF,60.0,0.33969378811974904,3
PNVNVHUZROJLTJ,20.0,0.4139007451810946,3
PNVNVHUZROJLTJ,60.0,0.28134383139220526,3
POZRVZJJTULAOH,20.0,0.8675455686300757,1
POZRVZJJTULAOH,60.0,0.35443884455022107,1
PQFRTXSWDXZRRS,20.0,0.6270333159167494,2
PQFRTXSWDXZRRS,60.0,0.2781190944951647,2
PSGAAPLEWMOORI,20.0,0.5967157879495031,1
PSGAAPLEWMOORI,60.0,0.3115915125418335,1
PSOVNZZNOMJUBI,20.0,0.6172313975534213,1
PSOVNZZNOMJUBI,60.0,0.38405016565220046,1
PVNIIMVLHYAWGP,20.0,0.968964057401029,2
PVNIIMVLHYAWGP,60.0,0.6386656093452991,2
PVSGXWMWNRGTKE,20.0,0.9156454090936583,2
PVSGXWMWNRGTKE,60.0,0.46116832405564356,2
PVTHJAPFENJVNC,20.0,0.33796272043349296,4
PVTHJAPFENJVNC,60.0,0.20492870020931359,4
PXMNMQRDXWABCY,20.0,0.45264005844838673,1
PXMNMQRDXWABCY,60.0,0.24911573997455166,1
PZBPKYOVPCNPJY,20.0,0.7328096895652974,2
PZBPKYOVPCNPJY,60.0,0.3820799810209173,1
PZRHRDRVRGEVNW,20.0,0.9936184449274769,3
PZRHRDRVRGEVNW,60.0,0.6406691175615485,3
QASFUMOKHFSJGL,20.0,0.9341859493140414,2
QASFUMOKHFSJGL,60.0,0.2942681740857259,2
QCAWEPFNJXQPAN,20.0,0.40074752251614826,1
QCAWEPFNJXQPAN,60.0,0.32137126985514414,1
QEVHRUUCFGRFIF,20.0,0.5447070934303537,10
QEVHRUUCFGRFIF,60.0,0.2765452722299384,10
QGHREAKMXXNCOA,20.0,0.4798941557599034,1
QGHREAKMXXNCOA,60.0,0.37817572915589887,1
QGWIQIAWOCJRPI,20.0,0.29722774031519017,2
QGWIQIAWOCJRPI,60.0,0.15977852868592285,2
QHMTXANCGGJZRX,20.0,0.6816753447973279,2
QHMTXANCGGJZRX,60.0,0.4639615581491558,2
QHOQHJPRIBSPCY,20.0,0.8209255457383167,2
QHOQHJPRIBSPCY,60.0,0.3215292307650274,2
QLHULAHOXSSASE,20.0,0.5726046093320762,1
QLHULAHOXSSASE,60.0,0.3624585806516704,1
QMBJSIBWORFWQT,20.0,0.608397135883588,1
QMBJSIBWORFWQT,60.0,0.3359030672351086,1
QMGGMESMCJCABO,20.0,0.9545803693276003,4
QMGGMESMCJCABO,60.0,0.5870204875960537,4
QMGVPVSNSZLJIA,20.0,0.9601861577080897,2
QMGVPVSNSZLJIA,60.0,0.6434598889340486,2
QMLVECGLEOSESV,20.0,0.8494023559234906,4
QMLVECGLEOSESV,60.0,0.4060463871986199,4
QNRRHYPPQFELSF,20.0,0.35873503136008533,2
QNRRHYPPQFELSF,60.0,0.2592470091405654,2
QPFYXYFORQJZEC,20.0,0.8606861203595191,4
QPFYXYFORQJZEC,60.0,0.42267929552852024,4
QPPBRPIAZZHUNT,20.0,0.6713482991381651,3
QPPBRPIAZZHUNT,60.0,0.3605540421825331,3
QVCMHGGNRFRMAD,20.0,0.9172330472303187,2
QVCMHGGNRFRMAD,60.0,0.34890134100777365,2
QWCJHSGMANYXCW,20.0,0.7662987150190762,2
QWCJHSGMANYXCW,60.0,0.3997024182827432,2
QWGDMFLQWFTERH,20.0,0.9275744845461615,4
QWGDMFLQWFTERH,60.0,0.588578554555894,4
QXKHYNVANLEOEG,20.0,0.9182633973160854,3
QXKHYNVANLEOEG,60.0,0.5961636645885023,3
QYPNKSZPJQQLRK,20.0,0.3902001281911671,1
QYPNKSZPJQQLRK,60.0,0.34400514265677007,1
QYSPLQLAKJAUJT,20.0,0.38550232576150345,4
QYSPLQLAKJAUJT,60.0,0.3095930054859517,4
QZUDBNBUXVUHMW,20.0,0.8298395684056,3
QZUDBNBUXVUHMW,60.0,0.5965993044739774,3
QZZUEBNBZAPZLX,20.0,0.676378179486687,8
QZZUEBNBZAPZLX,60.0,0.3527918907312364,8
RAOCRURYZCVHMG,20.0,0.898433166957556,2
RAOCRURYZCVHMG,60.0,0.6515675391060715,2
RDJQCOBTKKAQAH,20.0,0.5846348049861936,2
RDJQCOBTKKAQAH,60.0,0.3473999465604475,2
RFHAOTPXVQNOHP,20.0,0.7255161294285534,4
RFHAOTPXVQNOHP,60.0,0.41379276431708095,4
RGOVYLWUIBMPGK,20.0,0.4656971027636017,3
RGOVYLWUIBMPGK,60.0,0.41152555354255954,3
RJMIEHBSYVWVIN,20.0,0.9334017872603739,1
RJMIEHBSYVWVIN,60.0,0.6260667828750525,1
RKUNBYITZUJHSG,20.0,0.9033518315733686,20
RKUNBYITZUJHSG,60.0,0.3410454277702922,20
RQZAXGRLVPAYTJ,20.0,0.6827178825928405,3
RQZAXGRLVPAYTJ,60.0,0.4417327263439811,3
RRKTZKIUPZVBMF,20.0,0.9531966415584603,2
RRKTZKIUPZVBMF,60.0,0.6102661807792479,2
RXPRRQLKFXBCSJ,20.0,0.9563148433946538,4
RXPRRQLKFXBCSJ,60.0,0.5346630999085766,4
RXZBMPWDPOLZGW,20.0,0.1816800958421362,4
RXZBMPWDPOLZGW,60.0,0.12608256828864242,4
RYYVLZVUVIJVGH,20.0,0.9131206814633164,1
RYYVLZVUVIJVGH,60.0,0.41419982615620154,1
SBDNJUWAMKYJOX,20.0,0.7151128140044263,1
SBDNJUWAMKYJOX,60.0,0.543482926508475,1
SBUJHOSQTJFQJX,20.0,0.4318237799122583,1
SBUJHOSQTJFQJX,60.0,0.24557794262165447,1
SECKRCOLJRRGGV,20.0,0.7252138902038758,3
SECKRCOLJRRGGV,60.0,0.3291085449844859,3
SEEPANYCNGTZFQ,20.0,0.6307009923778931,5
SEEPANYCNGTZFQ,60.0,0.36739437499409233,5
SGUAFYQXFOLMHL,20.0,0.7332629473662352,3
SGUAFYQXFOLMHL,60.0,0.3511913115961728,3
SJDACOMXKWHBOW,20.0,0.6299335580688559,2
SJDACOMXKWHBOW,60.0,0.5385882037817539,2
SLRCCWJSBJZJBV,20.0,0.9866172629922204,7
SLRCCWJSBJZJBV,60.0,0.5802325953378313,7
SNHRLVCMMWUAJD,20.0,0.45071224967721735,2
SNHRLVCMMWUAJD,60.0,0.31084865952183316,2
SPFYMRJSYKOXGV,20.0,0.8690556998546087,3
SPFYMRJSYKOXGV,60.0,0.455907095860476,3
SPWSUFUPTSJWNG,20.0,0.8352597308041017,2
SPWSUFUPTSJWNG,60.0,0.40898162160305795,2
SQMGCPHFHQGPIF,20.0,0.7144798183333199,2
SQMGCPHFHQGPIF,60.0,0.2932788174161378,2
SRJQTHAZUNRMPR,20.0,0.22972312917529608,2
SRJQTHAZUNRMPR,60.0,0.15215234121281812,2
STJLVHWMYQXCPB,20.0,0.5075088807981648,1
STJLVHWMYQXCPB,60.0,0.4055037559560947,1
STMIIPIFODONDC,20.0,0.4462937538679168,1
STMIIPIFODONDC,60.0,0.2795314016997292,1
SZINUGQCTHLQAZ,20.0,0.5959764679595906,1
SZINUGQCTHLQAZ,60.0,0.4612254733332401,1
SZWKGOZKRMMLAJ,20.0,0.8798539495909041,2
SZWKGOZKRMMLAJ,60.0,0.4649188491697899,2
TVLSRXXIMLFWEO,20.0,0.558180311880124,1
TVLSRXXIMLFWEO,60.0,0.22794001107007386,1
TWFZGCMQGLPBSX,20.0,0.8829509927422726,1
TWFZGCMQGLPBSX,60.0,0.7321453822688638,1
TWHBYJSVDCWICV,20.0,0.32454467581319346,2
TWHBYJSVDCWICV,60.0,0.18617986348427573,2
TXUZVZSFRXZGTL,20.0,0.5357973539578079,4
TXUZVZSFRXZGTL,60.0,0.19962989517009921,4
UBCHPRBFMUDMNC,20.0,0.9059866512117322,4
UBCHPRBFMUDMNC,60.0,0.5197469053334833,4
UIKROCXWUNQSPJ,20.0,0.8177192373229433,2
UIKROCXWUNQSPJ,60.0,0.4796069174346211,2
UNFWWIHTNXNPBV,20.0,0.7242603009644543,3
UNFWWIHTNXNPBV,60.0,0.2540167321312533,3
UPSPUYADGBWSHF,20.0,0.5050657120247336,5
UPSPUYADGBWSHF,60.0,0.4038316256468295,5
UQCSETXJXJTMKO,20.0,0.36869089392152316,2
UQCSETXJXJTMKO,60.0,0.1841974494985781,2
UREBDLICKHMUKA,20.0,0.5408084676052712,5
UREBDLICKHMUKA,60.0,0.3817535106856628,5
URKOMYMAXPYINW,20.0,0.7258642444191055,8
URKOMYMAXPYINW,60.0,0.5504065189567406,8
UURAUHCOJAIIRQ,20.0,0.4132330042755527,2
UURAUHCOJAIIRQ,60.0,0.24617359050463217,2
UXAFRQPVHYZDED,20.0,0.7574632500383858,2
UXAFRQPVHYZDED,60.0,0.49401976021357497,2
VACCAVUAMIDAGB,20.0,0.5619706910818283,2
VACCAVUAMIDAGB,60.0,0.3424514735717077,2
VAOCPAMSLUNLGC,20.0,0.7524976574846287,2
VAOCPAMSLUNLGC,60.0,0.3875656410782536,2
VDTNNGKXZGSZIP,20.0,0.4325540824250261,1
VDTNNGKXZGSZIP,60.0,0.32686631543238254,1
VEQOALNAAJBPNY,20.0,0.9538563989267173,4
VEQOALNAAJBPNY,60.0,0.46800281183162706,4
VHRSUDSXCMQTMA,20.0,0.5790048631776984,2
VHRSUDSXCMQTMA,60.0,0.4053143032722083,2
VKHAHZOOUSRJNA,20.0,0.5993531667063736,4
VKHAHZOOUSRJNA,60.0,0.33773189286784683,4
VLYWMPOKSSWJAL,20.0,0.5816649383092943,2
VLYWMPOKSSWJAL,60.0,0.36834204318753005,2
VOVIALXJUBGFJZ,20.0,0.5072213288938987,3
VOVIALXJUBGFJZ,60.0,0.3638715060422416,2
VSZGPKBBMSAYNT,20.0,0.5686407788686222,8
VSZGPKBBMSAYNT,60.0,0.3502024399855038,8
VUNOFAIHSALQQH,20.0,0.9617607313050369,3
VUNOFAIHSALQQH,60.0,0.33891943244422285,3
VWUXBMIQPBEWFH,20.0,0.45738491340572346,4
VWUXBMIQPBEWFH,60.0,0.2222254811711008,4
VXTGHWHFYNYFFV,20.0,0.8075906462514485,3
VXTGHWHFYNYFFV,60.0,0.6163960011370082,3
VYMDGNCVAMGZFE,20.0,0.6425294803755013,1
VYMDGNCVAMGZFE,60.0,0.32968270549307843,1
WBPYTXDJUQJLPQ,20.0,0.18864276376844974,6
WBPYTXDJUQJLPQ,60.0,0.11475492728360198,6
WEAJZXNPAWBCOA,20.0,0.737213448423879,4
WEAJZXNPAWBCOA,60.0,0.33101634380225525,4
WFDXOXNFNRHQEC,20.0,0.847535103446709,1
WFDXOXNFNRHQEC,60.0,0.46069107330874626,1
WGZDBVOTUVNQFP,20.0,0.8345393229189638,1
WGZDBVOTUVNQFP,60.0,0.49750498852442626,1
WJCNZQLZVWNLKY,20.0,0.9899051976654596,3
WJCNZQLZVWNLKY,60.0,0.6986803654010598,3
WKBPZYKAUNRMKP,20.0,0.37101377850815415,1
WKBPZYKAUNRMKP,60.0,0.39216674564618736,1
WKSAUQYGYAYLPV,20.0,0.9859754535907309,4
WKSAUQYGYAYLPV,60.0,0.7196114514127203,4
WMPXPUYPYQKQCX,20.0,0.7023059934980419,2
WMPXPUYPYQKQCX,60.0,0.3504931491094264,2
WOXKDUGGOYFFRN,20.0,0.6104602221727344,2
WOXKDUGGOYFFRN,60.0,0.47377733678104095,2
WTOYNNBCKUYIKC,20.0,0.6838029507825234,2
WTOYNNBCKUYIKC,60.0,0.39671913614339416,2
WTQYWNWRJNXDEG,20.0,0.8772132826502336,6
WTQYWNWRJNXDEG,60.0,0.33071998215718323,6
WUADCCWRTIWANL,20.0,0.8829884904633595,1
WUADCCWRTIWANL,60.0,0.5978670688409129,1
WURBVZBTWMNKQT,20.0,0.49257116844679816,2
WURBVZBTWMNKQT,60.0,0.28190766157352065,2
WVQBLGZPHOPPFO,20.0,0.8598467689396267,3
WVQBLGZPHOPPFO,60.0,0.4896114277195042,3
WWYNJERNGUHSAO,20.0,0.6405723601888824,4
WWYNJERNGUHSAO,60.0,0.33193632143685314,4
WXURHACBFYSXBI,20.0,0.5384893070174079,6
WXURHACBFYSXBI,60.0,0.3603216938043462,6
WXZVAROIGSFCFJ,20.0,0.5135043270077596,2
WXZVAROIGSFCFJ,60.0,0.313377238455531,2
WYWHKKSPHMUBEB,20.0,0.7532132607821596,3
WYWHKKSPHMUBEB,60.0,0.5658571223188831,3
WZKXBGJNNCGHIC,20.0,0.889403468901548,2
WZKXBGJNNCGHIC,60.0,0.6845927907721283,2
XEAQIWGXBXCYFX,20.0,0.6531196200814937,4
XEAQIWGXBXCYFX,60.0,0.5551033734186024,4
XFCLJVABOIYOMF,20.0,0.5313653906732868,5
XFCLJVABOIYOMF,60.0,0.19036521991119407,5
XGVJWXAYKUHDOO,20.0,0.9506815312335162,1
XGVJWXAYKUHDOO,60.0,0.46199865281038927,1
XGXOSJSGDNPEEF,20.0,0.6790544985213925,2
XGXOSJSGDNPEEF,60.0,0.5899132469353408,2
XJSFLOJWULLJQS,20.0,0.21337577114857217,4
XJSFLOJWULLJQS,60.0,0.12769961307491381,4
XMAYWYJOQHXEEK,20.0,0.750430195376669,10
XMAYWYJOQHXEEK,60.0,0.26394547901406906,10
XOFYZVNMUHMLCC,20.0,0.6151527079475572,3
XOFYZVNMUHMLCC,60.0,0.41248842981525274,3
XOXHILFPRYWFOD,20.0,0.5483382948959962,2
XOXHILFPRYWFOD,60.0,0.3311936521677552,2
XQYZDYMELSJDRZ,20.0,0.9797677632425716,4
XQYZDYMELSJDRZ,60.0,0.6643430157018586,4
XQZXYNRDCRIARQ,20.0,0.22173016628896058,1
XQZXYNRDCRIARQ,60.0,0.2861751424134596,1
XRQDFNLINLXZLB,20.0,0.8505957322209171,4
XRQDFNLINLXZLB,60.0,0.29671601460436836,4
XTKDAFGWCDAMPY,20.0,0.570028398258941,2
XTKDAFGWCDAMPY,60.0,0.38559567001453865,2
XVPBINOPNYFXID,20.0,0.937476411802681,6
XVPBINOPNYFXID,60.0,0.5659111123933187,6
XWTYSIMOBUGWOL,20.0,0.6990755267525572,2
XWTYSIMOBUGWOL,60.0,0.44341719100196386,2
XYNPYHXGMWJBLV,20.0,0.717872813659524,2
XYNPYHXGMWJBLV,60.0,0.335012184088455,2
XZNUGFQTQHRASN,20.0,0.42475500367366625,1
XZNUGFQTQHRASN,60.0,0.22276134730517827,1
XZWYZXLIPXDOLR,20.0,0.6289855329020855,5
XZWYZXLIPXDOLR,60.0,0.46716257390341936,5
YBBLVLTVTVSKRW,20.0,0.8378262118931405,4
YBBLVLTVTVSKRW,60.0,0.6092732692581166,4
YBJHBAHKTGYVGT,20.0,0.8858990783489297,3
YBJHBAHKTGYVGT,60.0,0.408456477844451,3
YCAZFHUABUMOIM,20.0,0.2902349596591983,2
YCAZFHUABUMOIM,60.0,0.22098138912947157,2
YFAGHNZHGGCZAX,20.0,0.3793044946623945,1
YFAGHNZHGGCZAX,60.0,0.3188410207947385,1
YLJREFDVOIBQDA,20.0,0.9937511661691246,7
YLJREFDVOIBQDA,60.0,0.8729697464707216,6
YNDXUCZADRHECN,20.0,0.5428585084936074,3
YNDXUCZADRHECN,60.0,0.35816001420994503,3
YOSHYTLCDANDAN,20.0,0.5388804855445559,4
YOSHYTLCDANDAN,60.0,0.42636186553036404,4
YTRMTPPVNRALON,20.0,0.9467626247836781,2
YTRMTPPVNRALON,60.0,0.6683520887919376,2
ZBBHBTPTTSWHBA,20.0,0.4337391315983968,3
ZBBHBTPTTSWHBA,60.0,0.332920417534379,3
ZETBBVYSBABLHL,20.0,0.6138165676150764,2
ZETBBVYSBABLHL,60.0,0.40195123188966153,2
ZJJXGWJIGJFDTL,20.0,0.5410458256543269,4
ZJJXGWJIGJFDTL,60.0,0.28100286115621503,4
ZNNLBTZKUZBEKO,20.0,0.5512885190669599,1
ZNNLBTZKUZBEKO,60.0,0.32274164213533724,1
ZRVUJXDFFKFLMG,20.0,0.3776910987984236,4
ZRVUJXDFFKFLMG,60.0,0.32643164660979346,4
ZSBXGIUJOOQZMP,20.0,0.9900147629178925,12
ZSBXGIUJOOQZMP,60.0,0.6550608570038876,12
ZTVIKZXZYLEVOL,20.0,0.9070564712306777,4
ZTVIKZXZYLEVOL,60.0,0.37749580414326545,4
ZZORFUFYDOWNEF,20.0,0.7308579203544321,5
ZZORFUFYDOWNEF,60.0,0.3562399796397811,5
