scope,criterion,truth_family,selected_family,count
full_grid_10000_worlds,bic,mass_power,mass_power,1810
full_grid_10000_worlds,bic,mass_power,mass_affine_descriptor,15
full_grid_10000_worlds,bic,mass_power,mass_saturating_descriptor,40
full_grid_10000_worlds,bic,mass_power,mass_interaction,120
full_grid_10000_worlds,bic,mass_power,mass_exponential_descriptor,15
full_grid_10000_worlds,bic,mass_affine_descriptor,mass_power,9
full_grid_10000_worlds,bic,mass_affine_descriptor,mass_affine_descriptor,1460
full_grid_10000_worlds,bic,mass_affine_descriptor,mass_saturating_descriptor,94
full_grid_10000_worlds,bic,mass_affine_descriptor,mass_interaction,14
full_grid_10000_worlds,bic,mass_affine_descriptor,mass_exponential_descriptor,423
full_grid_10000_worlds,bic,mass_saturating_descriptor,mass_power,64
full_grid_10000_worlds,bic,mass_saturating_descriptor,mass_affine_descriptor,146
full_grid_10000_worlds,bic,mass_saturating_descriptor,mass_saturating_descriptor,1686
full_grid_10000_worlds,bic,mass_saturating_descriptor,mass_interaction,17
full_grid_10000_worlds,bic,mass_saturating_descriptor,mass_exponential_descriptor,87
full_grid_10000_worlds,bic,mass_interaction,mass_power,8
full_grid_10000_worlds,bic,mass_interaction,mass_affine_descriptor,3
full_grid_10000_worlds,bic,mass_interaction,mass_saturating_descriptor,3
full_grid_10000_worlds,bic,mass_interaction,mass_interaction,1971
full_grid_10000_worlds,bic,mass_interaction,mass_exponential_descriptor,15
full_grid_10000_worlds,bic,mass_exponential_descriptor,mass_power,112
full_grid_10000_worlds,bic,mass_exponential_descriptor,mass_affine_descriptor,335
full_grid_10000_worlds,bic,mass_exponential_descriptor,mass_saturating_descriptor,152
full_grid_10000_worlds,bic,mass_exponential_descriptor,mass_interaction,64
full_grid_10000_worlds,bic,mass_exponential_descriptor,mass_exponential_descriptor,1337
full_grid_10000_worlds,val_r2,mass_power,mass_power,630
full_grid_10000_worlds,val_r2,mass_power,mass_affine_descriptor,180
full_grid_10000_worlds,val_r2,mass_power,mass_saturating_descriptor,360
full_grid_10000_worlds,val_r2,mass_power,mass_interaction,630
full_grid_10000_worlds,val_r2,mass_power,mass_exponential_descriptor,200
full_grid_10000_worlds,val_r2,mass_affine_descriptor,mass_power,33
full_grid_10000_worlds,val_r2,mass_affine_descriptor,mass_affine_descriptor,1213
full_grid_10000_worlds,val_r2,mass_affine_descriptor,mass_saturating_descriptor,296
full_grid_10000_worlds,val_r2,mass_affine_descriptor,mass_interaction,61
full_grid_10000_worlds,val_r2,mass_affine_descriptor,mass_exponential_descriptor,397
full_grid_10000_worlds,val_r2,mass_saturating_descriptor,mass_power,82
full_grid_10000_worlds,val_r2,mass_saturating_descriptor,mass_affine_descriptor,192
full_grid_10000_worlds,val_r2,mass_saturating_descriptor,mass_saturating_descriptor,1482
full_grid_10000_worlds,val_r2,mass_saturating_descriptor,mass_interaction,120
full_grid_10000_worlds,val_r2,mass_saturating_descriptor,mass_exponential_descriptor,124
full_grid_10000_worlds,val_r2,mass_interaction,mass_power,30
full_grid_10000_worlds,val_r2,mass_interaction,mass_affine_descriptor,26
full_grid_10000_worlds,val_r2,mass_interaction,mass_saturating_descriptor,31
full_grid_10000_worlds,val_r2,mass_interaction,mass_interaction,1865
full_grid_10000_worlds,val_r2,mass_interaction,mass_exponential_descriptor,48
full_grid_10000_worlds,val_r2,mass_exponential_descriptor,mass_power,114
full_grid_10000_worlds,val_r2,mass_exponential_descriptor,mass_affine_descriptor,276
full_grid_10000_worlds,val_r2,mass_exponential_descriptor,mass_saturating_descriptor,301
full_grid_10000_worlds,val_r2,mass_exponential_descriptor,mass_interaction,187
full_grid_10000_worlds,val_r2,mass_exponential_descriptor,mass_exponential_descriptor,1122
frozen_operating_point_c25_40_55_noise02_grid6_750_worlds,bic,mass_power,mass_power,132
frozen_operating_point_c25_40_55_noise02_grid6_750_worlds,bic,mass_power,mass_affine_descriptor,0
frozen_operating_point_c25_40_55_noise02_grid6_750_worlds,bic,mass_power,mass_saturating_descriptor,0
frozen_operating_point_c25_40_55_noise02_grid6_750_worlds,bic,mass_power,mass_interaction,15
frozen_operating_point_c25_40_55_noise02_grid6_750_worlds,bic,mass_power,mass_exponential_descriptor,3
frozen_operating_point_c25_40_55_noise02_grid6_750_worlds,bic,mass_affine_descriptor,mass_power,0
frozen_operating_point_c25_40_55_noise02_grid6_750_worlds,bic,mass_affine_descriptor,mass_affine_descriptor,83
frozen_operating_point_c25_40_55_noise02_grid6_750_worlds,bic,mass_affine_descriptor,mass_saturating_descriptor,7
frozen_operating_point_c25_40_55_noise02_grid6_750_worlds,bic,mass_affine_descriptor,mass_interaction,0
frozen_operating_point_c25_40_55_noise02_grid6_750_worlds,bic,mass_affine_descriptor,mass_exponential_descriptor,60
frozen_operating_point_c25_40_55_noise02_grid6_750_worlds,bic,mass_saturating_descriptor,mass_power,0
frozen_operating_point_c25_40_55_noise02_grid6_750_worlds,bic,mass_saturating_descriptor,mass_affine_descriptor,20
frozen_operating_point_c25_40_55_noise02_grid6_750_worlds,bic,mass_saturating_descriptor,mass_saturating_descriptor,123
frozen_operating_point_c25_40_55_noise02_grid6_750_worlds,bic,mass_saturating_descriptor,mass_interaction,1
frozen_operating_point_c25_40_55_noise02_grid6_750_worlds,bic,mass_saturating_descriptor,mass_exponential_descriptor,6
frozen_operating_point_c25_40_55_noise02_grid6_750_worlds,bic,mass_interaction,mass_power,0
frozen_operating_point_c25_40_55_noise02_grid6_750_worlds,bic,mass_interaction,mass_affine_descriptor,0
frozen_operating_point_c25_40_55_noise02_grid6_750_worlds,bic,mass_interaction,mass_saturating_descriptor,0
frozen_operating_point_c25_40_55_noise02_grid6_750_worlds,bic,mass_interaction,mass_interaction,150
frozen_operating_point_c25_40_55_noise02_grid6_750_worlds,bic,mass_interaction,mass_exponential_descriptor,0
frozen_operating_point_c25_40_55_noise02_grid6_750_worlds,bic,mass_exponential_descriptor,mass_power,2
frozen_operating_point_c25_40_55_noise02_grid6_750_worlds,bic,mass_exponential_descriptor,mass_affine_descriptor,38
frozen_operating_point_c25_40_55_noise02_grid6_750_worlds,bic,mass_exponential_descriptor,mass_saturating_descriptor,23
frozen_operating_point_c25_40_55_noise02_grid6_750_worlds,bic,mass_exponential_descriptor,mass_interaction,8
frozen_operating_point_c25_40_55_noise02_grid6_750_worlds,bic,mass_exponential_descriptor,mass_exponential_descriptor,79
frozen_operating_point_c25_40_55_noise02_grid6_750_worlds,val_r2,mass_power,mass_power,39
frozen_operating_point_c25_40_55_noise02_grid6_750_worlds,val_r2,mass_power,mass_affine_descriptor,12
frozen_operating_point_c25_40_55_noise02_grid6_750_worlds,val_r2,mass_power,mass_saturating_descriptor,24
frozen_operating_point_c25_40_55_noise02_grid6_750_worlds,val_r2,mass_power,mass_interaction,54
frozen_operating_point_c25_40_55_noise02_grid6_750_worlds,val_r2,mass_power,mass_exponential_descriptor,21
frozen_operating_point_c25_40_55_noise02_grid6_750_worlds,val_r2,mass_affine_descriptor,mass_power,0
frozen_operating_point_c25_40_55_noise02_grid6_750_worlds,val_r2,mass_affine_descriptor,mass_affine_descriptor,70
frozen_operating_point_c25_40_55_noise02_grid6_750_worlds,val_r2,mass_affine_descriptor,mass_saturating_descriptor,28
frozen_operating_point_c25_40_55_noise02_grid6_750_worlds,val_r2,mass_affine_descriptor,mass_interaction,3
frozen_operating_point_c25_40_55_noise02_grid6_750_worlds,val_r2,mass_affine_descriptor,mass_exponential_descriptor,49
frozen_operating_point_c25_40_55_noise02_grid6_750_worlds,val_r2,mass_saturating_descriptor,mass_power,1
frozen_operating_point_c25_40_55_noise02_grid6_750_worlds,val_r2,mass_saturating_descriptor,mass_affine_descriptor,31
frozen_operating_point_c25_40_55_noise02_grid6_750_worlds,val_r2,mass_saturating_descriptor,mass_saturating_descriptor,95
frozen_operating_point_c25_40_55_noise02_grid6_750_worlds,val_r2,mass_saturating_descriptor,mass_interaction,9
frozen_operating_point_c25_40_55_noise02_grid6_750_worlds,val_r2,mass_saturating_descriptor,mass_exponential_descriptor,14
frozen_operating_point_c25_40_55_noise02_grid6_750_worlds,val_r2,mass_interaction,mass_power,1
frozen_operating_point_c25_40_55_noise02_grid6_750_worlds,val_r2,mass_interaction,mass_affine_descriptor,1
frozen_operating_point_c25_40_55_noise02_grid6_750_worlds,val_r2,mass_interaction,mass_saturating_descriptor,0
frozen_operating_point_c25_40_55_noise02_grid6_750_worlds,val_r2,mass_interaction,mass_interaction,143
frozen_operating_point_c25_40_55_noise02_grid6_750_worlds,val_r2,mass_interaction,mass_exponential_descriptor,5
frozen_operating_point_c25_40_55_noise02_grid6_750_worlds,val_r2,mass_exponential_descriptor,mass_power,6
frozen_operating_point_c25_40_55_noise02_grid6_750_worlds,val_r2,mass_exponential_descriptor,mass_affine_descriptor,27
frozen_operating_point_c25_40_55_noise02_grid6_750_worlds,val_r2,mass_exponential_descriptor,mass_saturating_descriptor,46
frozen_operating_point_c25_40_55_noise02_grid6_750_worlds,val_r2,mass_exponential_descriptor,mass_interaction,19
frozen_operating_point_c25_40_55_noise02_grid6_750_worlds,val_r2,mass_exponential_descriptor,mass_exponential_descriptor,52
